metric_name,timestamp,metric_value,check,error,error_code,expected_response,group,method,name,proto,scenario,service,status,subproto,tls_version,url,extra_tags,metadata
http_reqs,1787519865,1.000000,,,,true,,POST,Auth_Login,HTTP/2.0,warmup,,200,,tls1.3,Auth_Login,,
http_req_duration,1787519865,323.108366,,,,true,,POST,Auth_Login,HTTP/2.0,warmup,,200,,tls1.3,Auth_Login,,
http_req_blocked,1787519865,559.139402,,,,true,,POST,Auth_Login,HTTP/2.0,warmup,,200,,tls1.3,Auth_Login,,
http_req_connecting,1787519865,187.650999,,,,true,,POST,Auth_Login,HTTP/2.0,warmup,,200,,tls1.3,Auth_Login,,
http_req_tls_handshaking,1787519865,191.692909,,,,true,,POST,Auth_Login,HTTP/2.0,warmup,,200,,tls1.3,Auth_Login,,
http_req_sending,1787519865,0.104470,,,,true,,POST,Auth_Login,HTTP/2.0,warmup,,200,,tls1.3,Auth_Login,,
http_req_waiting,1787519865,322.749339,,,,true,,POST,Auth_Login,HTTP/2.0,warmup,,200,,tls1.3,Auth_Login,,
http_req_receiving,1787519865,0.254557,,,,true,,POST,Auth_Login,HTTP/2.0,warmup,,200,,tls1.3,Auth_Login,,
http_req_failed,1787519865,0.000000,,,,true,,POST,Auth_Login,HTTP/2.0,warmup,,200,,tls1.3,Auth_Login,,
vus,1787519865,1.000000,,,,,,,,,,,,,,,,
vus_max,1787519865,2.000000,,,,,,,,,,,,,,,,
vus,1787519866,1.000000,,,,,,,,,,,,,,,,
vus_max,1787519866,2.000000,,,,,,,,,,,,,,,,
vus,1787519867,1.000000,,,,,,,,,,,,,,,,
vus_max,1787519867,2.000000,,,,,,,,,,,,,,,,
http_reqs,1787519868,1.000000,,,,true,,POST,PGR_Create,HTTP/2.0,warmup,,200,,tls1.3,PGR_Create,,
http_req_duration,1787519868,452.790549,,,,true,,POST,PGR_Create,HTTP/2.0,warmup,,200,,tls1.3,PGR_Create,,
http_req_blocked,1787519868,0.000261,,,,true,,POST,PGR_Create,HTTP/2.0,warmup,,200,,tls1.3,PGR_Create,,
http_req_connecting,1787519868,0.000000,,,,true,,POST,PGR_Create,HTTP/2.0,warmup,,200,,tls1.3,PGR_Create,,
http_req_tls_handshaking,1787519868,0.000000,,,,true,,POST,PGR_Create,HTTP/2.0,warmup,,200,,tls1.3,PGR_Create,,
http_req_sending,1787519868,0.100161,,,,true,,POST,PGR_Create,HTTP/2.0,warmup,,200,,tls1.3,PGR_Create,,
http_req_waiting,1787519868,452.589204,,,,true,,POST,PGR_Create,HTTP/2.0,warmup,,200,,tls1.3,PGR_Create,,
http_req_receiving,1787519868,0.101184,,,,true,,POST,PGR_Create,HTTP/2.0,warmup,,200,,tls1.3,PGR_Create,,
http_req_failed,1787519868,0.000000,,,,true,,POST,PGR_Create,HTTP/2.0,warmup,,200,,tls1.3,PGR_Create,,
vus,1787519868,1.000000,,,,,,,,,,,,,,,,
vus_max,1787519868,2.000000,,,,,,,,,,,,,,,,
vus,1787519869,1.000000,,,,,,,,,,,,,,,,
vus_max,1787519869,2.000000,,,,,,,,,,,,,,,,
vus,1787519870,1.000000,,,,,,,,,,,,,,,,
vus_max,1787519870,2.000000,,,,,,,,,,,,,,,,
http_reqs,1787519870,1.000000,,,,true,,POST,PGR_Assign,HTTP/2.0,warmup,,200,,tls1.3,PGR_Assign,,
http_req_duration,1787519870,371.749882,,,,true,,POST,PGR_Assign,HTTP/2.0,warmup,,200,,tls1.3,PGR_Assign,,
http_req_blocked,1787519870,0.000321,,,,true,,POST,PGR_Assign,HTTP/2.0,warmup,,200,,tls1.3,PGR_Assign,,
http_req_connecting,1787519870,0.000000,,,,true,,POST,PGR_Assign,HTTP/2.0,warmup,,200,,tls1.3,PGR_Assign,,
http_req_tls_handshaking,1787519870,0.000000,,,,true,,POST,PGR_Assign,HTTP/2.0,warmup,,200,,tls1.3,PGR_Assign,,
http_req_sending,1787519870,0.106413,,,,true,,POST,PGR_Assign,HTTP/2.0,warmup,,200,,tls1.3,PGR_Assign,,
http_req_waiting,1787519870,371.541734,,,,true,,POST,PGR_Assign,HTTP/2.0,warmup,,200,,tls1.3,PGR_Assign,,
http_req_receiving,1787519870,0.101735,,,,true,,POST,PGR_Assign,HTTP/2.0,warmup,,200,,tls1.3,PGR_Assign,,
http_req_failed,1787519870,0.000000,,,,true,,POST,PGR_Assign,HTTP/2.0,warmup,,200,,tls1.3,PGR_Assign,,
vus,1787519871,1.000000,,,,,,,,,,,,,,,,
vus_max,1787519871,2.000000,,,,,,,,,,,,,,,,
vus,1787519872,1.000000,,,,,,,,,,,,,,,,
vus_max,1787519872,2.000000,,,,,,,,,,,,,,,,
http_reqs,1787519872,1.000000,,,,true,,POST,PGR_Resolve,HTTP/2.0,warmup,,200,,tls1.3,PGR_Resolve,,
http_req_duration,1787519872,357.345468,,,,true,,POST,PGR_Resolve,HTTP/2.0,warmup,,200,,tls1.3,PGR_Resolve,,
http_req_blocked,1787519872,0.000361,,,,true,,POST,PGR_Resolve,HTTP/2.0,warmup,,200,,tls1.3,PGR_Resolve,,
http_req_connecting,1787519872,0.000000,,,,true,,POST,PGR_Resolve,HTTP/2.0,warmup,,200,,tls1.3,PGR_Resolve,,
http_req_tls_handshaking,1787519872,0.000000,,,,true,,POST,PGR_Resolve,HTTP/2.0,warmup,,200,,tls1.3,PGR_Resolve,,
http_req_sending,1787519872,0.097727,,,,true,,POST,PGR_Resolve,HTTP/2.0,warmup,,200,,tls1.3,PGR_Resolve,,
http_req_waiting,1787519872,357.131738,,,,true,,POST,PGR_Resolve,HTTP/2.0,warmup,,200,,tls1.3,PGR_Resolve,,
http_req_receiving,1787519872,0.116003,,,,true,,POST,PGR_Resolve,HTTP/2.0,warmup,,200,,tls1.3,PGR_Resolve,,
http_req_failed,1787519872,0.000000,,,,true,,POST,PGR_Resolve,HTTP/2.0,warmup,,200,,tls1.3,PGR_Resolve,,
vus,1787519873,1.000000,,,,,,,,,,,,,,,,
vus_max,1787519873,2.000000,,,,,,,,,,,,,,,,
vus,1787519874,1.000000,,,,,,,,,,,,,,,,
vus_max,1787519874,2.000000,,,,,,,,,,,,,,,,
vus,1787519875,1.000000,,,,,,,,,,,,,,,,
vus_max,1787519875,2.000000,,,,,,,,,,,,,,,,
http_reqs,1787519875,1.000000,,,,true,,POST,PGR_Search,HTTP/2.0,warmup,,200,,tls1.3,PGR_Search,,
http_req_duration,1787519875,349.390847,,,,true,,POST,PGR_Search,HTTP/2.0,warmup,,200,,tls1.3,PGR_Search,,
http_req_blocked,1787519875,0.000280,,,,true,,POST,PGR_Search,HTTP/2.0,warmup,,200,,tls1.3,PGR_Search,,
http_req_connecting,1787519875,0.000000,,,,true,,POST,PGR_Search,HTTP/2.0,warmup,,200,,tls1.3,PGR_Search,,
http_req_tls_handshaking,1787519875,0.000000,,,,true,,POST,PGR_Search,HTTP/2.0,warmup,,200,,tls1.3,PGR_Search,,
http_req_sending,1787519875,0.096786,,,,true,,POST,PGR_Search,HTTP/2.0,warmup,,200,,tls1.3,PGR_Search,,
http_req_waiting,1787519875,349.251850,,,,true,,POST,PGR_Search,HTTP/2.0,warmup,,200,,tls1.3,PGR_Search,,
http_req_receiving,1787519875,0.042211,,,,true,,POST,PGR_Search,HTTP/2.0,warmup,,200,,tls1.3,PGR_Search,,
http_req_failed,1787519875,0.000000,,,,true,,POST,PGR_Search,HTTP/2.0,warmup,,200,,tls1.3,PGR_Search,,
transaction_duration,1787519875,11709.000000,,,,,,,,,warmup,,,,,,,
transaction_success,1787519875,1.000000,,,,,,,,,warmup,,,,,,,
data_sent,1787519875,15272.000000,,,,,,,,,warmup,,,,,,,
data_received,1787519875,24196.000000,,,,,,,,,warmup,,,,,,,
iteration_duration,1787519875,11708.548251,,,,,,,,,warmup,,,,,,,
iterations,1787519875,1.000000,,,,,,,,,warmup,,,,,,,
vus,1787519876,1.000000,,,,,,,,,,,,,,,,
vus_max,1787519876,2.000000,,,,,,,,,,,,,,,,
vus,1787519877,1.000000,,,,,,,,,,,,,,,,
vus_max,1787519877,2.000000,,,,,,,,,,,,,,,,
http_reqs,1787519877,1.000000,,,,true,,POST,PGR_Create,HTTP/2.0,warmup,,200,,tls1.3,PGR_Create,,
http_req_duration,1787519877,448.138738,,,,true,,POST,PGR_Create,HTTP/2.0,warmup,,200,,tls1.3,PGR_Create,,
http_req_blocked,1787519877,0.000381,,,,true,,POST,PGR_Create,HTTP/2.0,warmup,,200,,tls1.3,PGR_Create,,
http_req_connecting,1787519877,0.000000,,,,true,,POST,PGR_Create,HTTP/2.0,warmup,,200,,tls1.3,PGR_Create,,
http_req_tls_handshaking,1787519877,0.000000,,,,true,,POST,PGR_Create,HTTP/2.0,warmup,,200,,tls1.3,PGR_Create,,
http_req_sending,1787519877,0.060846,,,,true,,POST,PGR_Create,HTTP/2.0,warmup,,200,,tls1.3,PGR_Create,,
http_req_waiting,1787519877,447.937303,,,,true,,POST,PGR_Create,HTTP/2.0,warmup,,200,,tls1.3,PGR_Create,,
http_req_receiving,1787519877,0.140589,,,,true,,POST,PGR_Create,HTTP/2.0,warmup,,200,,tls1.3,PGR_Create,,
http_req_failed,1787519877,0.000000,,,,true,,POST,PGR_Create,HTTP/2.0,warmup,,200,,tls1.3,PGR_Create,,
vus,1787519878,1.000000,,,,,,,,,,,,,,,,
vus_max,1787519878,2.000000,,,,,,,,,,,,,,,,
vus,1787519879,1.000000,,,,,,,,,,,,,,,,
vus_max,1787519879,2.000000,,,,,,,,,,,,,,,,
vus,1787519880,1.000000,,,,,,,,,,,,,,,,
vus_max,1787519880,2.000000,,,,,,,,,,,,,,,,
http_reqs,1787519880,1.000000,,,,true,,POST,PGR_Assign,HTTP/2.0,warmup,,200,,tls1.3,PGR_Assign,,
http_req_duration,1787519880,354.523699,,,,true,,POST,PGR_Assign,HTTP/2.0,warmup,,200,,tls1.3,PGR_Assign,,
http_req_blocked,1787519880,0.000320,,,,true,,POST,PGR_Assign,HTTP/2.0,warmup,,200,,tls1.3,PGR_Assign,,
http_req_connecting,1787519880,0.000000,,,,true,,POST,PGR_Assign,HTTP/2.0,warmup,,200,,tls1.3,PGR_Assign,,
http_req_tls_handshaking,1787519880,0.000000,,,,true,,POST,PGR_Assign,HTTP/2.0,warmup,,200,,tls1.3,PGR_Assign,,
http_req_sending,1787519880,0.109810,,,,true,,POST,PGR_Assign,HTTP/2.0,warmup,,200,,tls1.3,PGR_Assign,,
http_req_waiting,1787519880,354.289902,,,,true,,POST,PGR_Assign,HTTP/2.0,warmup,,200,,tls1.3,PGR_Assign,,
http_req_receiving,1787519880,0.123987,,,,true,,POST,PGR_Assign,HTTP/2.0,warmup,,200,,tls1.3,PGR_Assign,,
http_req_failed,1787519880,0.000000,,,,true,,POST,PGR_Assign,HTTP/2.0,warmup,,200,,tls1.3,PGR_Assign,,
vus,1787519881,1.000000,,,,,,,,,,,,,,,,
vus_max,1787519881,2.000000,,,,,,,,,,,,,,,,
vus,1787519882,1.000000,,,,,,,,,,,,,,,,
vus_max,1787519882,2.000000,,,,,,,,,,,,,,,,
vus,1787519883,1.000000,,,,,,,,,,,,,,,,
vus_max,1787519883,2.000000,,,,,,,,,,,,,,,,
http_reqs,1787519883,1.000000,,,,true,,POST,PGR_Resolve,HTTP/2.0,warmup,,200,,tls1.3,PGR_Resolve,,
http_req_duration,1787519883,376.622230,,,,true,,POST,PGR_Resolve,HTTP/2.0,warmup,,200,,tls1.3,PGR_Resolve,,
http_req_blocked,1787519883,0.000350,,,,true,,POST,PGR_Resolve,HTTP/2.0,warmup,,200,,tls1.3,PGR_Resolve,,
http_req_connecting,1787519883,0.000000,,,,true,,POST,PGR_Resolve,HTTP/2.0,warmup,,200,,tls1.3,PGR_Resolve,,
http_req_tls_handshaking,1787519883,0.000000,,,,true,,POST,PGR_Resolve,HTTP/2.0,warmup,,200,,tls1.3,PGR_Resolve,,
http_req_sending,1787519883,0.109720,,,,true,,POST,PGR_Resolve,HTTP/2.0,warmup,,200,,tls1.3,PGR_Resolve,,
http_req_waiting,1787519883,376.370769,,,,true,,POST,PGR_Resolve,HTTP/2.0,warmup,,200,,tls1.3,PGR_Resolve,,
http_req_receiving,1787519883,0.141741,,,,true,,POST,PGR_Resolve,HTTP/2.0,warmup,,200,,tls1.3,PGR_Resolve,,
http_req_failed,1787519883,0.000000,,,,true,,POST,PGR_Resolve,HTTP/2.0,warmup,,200,,tls1.3,PGR_Resolve,,
vus,1787519884,1.000000,,,,,,,,,,,,,,,,
vus_max,1787519884,2.000000,,,,,,,,,,,,,,,,
vus,1787519885,1.000000,,,,,,,,,,,,,,,,
vus_max,1787519885,2.000000,,,,,,,,,,,,,,,,
http_reqs,1787519885,1.000000,,,,true,,POST,PGR_Search,HTTP/2.0,warmup,,200,,tls1.3,PGR_Search,,
http_req_duration,1787519885,326.191105,,,,true,,POST,PGR_Search,HTTP/2.0,warmup,,200,,tls1.3,PGR_Search,,
http_req_blocked,1787519885,0.000310,,,,true,,POST,PGR_Search,HTTP/2.0,warmup,,200,,tls1.3,PGR_Search,,
http_req_connecting,1787519885,0.000000,,,,true,,POST,PGR_Search,HTTP/2.0,warmup,,200,,tls1.3,PGR_Search,,
http_req_tls_handshaking,1787519885,0.000000,,,,true,,POST,PGR_Search,HTTP/2.0,warmup,,200,,tls1.3,PGR_Search,,
http_req_sending,1787519885,0.110051,,,,true,,POST,PGR_Search,HTTP/2.0,warmup,,200,,tls1.3,PGR_Search,,
http_req_waiting,1787519885,326.011941,,,,true,,POST,PGR_Search,HTTP/2.0,warmup,,200,,tls1.3,PGR_Search,,
http_req_receiving,1787519885,0.069113,,,,true,,POST,PGR_Search,HTTP/2.0,warmup,,200,,tls1.3,PGR_Search,,
http_req_failed,1787519885,0.000000,,,,true,,POST,PGR_Search,HTTP/2.0,warmup,,200,,tls1.3,PGR_Search,,
transaction_duration,1787519885,9594.000000,,,,,,,,,warmup,,,,,,,
transaction_success,1787519885,1.000000,,,,,,,,,warmup,,,,,,,
data_sent,1787519885,14485.000000,,,,,,,,,warmup,,,,,,,
data_received,1787519885,18843.000000,,,,,,,,,warmup,,,,,,,
iteration_duration,1787519885,9594.372618,,,,,,,,,warmup,,,,,,,
iterations,1787519885,1.000000,,,,,,,,,warmup,,,,,,,
vus,1787519886,1.000000,,,,,,,,,,,,,,,,
vus_max,1787519886,2.000000,,,,,,,,,,,,,,,,
vus,1787519887,1.000000,,,,,,,,,,,,,,,,
vus_max,1787519887,2.000000,,,,,,,,,,,,,,,,
http_reqs,1787519888,1.000000,,,,true,,POST,PGR_Create,HTTP/2.0,warmup,,200,,tls1.3,PGR_Create,,
http_req_duration,1787519888,400.101246,,,,true,,POST,PGR_Create,HTTP/2.0,warmup,,200,,tls1.3,PGR_Create,,
http_req_blocked,1787519888,0.000240,,,,true,,POST,PGR_Create,HTTP/2.0,warmup,,200,,tls1.3,PGR_Create,,
http_req_connecting,1787519888,0.000000,,,,true,,POST,PGR_Create,HTTP/2.0,warmup,,200,,tls1.3,PGR_Create,,
http_req_tls_handshaking,1787519888,0.000000,,,,true,,POST,PGR_Create,HTTP/2.0,warmup,,200,,tls1.3,PGR_Create,,
http_req_sending,1787519888,0.091365,,,,true,,POST,PGR_Create,HTTP/2.0,warmup,,200,,tls1.3,PGR_Create,,
http_req_waiting,1787519888,399.925941,,,,true,,POST,PGR_Create,HTTP/2.0,warmup,,200,,tls1.3,PGR_Create,,
http_req_receiving,1787519888,0.083940,,,,true,,POST,PGR_Create,HTTP/2.0,warmup,,200,,tls1.3,PGR_Create,,
http_req_failed,1787519888,0.000000,,,,true,,POST,PGR_Create,HTTP/2.0,warmup,,200,,tls1.3,PGR_Create,,
vus,1787519888,1.000000,,,,,,,,,,,,,,,,
vus_max,1787519888,2.000000,,,,,,,,,,,,,,,,
vus,1787519889,1.000000,,,,,,,,,,,,,,,,
vus_max,1787519889,2.000000,,,,,,,,,,,,,,,,
vus,1787519890,1.000000,,,,,,,,,,,,,,,,
vus_max,1787519890,2.000000,,,,,,,,,,,,,,,,
http_reqs,1787519890,1.000000,,,,true,,POST,PGR_Assign,HTTP/2.0,warmup,,200,,tls1.3,PGR_Assign,,
http_req_duration,1787519890,586.824707,,,,true,,POST,PGR_Assign,HTTP/2.0,warmup,,200,,tls1.3,PGR_Assign,,
http_req_blocked,1787519890,0.000270,,,,true,,POST,PGR_Assign,HTTP/2.0,warmup,,200,,tls1.3,PGR_Assign,,
http_req_connecting,1787519890,0.000000,,,,true,,POST,PGR_Assign,HTTP/2.0,warmup,,200,,tls1.3,PGR_Assign,,
http_req_tls_handshaking,1787519890,0.000000,,,,true,,POST,PGR_Assign,HTTP/2.0,warmup,,200,,tls1.3,PGR_Assign,,
http_req_sending,1787519890,0.094832,,,,true,,POST,PGR_Assign,HTTP/2.0,warmup,,200,,tls1.3,PGR_Assign,,
http_req_waiting,1787519890,586.650273,,,,true,,POST,PGR_Assign,HTTP/2.0,warmup,,200,,tls1.3,PGR_Assign,,
http_req_receiving,1787519890,0.079602,,,,true,,POST,PGR_Assign,HTTP/2.0,warmup,,200,,tls1.3,PGR_Assign,,
http_req_failed,1787519890,0.000000,,,,true,,POST,PGR_Assign,HTTP/2.0,warmup,,200,,tls1.3,PGR_Assign,,
vus,1787519891,1.000000,,,,,,,,,,,,,,,,
vus_max,1787519891,2.000000,,,,,,,,,,,,,,,,
vus,1787519892,1.000000,,,,,,,,,,,,,,,,
vus_max,1787519892,2.000000,,,,,,,,,,,,,,,,
http_reqs,1787519892,1.000000,,,,true,,POST,PGR_Resolve,HTTP/2.0,warmup,,200,,tls1.3,PGR_Resolve,,
http_req_duration,1787519892,376.494604,,,,true,,POST,PGR_Resolve,HTTP/2.0,warmup,,200,,tls1.3,PGR_Resolve,,
http_req_blocked,1787519892,0.000270,,,,true,,POST,PGR_Resolve,HTTP/2.0,warmup,,200,,tls1.3,PGR_Resolve,,
http_req_connecting,1787519892,0.000000,,,,true,,POST,PGR_Resolve,HTTP/2.0,warmup,,200,,tls1.3,PGR_Resolve,,
http_req_tls_handshaking,1787519892,0.000000,,,,true,,POST,PGR_Resolve,HTTP/2.0,warmup,,200,,tls1.3,PGR_Resolve,,
http_req_sending,1787519892,0.103909,,,,true,,POST,PGR_Resolve,HTTP/2.0,warmup,,200,,tls1.3,PGR_Resolve,,
http_req_waiting,1787519892,376.302446,,,,true,,POST,PGR_Resolve,HTTP/2.0,warmup,,200,,tls1.3,PGR_Resolve,,
http_req_receiving,1787519892,0.088249,,,,true,,POST,PGR_Resolve,HTTP/2.0,warmup,,200,,tls1.3,PGR_Resolve,,
http_req_failed,1787519892,0.000000,,,,true,,POST,PGR_Resolve,HTTP/2.0,warmup,,200,,tls1.3,PGR_Resolve,,
vus,1787519893,1.000000,,,,,,,,,,,,,,,,
vus_max,1787519893,2.000000,,,,,,,,,,,,,,,,
vus,1787519894,1.000000,,,,,,,,,,,,,,,,
vus_max,1787519894,2.000000,,,,,,,,,,,,,,,,
http_reqs,1787519895,1.000000,,,,true,,POST,PGR_Search,HTTP/2.0,warmup,,200,,tls1.3,PGR_Search,,
http_req_duration,1787519895,340.494685,,,,true,,POST,PGR_Search,HTTP/2.0,warmup,,200,,tls1.3,PGR_Search,,
http_req_blocked,1787519895,0.000461,,,,true,,POST,PGR_Search,HTTP/2.0,warmup,,200,,tls1.3,PGR_Search,,
http_req_connecting,1787519895,0.000000,,,,true,,POST,PGR_Search,HTTP/2.0,warmup,,200,,tls1.3,PGR_Search,,
http_req_tls_handshaking,1787519895,0.000000,,,,true,,POST,PGR_Search,HTTP/2.0,warmup,,200,,tls1.3,PGR_Search,,
http_req_sending,1787519895,0.090614,,,,true,,POST,PGR_Search,HTTP/2.0,warmup,,200,,tls1.3,PGR_Search,,
http_req_waiting,1787519895,340.355057,,,,true,,POST,PGR_Search,HTTP/2.0,warmup,,200,,tls1.3,PGR_Search,,
http_req_receiving,1787519895,0.049014,,,,true,,POST,PGR_Search,HTTP/2.0,warmup,,200,,tls1.3,PGR_Search,,
http_req_failed,1787519895,0.000000,,,,true,,POST,PGR_Search,HTTP/2.0,warmup,,200,,tls1.3,PGR_Search,,
transaction_duration,1787519895,9654.000000,,,,,,,,,warmup,,,,,,,
transaction_success,1787519895,1.000000,,,,,,,,,warmup,,,,,,,
data_sent,1787519895,14505.000000,,,,,,,,,warmup,,,,,,,
data_received,1787519895,18888.000000,,,,,,,,,warmup,,,,,,,
iteration_duration,1787519895,9653.636199,,,,,,,,,warmup,,,,,,,
iterations,1787519895,1.000000,,,,,,,,,warmup,,,,,,,
vus,1787519895,1.000000,,,,,,,,,,,,,,,,
vus_max,1787519895,2.000000,,,,,,,,,,,,,,,,
vus,1787519896,1.000000,,,,,,,,,,,,,,,,
vus_max,1787519896,2.000000,,,,,,,,,,,,,,,,
http_reqs,1787519896,1.000000,,,,true,,POST,PGR_Create,HTTP/2.0,warmup,,200,,tls1.3,PGR_Create,,
http_req_duration,1787519896,386.028486,,,,true,,POST,PGR_Create,HTTP/2.0,warmup,,200,,tls1.3,PGR_Create,,
http_req_blocked,1787519896,0.000460,,,,true,,POST,PGR_Create,HTTP/2.0,warmup,,200,,tls1.3,PGR_Create,,
http_req_connecting,1787519896,0.000000,,,,true,,POST,PGR_Create,HTTP/2.0,warmup,,200,,tls1.3,PGR_Create,,
http_req_tls_handshaking,1787519896,0.000000,,,,true,,POST,PGR_Create,HTTP/2.0,warmup,,200,,tls1.3,PGR_Create,,
http_req_sending,1787519896,0.133296,,,,true,,POST,PGR_Create,HTTP/2.0,warmup,,200,,tls1.3,PGR_Create,,
http_req_waiting,1787519896,385.813002,,,,true,,POST,PGR_Create,HTTP/2.0,warmup,,200,,tls1.3,PGR_Create,,
http_req_receiving,1787519896,0.082188,,,,true,,POST,PGR_Create,HTTP/2.0,warmup,,200,,tls1.3,PGR_Create,,
http_req_failed,1787519896,0.000000,,,,true,,POST,PGR_Create,HTTP/2.0,warmup,,200,,tls1.3,PGR_Create,,
vus,1787519897,1.000000,,,,,,,,,,,,,,,,
vus_max,1787519897,2.000000,,,,,,,,,,,,,,,,
vus,1787519898,1.000000,,,,,,,,,,,,,,,,
vus_max,1787519898,2.000000,,,,,,,,,,,,,,,,
vus,1787519899,1.000000,,,,,,,,,,,,,,,,
vus_max,1787519899,2.000000,,,,,,,,,,,,,,,,
http_reqs,1787519899,1.000000,,,,true,,POST,PGR_Assign,HTTP/2.0,warmup,,200,,tls1.3,PGR_Assign,,
http_req_duration,1787519899,386.684129,,,,true,,POST,PGR_Assign,HTTP/2.0,warmup,,200,,tls1.3,PGR_Assign,,
http_req_blocked,1787519899,0.000461,,,,true,,POST,PGR_Assign,HTTP/2.0,warmup,,200,,tls1.3,PGR_Assign,,
http_req_connecting,1787519899,0.000000,,,,true,,POST,PGR_Assign,HTTP/2.0,warmup,,200,,tls1.3,PGR_Assign,,
http_req_tls_handshaking,1787519899,0.000000,,,,true,,POST,PGR_Assign,HTTP/2.0,warmup,,200,,tls1.3,PGR_Assign,,
http_req_sending,1787519899,0.106173,,,,true,,POST,PGR_Assign,HTTP/2.0,warmup,,200,,tls1.3,PGR_Assign,,
http_req_waiting,1787519899,386.454549,,,,true,,POST,PGR_Assign,HTTP/2.0,warmup,,200,,tls1.3,PGR_Assign,,
http_req_receiving,1787519899,0.123407,,,,true,,POST,PGR_Assign,HTTP/2.0,warmup,,200,,tls1.3,PGR_Assign,,
http_req_failed,1787519899,0.000000,,,,true,,POST,PGR_Assign,HTTP/2.0,warmup,,200,,tls1.3,PGR_Assign,,
vus,1787519900,1.000000,,,,,,,,,,,,,,,,
vus_max,1787519900,2.000000,,,,,,,,,,,,,,,,
vus,1787519901,1.000000,,,,,,,,,,,,,,,,
vus_max,1787519901,2.000000,,,,,,,,,,,,,,,,
http_reqs,1787519901,1.000000,,,,true,,POST,PGR_Resolve,HTTP/2.0,warmup,,200,,tls1.3,PGR_Resolve,,
http_req_duration,1787519901,368.978758,,,,true,,POST,PGR_Resolve,HTTP/2.0,warmup,,200,,tls1.3,PGR_Resolve,,
http_req_blocked,1787519901,0.000641,,,,true,,POST,PGR_Resolve,HTTP/2.0,warmup,,200,,tls1.3,PGR_Resolve,,
http_req_connecting,1787519901,0.000000,,,,true,,POST,PGR_Resolve,HTTP/2.0,warmup,,200,,tls1.3,PGR_Resolve,,
http_req_tls_handshaking,1787519901,0.000000,,,,true,,POST,PGR_Resolve,HTTP/2.0,warmup,,200,,tls1.3,PGR_Resolve,,
http_req_sending,1787519901,0.106594,,,,true,,POST,PGR_Resolve,HTTP/2.0,warmup,,200,,tls1.3,PGR_Resolve,,
http_req_waiting,1787519901,368.761893,,,,true,,POST,PGR_Resolve,HTTP/2.0,warmup,,200,,tls1.3,PGR_Resolve,,
http_req_receiving,1787519901,0.110271,,,,true,,POST,PGR_Resolve,HTTP/2.0,warmup,,200,,tls1.3,PGR_Resolve,,
http_req_failed,1787519901,0.000000,,,,true,,POST,PGR_Resolve,HTTP/2.0,warmup,,200,,tls1.3,PGR_Resolve,,
vus,1787519902,1.000000,,,,,,,,,,,,,,,,
vus_max,1787519902,2.000000,,,,,,,,,,,,,,,,
vus,1787519903,1.000000,,,,,,,,,,,,,,,,
vus_max,1787519903,2.000000,,,,,,,,,,,,,,,,
http_reqs,1787519904,1.000000,,,,true,,POST,PGR_Search,HTTP/2.0,warmup,,200,,tls1.3,PGR_Search,,
http_req_duration,1787519904,325.598271,,,,true,,POST,PGR_Search,HTTP/2.0,warmup,,200,,tls1.3,PGR_Search,,
http_req_blocked,1787519904,0.000581,,,,true,,POST,PGR_Search,HTTP/2.0,warmup,,200,,tls1.3,PGR_Search,,
http_req_connecting,1787519904,0.000000,,,,true,,POST,PGR_Search,HTTP/2.0,warmup,,200,,tls1.3,PGR_Search,,
http_req_tls_handshaking,1787519904,0.000000,,,,true,,POST,PGR_Search,HTTP/2.0,warmup,,200,,tls1.3,PGR_Search,,
http_req_sending,1787519904,0.091575,,,,true,,POST,PGR_Search,HTTP/2.0,warmup,,200,,tls1.3,PGR_Search,,
http_req_waiting,1787519904,325.421844,,,,true,,POST,PGR_Search,HTTP/2.0,warmup,,200,,tls1.3,PGR_Search,,
http_req_receiving,1787519904,0.084852,,,,true,,POST,PGR_Search,HTTP/2.0,warmup,,200,,tls1.3,PGR_Search,,
http_req_failed,1787519904,0.000000,,,,true,,POST,PGR_Search,HTTP/2.0,warmup,,200,,tls1.3,PGR_Search,,
transaction_duration,1787519904,8996.000000,,,,,,,,,warmup,,,,,,,
transaction_success,1787519904,1.000000,,,,,,,,,warmup,,,,,,,
data_sent,1787519904,14346.000000,,,,,,,,,warmup,,,,,,,
data_received,1787519904,18766.000000,,,,,,,,,warmup,,,,,,,
iteration_duration,1787519904,8996.179470,,,,,,,,,warmup,,,,,,,
iterations,1787519904,1.000000,,,,,,,,,warmup,,,,,,,
vus,1787519904,1.000000,,,,,,,,,,,,,,,,
vus_max,1787519904,2.000000,,,,,,,,,,,,,,,,
vus,1787519905,1.000000,,,,,,,,,,,,,,,,
vus_max,1787519905,2.000000,,,,,,,,,,,,,,,,
vus,1787519906,1.000000,,,,,,,,,,,,,,,,
vus_max,1787519906,2.000000,,,,,,,,,,,,,,,,
http_reqs,1787519906,1.000000,,,,true,,POST,PGR_Create,HTTP/2.0,warmup,,200,,tls1.3,PGR_Create,,
http_req_duration,1787519906,394.857983,,,,true,,POST,PGR_Create,HTTP/2.0,warmup,,200,,tls1.3,PGR_Create,,
http_req_blocked,1787519906,0.000271,,,,true,,POST,PGR_Create,HTTP/2.0,warmup,,200,,tls1.3,PGR_Create,,
http_req_connecting,1787519906,0.000000,,,,true,,POST,PGR_Create,HTTP/2.0,warmup,,200,,tls1.3,PGR_Create,,
http_req_tls_handshaking,1787519906,0.000000,,,,true,,POST,PGR_Create,HTTP/2.0,warmup,,200,,tls1.3,PGR_Create,,
http_req_sending,1787519906,0.074883,,,,true,,POST,PGR_Create,HTTP/2.0,warmup,,200,,tls1.3,PGR_Create,,
http_req_waiting,1787519906,393.415753,,,,true,,POST,PGR_Create,HTTP/2.0,warmup,,200,,tls1.3,PGR_Create,,
http_req_receiving,1787519906,1.367347,,,,true,,POST,PGR_Create,HTTP/2.0,warmup,,200,,tls1.3,PGR_Create,,
http_req_failed,1787519906,0.000000,,,,true,,POST,PGR_Create,HTTP/2.0,warmup,,200,,tls1.3,PGR_Create,,
vus,1787519907,1.000000,,,,,,,,,,,,,,,,
vus_max,1787519907,2.000000,,,,,,,,,,,,,,,,
vus,1787519908,1.000000,,,,,,,,,,,,,,,,
vus_max,1787519908,2.000000,,,,,,,,,,,,,,,,
http_reqs,1787519908,1.000000,,,,true,,POST,PGR_Assign,HTTP/2.0,warmup,,200,,tls1.3,PGR_Assign,,
http_req_duration,1787519908,389.202029,,,,true,,POST,PGR_Assign,HTTP/2.0,warmup,,200,,tls1.3,PGR_Assign,,
http_req_blocked,1787519908,0.000410,,,,true,,POST,PGR_Assign,HTTP/2.0,warmup,,200,,tls1.3,PGR_Assign,,
http_req_connecting,1787519908,0.000000,,,,true,,POST,PGR_Assign,HTTP/2.0,warmup,,200,,tls1.3,PGR_Assign,,
http_req_tls_handshaking,1787519908,0.000000,,,,true,,POST,PGR_Assign,HTTP/2.0,warmup,,200,,tls1.3,PGR_Assign,,
http_req_sending,1787519908,0.097427,,,,true,,POST,PGR_Assign,HTTP/2.0,warmup,,200,,tls1.3,PGR_Assign,,
http_req_waiting,1787519908,389.041220,,,,true,,POST,PGR_Assign,HTTP/2.0,warmup,,200,,tls1.3,PGR_Assign,,
http_req_receiving,1787519908,0.063382,,,,true,,POST,PGR_Assign,HTTP/2.0,warmup,,200,,tls1.3,PGR_Assign,,
http_req_failed,1787519908,0.000000,,,,true,,POST,PGR_Assign,HTTP/2.0,warmup,,200,,tls1.3,PGR_Assign,,
vus,1787519909,1.000000,,,,,,,,,,,,,,,,
vus_max,1787519909,2.000000,,,,,,,,,,,,,,,,
vus,1787519910,1.000000,,,,,,,,,,,,,,,,
vus_max,1787519910,2.000000,,,,,,,,,,,,,,,,
vus,1787519911,1.000000,,,,,,,,,,,,,,,,
vus_max,1787519911,2.000000,,,,,,,,,,,,,,,,
http_reqs,1787519911,1.000000,,,,true,,POST,PGR_Resolve,HTTP/2.0,warmup,,200,,tls1.3,PGR_Resolve,,
http_req_duration,1787519911,405.781289,,,,true,,POST,PGR_Resolve,HTTP/2.0,warmup,,200,,tls1.3,PGR_Resolve,,
http_req_blocked,1787519911,0.000421,,,,true,,POST,PGR_Resolve,HTTP/2.0,warmup,,200,,tls1.3,PGR_Resolve,,
http_req_connecting,1787519911,0.000000,,,,true,,POST,PGR_Resolve,HTTP/2.0,warmup,,200,,tls1.3,PGR_Resolve,,
http_req_tls_handshaking,1787519911,0.000000,,,,true,,POST,PGR_Resolve,HTTP/2.0,warmup,,200,,tls1.3,PGR_Resolve,,
http_req_sending,1787519911,0.084562,,,,true,,POST,PGR_Resolve,HTTP/2.0,warmup,,200,,tls1.3,PGR_Resolve,,
http_req_waiting,1787519911,405.595283,,,,true,,POST,PGR_Resolve,HTTP/2.0,warmup,,200,,tls1.3,PGR_Resolve,,
http_req_receiving,1787519911,0.101444,,,,true,,POST,PGR_Resolve,HTTP/2.0,warmup,,200,,tls1.3,PGR_Resolve,,
http_req_failed,1787519911,0.000000,,,,true,,POST,PGR_Resolve,HTTP/2.0,warmup,,200,,tls1.3,PGR_Resolve,,
vus,1787519912,1.000000,,,,,,,,,,,,,,,,
vus_max,1787519912,2.000000,,,,,,,,,,,,,,,,
vus,1787519913,1.000000,,,,,,,,,,,,,,,,
vus_max,1787519913,2.000000,,,,,,,,,,,,,,,,
vus,1787519914,1.000000,,,,,,,,,,,,,,,,
vus_max,1787519914,2.000000,,,,,,,,,,,,,,,,
http_reqs,1787519914,1.000000,,,,true,,POST,PGR_Search,HTTP/2.0,warmup,,200,,tls1.3,PGR_Search,,
http_req_duration,1787519914,328.389705,,,,true,,POST,PGR_Search,HTTP/2.0,warmup,,200,,tls1.3,PGR_Search,,
http_req_blocked,1787519914,0.000411,,,,true,,POST,PGR_Search,HTTP/2.0,warmup,,200,,tls1.3,PGR_Search,,
http_req_connecting,1787519914,0.000000,,,,true,,POST,PGR_Search,HTTP/2.0,warmup,,200,,tls1.3,PGR_Search,,
http_req_tls_handshaking,1787519914,0.000000,,,,true,,POST,PGR_Search,HTTP/2.0,warmup,,200,,tls1.3,PGR_Search,,
http_req_sending,1787519914,0.077167,,,,true,,POST,PGR_Search,HTTP/2.0,warmup,,200,,tls1.3,PGR_Search,,
http_req_waiting,1787519914,328.143555,,,,true,,POST,PGR_Search,HTTP/2.0,warmup,,200,,tls1.3,PGR_Search,,
http_req_receiving,1787519914,0.168983,,,,true,,POST,PGR_Search,HTTP/2.0,warmup,,200,,tls1.3,PGR_Search,,
http_req_failed,1787519914,0.000000,,,,true,,POST,PGR_Search,HTTP/2.0,warmup,,200,,tls1.3,PGR_Search,,
transaction_duration,1787519914,10812.000000,,,,,,,,,warmup,,,,,,,
transaction_success,1787519914,1.000000,,,,,,,,,warmup,,,,,,,
data_sent,1787519914,14470.000000,,,,,,,,,warmup,,,,,,,
data_received,1787519914,18893.000000,,,,,,,,,warmup,,,,,,,
iteration_duration,1787519914,10811.413902,,,,,,,,,warmup,,,,,,,
iterations,1787519914,1.000000,,,,,,,,,warmup,,,,,,,
vus,1787519915,1.000000,,,,,,,,,,,,,,,,
vus_max,1787519915,2.000000,,,,,,,,,,,,,,,,
vus,1787519916,1.000000,,,,,,,,,,,,,,,,
vus_max,1787519916,2.000000,,,,,,,,,,,,,,,,
vus,1787519917,1.000000,,,,,,,,,,,,,,,,
vus_max,1787519917,2.000000,,,,,,,,,,,,,,,,
http_reqs,1787519917,1.000000,,,,true,,POST,PGR_Create,HTTP/2.0,warmup,,200,,tls1.3,PGR_Create,,
http_req_duration,1787519917,419.688693,,,,true,,POST,PGR_Create,HTTP/2.0,warmup,,200,,tls1.3,PGR_Create,,
http_req_blocked,1787519917,0.000501,,,,true,,POST,PGR_Create,HTTP/2.0,warmup,,200,,tls1.3,PGR_Create,,
http_req_connecting,1787519917,0.000000,,,,true,,POST,PGR_Create,HTTP/2.0,warmup,,200,,tls1.3,PGR_Create,,
http_req_tls_handshaking,1787519917,0.000000,,,,true,,POST,PGR_Create,HTTP/2.0,warmup,,200,,tls1.3,PGR_Create,,
http_req_sending,1787519917,0.095363,,,,true,,POST,PGR_Create,HTTP/2.0,warmup,,200,,tls1.3,PGR_Create,,
http_req_waiting,1787519917,419.502026,,,,true,,POST,PGR_Create,HTTP/2.0,warmup,,200,,tls1.3,PGR_Create,,
http_req_receiving,1787519917,0.091304,,,,true,,POST,PGR_Create,HTTP/2.0,warmup,,200,,tls1.3,PGR_Create,,
http_req_failed,1787519917,0.000000,,,,true,,POST,PGR_Create,HTTP/2.0,warmup,,200,,tls1.3,PGR_Create,,
vus,1787519918,1.000000,,,,,,,,,,,,,,,,
vus_max,1787519918,2.000000,,,,,,,,,,,,,,,,
vus,1787519919,1.000000,,,,,,,,,,,,,,,,
vus_max,1787519919,2.000000,,,,,,,,,,,,,,,,
vus,1787519920,1.000000,,,,,,,,,,,,,,,,
vus_max,1787519920,2.000000,,,,,,,,,,,,,,,,
http_reqs,1787519920,1.000000,,,,true,,POST,PGR_Assign,HTTP/2.0,warmup,,200,,tls1.3,PGR_Assign,,
http_req_duration,1787519920,375.657350,,,,true,,POST,PGR_Assign,HTTP/2.0,warmup,,200,,tls1.3,PGR_Assign,,
http_req_blocked,1787519920,0.000401,,,,true,,POST,PGR_Assign,HTTP/2.0,warmup,,200,,tls1.3,PGR_Assign,,
http_req_connecting,1787519920,0.000000,,,,true,,POST,PGR_Assign,HTTP/2.0,warmup,,200,,tls1.3,PGR_Assign,,
http_req_tls_handshaking,1787519920,0.000000,,,,true,,POST,PGR_Assign,HTTP/2.0,warmup,,200,,tls1.3,PGR_Assign,,
http_req_sending,1787519920,0.083760,,,,true,,POST,PGR_Assign,HTTP/2.0,warmup,,200,,tls1.3,PGR_Assign,,
http_req_waiting,1787519920,375.505559,,,,true,,POST,PGR_Assign,HTTP/2.0,warmup,,200,,tls1.3,PGR_Assign,,
http_req_receiving,1787519920,0.068031,,,,true,,POST,PGR_Assign,HTTP/2.0,warmup,,200,,tls1.3,PGR_Assign,,
http_req_failed,1787519920,0.000000,,,,true,,POST,PGR_Assign,HTTP/2.0,warmup,,200,,tls1.3,PGR_Assign,,
vus,1787519921,1.000000,,,,,,,,,,,,,,,,
vus_max,1787519921,2.000000,,,,,,,,,,,,,,,,
vus,1787519922,1.000000,,,,,,,,,,,,,,,,
vus_max,1787519922,2.000000,,,,,,,,,,,,,,,,
vus,1787519923,1.000000,,,,,,,,,,,,,,,,
vus_max,1787519923,2.000000,,,,,,,,,,,,,,,,
http_reqs,1787519923,1.000000,,,,true,,POST,PGR_Resolve,HTTP/2.0,warmup,,200,,tls1.3,PGR_Resolve,,
http_req_duration,1787519923,366.866118,,,,true,,POST,PGR_Resolve,HTTP/2.0,warmup,,200,,tls1.3,PGR_Resolve,,
http_req_blocked,1787519923,0.000381,,,,true,,POST,PGR_Resolve,HTTP/2.0,warmup,,200,,tls1.3,PGR_Resolve,,
http_req_connecting,1787519923,0.000000,,,,true,,POST,PGR_Resolve,HTTP/2.0,warmup,,200,,tls1.3,PGR_Resolve,,
http_req_tls_handshaking,1787519923,0.000000,,,,true,,POST,PGR_Resolve,HTTP/2.0,warmup,,200,,tls1.3,PGR_Resolve,,
http_req_sending,1787519923,0.096745,,,,true,,POST,PGR_Resolve,HTTP/2.0,warmup,,200,,tls1.3,PGR_Resolve,,
http_req_waiting,1787519923,366.692236,,,,true,,POST,PGR_Resolve,HTTP/2.0,warmup,,200,,tls1.3,PGR_Resolve,,
http_req_receiving,1787519923,0.077137,,,,true,,POST,PGR_Resolve,HTTP/2.0,warmup,,200,,tls1.3,PGR_Resolve,,
http_req_failed,1787519923,0.000000,,,,true,,POST,PGR_Resolve,HTTP/2.0,warmup,,200,,tls1.3,PGR_Resolve,,
vus,1787519924,1.000000,,,,,,,,,,,,,,,,
vus_max,1787519924,2.000000,,,,,,,,,,,,,,,,
vus,1787519925,1.000000,,,,,,,,,,,,,,,,
vus_max,1787519925,2.000000,,,,,,,,,,,,,,,,
http_reqs,1787519925,1.000000,,,,true,,POST,PGR_Search,HTTP/2.0,warmup,,200,,tls1.3,PGR_Search,,
http_req_duration,1787519925,326.720731,,,,true,,POST,PGR_Search,HTTP/2.0,warmup,,200,,tls1.3,PGR_Search,,
http_req_blocked,1787519925,0.000381,,,,true,,POST,PGR_Search,HTTP/2.0,warmup,,200,,tls1.3,PGR_Search,,
http_req_connecting,1787519925,0.000000,,,,true,,POST,PGR_Search,HTTP/2.0,warmup,,200,,tls1.3,PGR_Search,,
http_req_tls_handshaking,1787519925,0.000000,,,,true,,POST,PGR_Search,HTTP/2.0,warmup,,200,,tls1.3,PGR_Search,,
http_req_sending,1787519925,0.062750,,,,true,,POST,PGR_Search,HTTP/2.0,warmup,,200,,tls1.3,PGR_Search,,
http_req_waiting,1787519925,325.172459,,,,true,,POST,PGR_Search,HTTP/2.0,warmup,,200,,tls1.3,PGR_Search,,
http_req_receiving,1787519925,1.485522,,,,true,,POST,PGR_Search,HTTP/2.0,warmup,,200,,tls1.3,PGR_Search,,
http_req_failed,1787519925,0.000000,,,,true,,POST,PGR_Search,HTTP/2.0,warmup,,200,,tls1.3,PGR_Search,,
transaction_duration,1787519925,10606.000000,,,,,,,,,warmup,,,,,,,
transaction_success,1787519925,1.000000,,,,,,,,,warmup,,,,,,,
data_sent,1787519925,14350.000000,,,,,,,,,warmup,,,,,,,
data_received,1787519925,18747.000000,,,,,,,,,warmup,,,,,,,
iteration_duration,1787519925,10606.476032,,,,,,,,,warmup,,,,,,,
iterations,1787519925,1.000000,,,,,,,,,warmup,,,,,,,
vus,1787519926,1.000000,,,,,,,,,,,,,,,,
vus_max,1787519926,2.000000,,,,,,,,,,,,,,,,
vus,1787519927,1.000000,,,,,,,,,,,,,,,,
vus_max,1787519927,2.000000,,,,,,,,,,,,,,,,
http_reqs,1787519927,1.000000,,,,true,,POST,PGR_Create,HTTP/2.0,warmup,,200,,tls1.3,PGR_Create,,
http_req_duration,1787519927,390.156418,,,,true,,POST,PGR_Create,HTTP/2.0,warmup,,200,,tls1.3,PGR_Create,,
http_req_blocked,1787519927,0.000411,,,,true,,POST,PGR_Create,HTTP/2.0,warmup,,200,,tls1.3,PGR_Create,,
http_req_connecting,1787519927,0.000000,,,,true,,POST,PGR_Create,HTTP/2.0,warmup,,200,,tls1.3,PGR_Create,,
http_req_tls_handshaking,1787519927,0.000000,,,,true,,POST,PGR_Create,HTTP/2.0,warmup,,200,,tls1.3,PGR_Create,,
http_req_sending,1787519927,0.065536,,,,true,,POST,PGR_Create,HTTP/2.0,warmup,,200,,tls1.3,PGR_Create,,
http_req_waiting,1787519927,390.022591,,,,true,,POST,PGR_Create,HTTP/2.0,warmup,,200,,tls1.3,PGR_Create,,
http_req_receiving,1787519927,0.068291,,,,true,,POST,PGR_Create,HTTP/2.0,warmup,,200,,tls1.3,PGR_Create,,
http_req_failed,1787519927,0.000000,,,,true,,POST,PGR_Create,HTTP/2.0,warmup,,200,,tls1.3,PGR_Create,,
vus,1787519928,1.000000,,,,,,,,,,,,,,,,
vus_max,1787519928,2.000000,,,,,,,,,,,,,,,,
vus,1787519929,1.000000,,,,,,,,,,,,,,,,
vus_max,1787519929,2.000000,,,,,,,,,,,,,,,,
http_reqs,1787519929,1.000000,,,,true,,POST,PGR_Assign,HTTP/2.0,warmup,,200,,tls1.3,PGR_Assign,,
http_req_duration,1787519929,371.811226,,,,true,,POST,PGR_Assign,HTTP/2.0,warmup,,200,,tls1.3,PGR_Assign,,
http_req_blocked,1787519929,0.000371,,,,true,,POST,PGR_Assign,HTTP/2.0,warmup,,200,,tls1.3,PGR_Assign,,
http_req_connecting,1787519929,0.000000,,,,true,,POST,PGR_Assign,HTTP/2.0,warmup,,200,,tls1.3,PGR_Assign,,
http_req_tls_handshaking,1787519929,0.000000,,,,true,,POST,PGR_Assign,HTTP/2.0,warmup,,200,,tls1.3,PGR_Assign,,
http_req_sending,1787519929,0.108567,,,,true,,POST,PGR_Assign,HTTP/2.0,warmup,,200,,tls1.3,PGR_Assign,,
http_req_waiting,1787519929,371.638506,,,,true,,POST,PGR_Assign,HTTP/2.0,warmup,,200,,tls1.3,PGR_Assign,,
http_req_receiving,1787519929,0.064153,,,,true,,POST,PGR_Assign,HTTP/2.0,warmup,,200,,tls1.3,PGR_Assign,,
http_req_failed,1787519929,0.000000,,,,true,,POST,PGR_Assign,HTTP/2.0,warmup,,200,,tls1.3,PGR_Assign,,
vus,1787519930,1.000000,,,,,,,,,,,,,,,,
vus_max,1787519930,2.000000,,,,,,,,,,,,,,,,
vus,1787519931,1.000000,,,,,,,,,,,,,,,,
vus_max,1787519931,2.000000,,,,,,,,,,,,,,,,
http_reqs,1787519931,1.000000,,,,true,,POST,PGR_Resolve,HTTP/2.0,warmup,,200,,tls1.3,PGR_Resolve,,
http_req_duration,1787519931,369.681264,,,,true,,POST,PGR_Resolve,HTTP/2.0,warmup,,200,,tls1.3,PGR_Resolve,,
http_req_blocked,1787519931,0.000561,,,,true,,POST,PGR_Resolve,HTTP/2.0,warmup,,200,,tls1.3,PGR_Resolve,,
http_req_connecting,1787519931,0.000000,,,,true,,POST,PGR_Resolve,HTTP/2.0,warmup,,200,,tls1.3,PGR_Resolve,,
http_req_tls_handshaking,1787519931,0.000000,,,,true,,POST,PGR_Resolve,HTTP/2.0,warmup,,200,,tls1.3,PGR_Resolve,,
http_req_sending,1787519931,0.075184,,,,true,,POST,PGR_Resolve,HTTP/2.0,warmup,,200,,tls1.3,PGR_Resolve,,
http_req_waiting,1787519931,369.528442,,,,true,,POST,PGR_Resolve,HTTP/2.0,warmup,,200,,tls1.3,PGR_Resolve,,
http_req_receiving,1787519931,0.077638,,,,true,,POST,PGR_Resolve,HTTP/2.0,warmup,,200,,tls1.3,PGR_Resolve,,
http_req_failed,1787519931,0.000000,,,,true,,POST,PGR_Resolve,HTTP/2.0,warmup,,200,,tls1.3,PGR_Resolve,,
vus,1787519932,1.000000,,,,,,,,,,,,,,,,
vus_max,1787519932,2.000000,,,,,,,,,,,,,,,,
vus,1787519933,1.000000,,,,,,,,,,,,,,,,
vus_max,1787519933,2.000000,,,,,,,,,,,,,,,,
http_reqs,1787519933,1.000000,,,,true,,POST,PGR_Search,HTTP/2.0,warmup,,200,,tls1.3,PGR_Search,,
http_req_duration,1787519933,327.852061,,,,true,,POST,PGR_Search,HTTP/2.0,warmup,,200,,tls1.3,PGR_Search,,
http_req_blocked,1787519933,0.000411,,,,true,,POST,PGR_Search,HTTP/2.0,warmup,,200,,tls1.3,PGR_Search,,
http_req_connecting,1787519933,0.000000,,,,true,,POST,PGR_Search,HTTP/2.0,warmup,,200,,tls1.3,PGR_Search,,
http_req_tls_handshaking,1787519933,0.000000,,,,true,,POST,PGR_Search,HTTP/2.0,warmup,,200,,tls1.3,PGR_Search,,
http_req_sending,1787519933,0.088860,,,,true,,POST,PGR_Search,HTTP/2.0,warmup,,200,,tls1.3,PGR_Search,,
http_req_waiting,1787519933,327.230913,,,,true,,POST,PGR_Search,HTTP/2.0,warmup,,200,,tls1.3,PGR_Search,,
http_req_receiving,1787519933,0.532288,,,,true,,POST,PGR_Search,HTTP/2.0,warmup,,200,,tls1.3,PGR_Search,,
http_req_failed,1787519933,0.000000,,,,true,,POST,PGR_Search,HTTP/2.0,warmup,,200,,tls1.3,PGR_Search,,
transaction_duration,1787519933,7874.000000,,,,,,,,,warmup,,,,,,,
transaction_success,1787519933,1.000000,,,,,,,,,warmup,,,,,,,
data_sent,1787519933,14396.000000,,,,,,,,,warmup,,,,,,,
data_received,1787519933,18816.000000,,,,,,,,,warmup,,,,,,,
iteration_duration,1787519933,7873.850052,,,,,,,,,warmup,,,,,,,
iterations,1787519933,1.000000,,,,,,,,,warmup,,,,,,,
vus,1787519934,1.000000,,,,,,,,,,,,,,,,
vus_max,1787519934,2.000000,,,,,,,,,,,,,,,,
vus,1787519935,1.000000,,,,,,,,,,,,,,,,
vus_max,1787519935,2.000000,,,,,,,,,,,,,,,,
vus,1787519936,1.000000,,,,,,,,,,,,,,,,
vus_max,1787519936,2.000000,,,,,,,,,,,,,,,,
http_reqs,1787519936,1.000000,,,,true,,POST,PGR_Create,HTTP/2.0,warmup,,200,,tls1.3,PGR_Create,,
http_req_duration,1787519936,450.203403,,,,true,,POST,PGR_Create,HTTP/2.0,warmup,,200,,tls1.3,PGR_Create,,
http_req_blocked,1787519936,0.000290,,,,true,,POST,PGR_Create,HTTP/2.0,warmup,,200,,tls1.3,PGR_Create,,
http_req_connecting,1787519936,0.000000,,,,true,,POST,PGR_Create,HTTP/2.0,warmup,,200,,tls1.3,PGR_Create,,
http_req_tls_handshaking,1787519936,0.000000,,,,true,,POST,PGR_Create,HTTP/2.0,warmup,,200,,tls1.3,PGR_Create,,
http_req_sending,1787519936,0.076547,,,,true,,POST,PGR_Create,HTTP/2.0,warmup,,200,,tls1.3,PGR_Create,,
http_req_waiting,1787519936,450.047424,,,,true,,POST,PGR_Create,HTTP/2.0,warmup,,200,,tls1.3,PGR_Create,,
http_req_receiving,1787519936,0.079432,,,,true,,POST,PGR_Create,HTTP/2.0,warmup,,200,,tls1.3,PGR_Create,,
http_req_failed,1787519936,0.000000,,,,true,,POST,PGR_Create,HTTP/2.0,warmup,,200,,tls1.3,PGR_Create,,
vus,1787519937,1.000000,,,,,,,,,,,,,,,,
vus_max,1787519937,2.000000,,,,,,,,,,,,,,,,
vus,1787519938,1.000000,,,,,,,,,,,,,,,,
vus_max,1787519938,2.000000,,,,,,,,,,,,,,,,
http_reqs,1787519938,1.000000,,,,true,,POST,PGR_Assign,HTTP/2.0,warmup,,200,,tls1.3,PGR_Assign,,
http_req_duration,1787519938,408.132627,,,,true,,POST,PGR_Assign,HTTP/2.0,warmup,,200,,tls1.3,PGR_Assign,,
http_req_blocked,1787519938,0.000531,,,,true,,POST,PGR_Assign,HTTP/2.0,warmup,,200,,tls1.3,PGR_Assign,,
http_req_connecting,1787519938,0.000000,,,,true,,POST,PGR_Assign,HTTP/2.0,warmup,,200,,tls1.3,PGR_Assign,,
http_req_tls_handshaking,1787519938,0.000000,,,,true,,POST,PGR_Assign,HTTP/2.0,warmup,,200,,tls1.3,PGR_Assign,,
http_req_sending,1787519938,0.091024,,,,true,,POST,PGR_Assign,HTTP/2.0,warmup,,200,,tls1.3,PGR_Assign,,
http_req_waiting,1787519938,407.972140,,,,true,,POST,PGR_Assign,HTTP/2.0,warmup,,200,,tls1.3,PGR_Assign,,
http_req_receiving,1787519938,0.069463,,,,true,,POST,PGR_Assign,HTTP/2.0,warmup,,200,,tls1.3,PGR_Assign,,
http_req_failed,1787519938,0.000000,,,,true,,POST,PGR_Assign,HTTP/2.0,warmup,,200,,tls1.3,PGR_Assign,,
vus,1787519939,1.000000,,,,,,,,,,,,,,,,
vus_max,1787519939,2.000000,,,,,,,,,,,,,,,,
http_reqs,1787519939,1.000000,,,,true,,POST,PGR_Resolve,HTTP/2.0,warmup,,200,,tls1.3,PGR_Resolve,,
http_req_duration,1787519939,363.849232,,,,true,,POST,PGR_Resolve,HTTP/2.0,warmup,,200,,tls1.3,PGR_Resolve,,
http_req_blocked,1787519939,0.000541,,,,true,,POST,PGR_Resolve,HTTP/2.0,warmup,,200,,tls1.3,PGR_Resolve,,
http_req_connecting,1787519939,0.000000,,,,true,,POST,PGR_Resolve,HTTP/2.0,warmup,,200,,tls1.3,PGR_Resolve,,
http_req_tls_handshaking,1787519939,0.000000,,,,true,,POST,PGR_Resolve,HTTP/2.0,warmup,,200,,tls1.3,PGR_Resolve,,
http_req_sending,1787519939,0.083991,,,,true,,POST,PGR_Resolve,HTTP/2.0,warmup,,200,,tls1.3,PGR_Resolve,,
http_req_waiting,1787519939,363.681471,,,,true,,POST,PGR_Resolve,HTTP/2.0,warmup,,200,,tls1.3,PGR_Resolve,,
http_req_receiving,1787519939,0.083770,,,,true,,POST,PGR_Resolve,HTTP/2.0,warmup,,200,,tls1.3,PGR_Resolve,,
http_req_failed,1787519939,0.000000,,,,true,,POST,PGR_Resolve,HTTP/2.0,warmup,,200,,tls1.3,PGR_Resolve,,
vus,1787519940,1.000000,,,,,,,,,,,,,,,,
vus_max,1787519940,2.000000,,,,,,,,,,,,,,,,
vus,1787519941,1.000000,,,,,,,,,,,,,,,,
vus_max,1787519941,2.000000,,,,,,,,,,,,,,,,
http_reqs,1787519942,1.000000,,,,true,,POST,PGR_Search,HTTP/2.0,warmup,,200,,tls1.3,PGR_Search,,
http_req_duration,1787519942,340.779228,,,,true,,POST,PGR_Search,HTTP/2.0,warmup,,200,,tls1.3,PGR_Search,,
http_req_blocked,1787519942,0.000411,,,,true,,POST,PGR_Search,HTTP/2.0,warmup,,200,,tls1.3,PGR_Search,,
http_req_connecting,1787519942,0.000000,,,,true,,POST,PGR_Search,HTTP/2.0,warmup,,200,,tls1.3,PGR_Search,,
http_req_tls_handshaking,1787519942,0.000000,,,,true,,POST,PGR_Search,HTTP/2.0,warmup,,200,,tls1.3,PGR_Search,,
http_req_sending,1787519942,0.077568,,,,true,,POST,PGR_Search,HTTP/2.0,warmup,,200,,tls1.3,PGR_Search,,
http_req_waiting,1787519942,340.312385,,,,true,,POST,PGR_Search,HTTP/2.0,warmup,,200,,tls1.3,PGR_Search,,
http_req_receiving,1787519942,0.389275,,,,true,,POST,PGR_Search,HTTP/2.0,warmup,,200,,tls1.3,PGR_Search,,
http_req_failed,1787519942,0.000000,,,,true,,POST,PGR_Search,HTTP/2.0,warmup,,200,,tls1.3,PGR_Search,,
transaction_duration,1787519942,8627.000000,,,,,,,,,warmup,,,,,,,
transaction_success,1787519942,1.000000,,,,,,,,,warmup,,,,,,,
data_sent,1787519942,14292.000000,,,,,,,,,warmup,,,,,,,
data_received,1787519942,18655.000000,,,,,,,,,warmup,,,,,,,
iteration_duration,1787519942,8627.404631,,,,,,,,,warmup,,,,,,,
iterations,1787519942,1.000000,,,,,,,,,warmup,,,,,,,
vus,1787519942,1.000000,,,,,,,,,,,,,,,,
vus_max,1787519942,2.000000,,,,,,,,,,,,,,,,
vus,1787519943,1.000000,,,,,,,,,,,,,,,,
vus_max,1787519943,2.000000,,,,,,,,,,,,,,,,
vus,1787519944,1.000000,,,,,,,,,,,,,,,,
vus_max,1787519944,2.000000,,,,,,,,,,,,,,,,
vus,1787519945,1.000000,,,,,,,,,,,,,,,,
vus_max,1787519945,2.000000,,,,,,,,,,,,,,,,
http_reqs,1787519945,1.000000,,,,true,,POST,PGR_Create,HTTP/2.0,warmup,,200,,tls1.3,PGR_Create,,
http_req_duration,1787519945,399.861325,,,,true,,POST,PGR_Create,HTTP/2.0,warmup,,200,,tls1.3,PGR_Create,,
http_req_blocked,1787519945,0.000301,,,,true,,POST,PGR_Create,HTTP/2.0,warmup,,200,,tls1.3,PGR_Create,,
http_req_connecting,1787519945,0.000000,,,,true,,POST,PGR_Create,HTTP/2.0,warmup,,200,,tls1.3,PGR_Create,,
http_req_tls_handshaking,1787519945,0.000000,,,,true,,POST,PGR_Create,HTTP/2.0,warmup,,200,,tls1.3,PGR_Create,,
http_req_sending,1787519945,0.072268,,,,true,,POST,PGR_Create,HTTP/2.0,warmup,,200,,tls1.3,PGR_Create,,
http_req_waiting,1787519945,399.711418,,,,true,,POST,PGR_Create,HTTP/2.0,warmup,,200,,tls1.3,PGR_Create,,
http_req_receiving,1787519945,0.077639,,,,true,,POST,PGR_Create,HTTP/2.0,warmup,,200,,tls1.3,PGR_Create,,
http_req_failed,1787519945,0.000000,,,,true,,POST,PGR_Create,HTTP/2.0,warmup,,200,,tls1.3,PGR_Create,,
vus,1787519946,1.000000,,,,,,,,,,,,,,,,
vus_max,1787519946,2.000000,,,,,,,,,,,,,,,,
http_reqs,1787519947,1.000000,,,,true,,POST,PGR_Assign,HTTP/2.0,warmup,,200,,tls1.3,PGR_Assign,,
http_req_duration,1787519947,394.155887,,,,true,,POST,PGR_Assign,HTTP/2.0,warmup,,200,,tls1.3,PGR_Assign,,
http_req_blocked,1787519947,0.000711,,,,true,,POST,PGR_Assign,HTTP/2.0,warmup,,200,,tls1.3,PGR_Assign,,
http_req_connecting,1787519947,0.000000,,,,true,,POST,PGR_Assign,HTTP/2.0,warmup,,200,,tls1.3,PGR_Assign,,
http_req_tls_handshaking,1787519947,0.000000,,,,true,,POST,PGR_Assign,HTTP/2.0,warmup,,200,,tls1.3,PGR_Assign,,
http_req_sending,1787519947,0.188311,,,,true,,POST,PGR_Assign,HTTP/2.0,warmup,,200,,tls1.3,PGR_Assign,,
http_req_waiting,1787519947,393.895187,,,,true,,POST,PGR_Assign,HTTP/2.0,warmup,,200,,tls1.3,PGR_Assign,,
http_req_receiving,1787519947,0.072389,,,,true,,POST,PGR_Assign,HTTP/2.0,warmup,,200,,tls1.3,PGR_Assign,,
http_req_failed,1787519947,0.000000,,,,true,,POST,PGR_Assign,HTTP/2.0,warmup,,200,,tls1.3,PGR_Assign,,
vus,1787519947,1.000000,,,,,,,,,,,,,,,,
vus_max,1787519947,2.000000,,,,,,,,,,,,,,,,
vus,1787519948,1.000000,,,,,,,,,,,,,,,,
vus_max,1787519948,2.000000,,,,,,,,,,,,,,,,
http_reqs,1787519948,1.000000,,,,true,,POST,PGR_Resolve,HTTP/2.0,warmup,,200,,tls1.3,PGR_Resolve,,
http_req_duration,1787519948,390.092097,,,,true,,POST,PGR_Resolve,HTTP/2.0,warmup,,200,,tls1.3,PGR_Resolve,,
http_req_blocked,1787519948,0.000330,,,,true,,POST,PGR_Resolve,HTTP/2.0,warmup,,200,,tls1.3,PGR_Resolve,,
http_req_connecting,1787519948,0.000000,,,,true,,POST,PGR_Resolve,HTTP/2.0,warmup,,200,,tls1.3,PGR_Resolve,,
http_req_tls_handshaking,1787519948,0.000000,,,,true,,POST,PGR_Resolve,HTTP/2.0,warmup,,200,,tls1.3,PGR_Resolve,,
http_req_sending,1787519948,0.107245,,,,true,,POST,PGR_Resolve,HTTP/2.0,warmup,,200,,tls1.3,PGR_Resolve,,
http_req_waiting,1787519948,389.884921,,,,true,,POST,PGR_Resolve,HTTP/2.0,warmup,,200,,tls1.3,PGR_Resolve,,
http_req_receiving,1787519948,0.099931,,,,true,,POST,PGR_Resolve,HTTP/2.0,warmup,,200,,tls1.3,PGR_Resolve,,
http_req_failed,1787519948,0.000000,,,,true,,POST,PGR_Resolve,HTTP/2.0,warmup,,200,,tls1.3,PGR_Resolve,,
vus,1787519949,1.000000,,,,,,,,,,,,,,,,
vus_max,1787519949,2.000000,,,,,,,,,,,,,,,,
vus,1787519950,1.000000,,,,,,,,,,,,,,,,
vus_max,1787519950,2.000000,,,,,,,,,,,,,,,,
http_reqs,1787519950,1.000000,,,,true,,POST,PGR_Search,HTTP/2.0,warmup,,200,,tls1.3,PGR_Search,,
http_req_duration,1787519950,326.696517,,,,true,,POST,PGR_Search,HTTP/2.0,warmup,,200,,tls1.3,PGR_Search,,
http_req_blocked,1787519950,0.000431,,,,true,,POST,PGR_Search,HTTP/2.0,warmup,,200,,tls1.3,PGR_Search,,
http_req_connecting,1787519950,0.000000,,,,true,,POST,PGR_Search,HTTP/2.0,warmup,,200,,tls1.3,PGR_Search,,
http_req_tls_handshaking,1787519950,0.000000,,,,true,,POST,PGR_Search,HTTP/2.0,warmup,,200,,tls1.3,PGR_Search,,
http_req_sending,1787519950,0.089601,,,,true,,POST,PGR_Search,HTTP/2.0,warmup,,200,,tls1.3,PGR_Search,,
http_req_waiting,1787519950,326.444586,,,,true,,POST,PGR_Search,HTTP/2.0,warmup,,200,,tls1.3,PGR_Search,,
http_req_receiving,1787519950,0.162330,,,,true,,POST,PGR_Search,HTTP/2.0,warmup,,200,,tls1.3,PGR_Search,,
http_req_failed,1787519950,0.000000,,,,true,,POST,PGR_Search,HTTP/2.0,warmup,,200,,tls1.3,PGR_Search,,
transaction_duration,1787519950,8788.000000,,,,,,,,,warmup,,,,,,,
transaction_success,1787519950,1.000000,,,,,,,,,warmup,,,,,,,
data_sent,1787519950,14418.000000,,,,,,,,,warmup,,,,,,,
data_received,1787519950,18846.000000,,,,,,,,,warmup,,,,,,,
iteration_duration,1787519950,8787.439933,,,,,,,,,warmup,,,,,,,
iterations,1787519950,1.000000,,,,,,,,,warmup,,,,,,,
vus,1787519951,1.000000,,,,,,,,,,,,,,,,
vus_max,1787519951,2.000000,,,,,,,,,,,,,,,,
vus,1787519952,1.000000,,,,,,,,,,,,,,,,
vus_max,1787519952,2.000000,,,,,,,,,,,,,,,,
vus,1787519953,1.000000,,,,,,,,,,,,,,,,
vus_max,1787519953,2.000000,,,,,,,,,,,,,,,,
http_reqs,1787519953,1.000000,,,,true,,POST,PGR_Create,HTTP/2.0,warmup,,200,,tls1.3,PGR_Create,,
http_req_duration,1787519953,448.696913,,,,true,,POST,PGR_Create,HTTP/2.0,warmup,,200,,tls1.3,PGR_Create,,
http_req_blocked,1787519953,0.000671,,,,true,,POST,PGR_Create,HTTP/2.0,warmup,,200,,tls1.3,PGR_Create,,
http_req_connecting,1787519953,0.000000,,,,true,,POST,PGR_Create,HTTP/2.0,warmup,,200,,tls1.3,PGR_Create,,
http_req_tls_handshaking,1787519953,0.000000,,,,true,,POST,PGR_Create,HTTP/2.0,warmup,,200,,tls1.3,PGR_Create,,
http_req_sending,1787519953,0.087167,,,,true,,POST,PGR_Create,HTTP/2.0,warmup,,200,,tls1.3,PGR_Create,,
http_req_waiting,1787519953,448.050737,,,,true,,POST,PGR_Create,HTTP/2.0,warmup,,200,,tls1.3,PGR_Create,,
http_req_receiving,1787519953,0.559009,,,,true,,POST,PGR_Create,HTTP/2.0,warmup,,200,,tls1.3,PGR_Create,,
http_req_failed,1787519953,0.000000,,,,true,,POST,PGR_Create,HTTP/2.0,warmup,,200,,tls1.3,PGR_Create,,
vus,1787519954,1.000000,,,,,,,,,,,,,,,,
vus_max,1787519954,2.000000,,,,,,,,,,,,,,,,
vus,1787519955,1.000000,,,,,,,,,,,,,,,,
vus_max,1787519955,2.000000,,,,,,,,,,,,,,,,
vus,1787519956,1.000000,,,,,,,,,,,,,,,,
vus_max,1787519956,2.000000,,,,,,,,,,,,,,,,
http_reqs,1787519956,1.000000,,,,true,,POST,PGR_Assign,HTTP/2.0,warmup,,200,,tls1.3,PGR_Assign,,
http_req_duration,1787519956,411.646322,,,,true,,POST,PGR_Assign,HTTP/2.0,warmup,,200,,tls1.3,PGR_Assign,,
http_req_blocked,1787519956,0.000661,,,,true,,POST,PGR_Assign,HTTP/2.0,warmup,,200,,tls1.3,PGR_Assign,,
http_req_connecting,1787519956,0.000000,,,,true,,POST,PGR_Assign,HTTP/2.0,warmup,,200,,tls1.3,PGR_Assign,,
http_req_tls_handshaking,1787519956,0.000000,,,,true,,POST,PGR_Assign,HTTP/2.0,warmup,,200,,tls1.3,PGR_Assign,,
http_req_sending,1787519956,0.062119,,,,true,,POST,PGR_Assign,HTTP/2.0,warmup,,200,,tls1.3,PGR_Assign,,
http_req_waiting,1787519956,411.513578,,,,true,,POST,PGR_Assign,HTTP/2.0,warmup,,200,,tls1.3,PGR_Assign,,
http_req_receiving,1787519956,0.070625,,,,true,,POST,PGR_Assign,HTTP/2.0,warmup,,200,,tls1.3,PGR_Assign,,
http_req_failed,1787519956,0.000000,,,,true,,POST,PGR_Assign,HTTP/2.0,warmup,,200,,tls1.3,PGR_Assign,,
vus,1787519957,1.000000,,,,,,,,,,,,,,,,
vus_max,1787519957,2.000000,,,,,,,,,,,,,,,,
vus,1787519958,1.000000,,,,,,,,,,,,,,,,
vus_max,1787519958,2.000000,,,,,,,,,,,,,,,,
http_reqs,1787519958,1.000000,,,,true,,POST,PGR_Resolve,HTTP/2.0,warmup,,200,,tls1.3,PGR_Resolve,,
http_req_duration,1787519958,368.866315,,,,true,,POST,PGR_Resolve,HTTP/2.0,warmup,,200,,tls1.3,PGR_Resolve,,
http_req_blocked,1787519958,0.000491,,,,true,,POST,PGR_Resolve,HTTP/2.0,warmup,,200,,tls1.3,PGR_Resolve,,
http_req_connecting,1787519958,0.000000,,,,true,,POST,PGR_Resolve,HTTP/2.0,warmup,,200,,tls1.3,PGR_Resolve,,
http_req_tls_handshaking,1787519958,0.000000,,,,true,,POST,PGR_Resolve,HTTP/2.0,warmup,,200,,tls1.3,PGR_Resolve,,
http_req_sending,1787519958,0.071026,,,,true,,POST,PGR_Resolve,HTTP/2.0,warmup,,200,,tls1.3,PGR_Resolve,,
http_req_waiting,1787519958,368.705688,,,,true,,POST,PGR_Resolve,HTTP/2.0,warmup,,200,,tls1.3,PGR_Resolve,,
http_req_receiving,1787519958,0.089601,,,,true,,POST,PGR_Resolve,HTTP/2.0,warmup,,200,,tls1.3,PGR_Resolve,,
http_req_failed,1787519958,0.000000,,,,true,,POST,PGR_Resolve,HTTP/2.0,warmup,,200,,tls1.3,PGR_Resolve,,
vus,1787519959,1.000000,,,,,,,,,,,,,,,,
vus_max,1787519959,2.000000,,,,,,,,,,,,,,,,
vus,1787519960,1.000000,,,,,,,,,,,,,,,,
vus_max,1787519960,2.000000,,,,,,,,,,,,,,,,
http_reqs,1787519960,1.000000,,,,true,,POST,PGR_Search,HTTP/2.0,warmup,,200,,tls1.3,PGR_Search,,
http_req_duration,1787519960,321.946915,,,,true,,POST,PGR_Search,HTTP/2.0,warmup,,200,,tls1.3,PGR_Search,,
http_req_blocked,1787519960,0.000501,,,,true,,POST,PGR_Search,HTTP/2.0,warmup,,200,,tls1.3,PGR_Search,,
http_req_connecting,1787519960,0.000000,,,,true,,POST,PGR_Search,HTTP/2.0,warmup,,200,,tls1.3,PGR_Search,,
http_req_tls_handshaking,1787519960,0.000000,,,,true,,POST,PGR_Search,HTTP/2.0,warmup,,200,,tls1.3,PGR_Search,,
http_req_sending,1787519960,0.060155,,,,true,,POST,PGR_Search,HTTP/2.0,warmup,,200,,tls1.3,PGR_Search,,
http_req_waiting,1787519960,321.840742,,,,true,,POST,PGR_Search,HTTP/2.0,warmup,,200,,tls1.3,PGR_Search,,
http_req_receiving,1787519960,0.046018,,,,true,,POST,PGR_Search,HTTP/2.0,warmup,,200,,tls1.3,PGR_Search,,
http_req_failed,1787519960,0.000000,,,,true,,POST,PGR_Search,HTTP/2.0,warmup,,200,,tls1.3,PGR_Search,,
transaction_duration,1787519960,10047.000000,,,,,,,,,warmup,,,,,,,
transaction_success,1787519960,1.000000,,,,,,,,,warmup,,,,,,,
data_sent,1787519960,14491.000000,,,,,,,,,warmup,,,,,,,
data_received,1787519960,18831.000000,,,,,,,,,warmup,,,,,,,
iteration_duration,1787519960,10047.323859,,,,,,,,,warmup,,,,,,,
iterations,1787519960,1.000000,,,,,,,,,warmup,,,,,,,
vus,1787519961,1.000000,,,,,,,,,,,,,,,,
vus_max,1787519961,2.000000,,,,,,,,,,,,,,,,
vus,1787519962,1.000000,,,,,,,,,,,,,,,,
vus_max,1787519962,2.000000,,,,,,,,,,,,,,,,
http_reqs,1787519962,1.000000,,,,true,,POST,PGR_Create,HTTP/2.0,warmup,,200,,tls1.3,PGR_Create,,
http_req_duration,1787519962,380.874539,,,,true,,POST,PGR_Create,HTTP/2.0,warmup,,200,,tls1.3,PGR_Create,,
http_req_blocked,1787519962,0.000290,,,,true,,POST,PGR_Create,HTTP/2.0,warmup,,200,,tls1.3,PGR_Create,,
http_req_connecting,1787519962,0.000000,,,,true,,POST,PGR_Create,HTTP/2.0,warmup,,200,,tls1.3,PGR_Create,,
http_req_tls_handshaking,1787519962,0.000000,,,,true,,POST,PGR_Create,HTTP/2.0,warmup,,200,,tls1.3,PGR_Create,,
http_req_sending,1787519962,0.062089,,,,true,,POST,PGR_Create,HTTP/2.0,warmup,,200,,tls1.3,PGR_Create,,
http_req_waiting,1787519962,380.745412,,,,true,,POST,PGR_Create,HTTP/2.0,warmup,,200,,tls1.3,PGR_Create,,
http_req_receiving,1787519962,0.067038,,,,true,,POST,PGR_Create,HTTP/2.0,warmup,,200,,tls1.3,PGR_Create,,
http_req_failed,1787519962,0.000000,,,,true,,POST,PGR_Create,HTTP/2.0,warmup,,200,,tls1.3,PGR_Create,,
vus,1787519963,1.000000,,,,,,,,,,,,,,,,
vus_max,1787519963,2.000000,,,,,,,,,,,,,,,,
vus,1787519964,1.000000,,,,,,,,,,,,,,,,
vus_max,1787519964,2.000000,,,,,,,,,,,,,,,,
vus,1787519965,1.000000,,,,,,,,,,,,,,,,
vus_max,1787519965,2.000000,,,,,,,,,,,,,,,,
http_reqs,1787519965,1.000000,,,,true,,POST,PGR_Assign,HTTP/2.0,warmup,,200,,tls1.3,PGR_Assign,,
http_req_duration,1787519965,411.939237,,,,true,,POST,PGR_Assign,HTTP/2.0,warmup,,200,,tls1.3,PGR_Assign,,
http_req_blocked,1787519965,0.000320,,,,true,,POST,PGR_Assign,HTTP/2.0,warmup,,200,,tls1.3,PGR_Assign,,
http_req_connecting,1787519965,0.000000,,,,true,,POST,PGR_Assign,HTTP/2.0,warmup,,200,,tls1.3,PGR_Assign,,
http_req_tls_handshaking,1787519965,0.000000,,,,true,,POST,PGR_Assign,HTTP/2.0,warmup,,200,,tls1.3,PGR_Assign,,
http_req_sending,1787519965,0.136201,,,,true,,POST,PGR_Assign,HTTP/2.0,warmup,,200,,tls1.3,PGR_Assign,,
http_req_waiting,1787519965,411.725938,,,,true,,POST,PGR_Assign,HTTP/2.0,warmup,,200,,tls1.3,PGR_Assign,,
http_req_receiving,1787519965,0.077098,,,,true,,POST,PGR_Assign,HTTP/2.0,warmup,,200,,tls1.3,PGR_Assign,,
http_req_failed,1787519965,0.000000,,,,true,,POST,PGR_Assign,HTTP/2.0,warmup,,200,,tls1.3,PGR_Assign,,
vus,1787519966,1.000000,,,,,,,,,,,,,,,,
vus_max,1787519966,2.000000,,,,,,,,,,,,,,,,
vus,1787519967,1.000000,,,,,,,,,,,,,,,,
vus_max,1787519967,2.000000,,,,,,,,,,,,,,,,
vus,1787519968,1.000000,,,,,,,,,,,,,,,,
vus_max,1787519968,2.000000,,,,,,,,,,,,,,,,
http_reqs,1787519968,1.000000,,,,true,,POST,PGR_Resolve,HTTP/2.0,warmup,,200,,tls1.3,PGR_Resolve,,
http_req_duration,1787519968,404.227068,,,,true,,POST,PGR_Resolve,HTTP/2.0,warmup,,200,,tls1.3,PGR_Resolve,,
http_req_blocked,1787519968,0.000471,,,,true,,POST,PGR_Resolve,HTTP/2.0,warmup,,200,,tls1.3,PGR_Resolve,,
http_req_connecting,1787519968,0.000000,,,,true,,POST,PGR_Resolve,HTTP/2.0,warmup,,200,,tls1.3,PGR_Resolve,,
http_req_tls_handshaking,1787519968,0.000000,,,,true,,POST,PGR_Resolve,HTTP/2.0,warmup,,200,,tls1.3,PGR_Resolve,,
http_req_sending,1787519968,0.079372,,,,true,,POST,PGR_Resolve,HTTP/2.0,warmup,,200,,tls1.3,PGR_Resolve,,
http_req_waiting,1787519968,403.725819,,,,true,,POST,PGR_Resolve,HTTP/2.0,warmup,,200,,tls1.3,PGR_Resolve,,
http_req_receiving,1787519968,0.421877,,,,true,,POST,PGR_Resolve,HTTP/2.0,warmup,,200,,tls1.3,PGR_Resolve,,
http_req_failed,1787519968,0.000000,,,,true,,POST,PGR_Resolve,HTTP/2.0,warmup,,200,,tls1.3,PGR_Resolve,,
vus,1787519969,1.000000,,,,,,,,,,,,,,,,
vus_max,1787519969,2.000000,,,,,,,,,,,,,,,,
vus,1787519970,1.000000,,,,,,,,,,,,,,,,
vus_max,1787519970,2.000000,,,,,,,,,,,,,,,,
http_reqs,1787519971,1.000000,,,,true,,POST,PGR_Search,HTTP/2.0,warmup,,200,,tls1.3,PGR_Search,,
http_req_duration,1787519971,312.933011,,,,true,,POST,PGR_Search,HTTP/2.0,warmup,,200,,tls1.3,PGR_Search,,
http_req_blocked,1787519971,0.000712,,,,true,,POST,PGR_Search,HTTP/2.0,warmup,,200,,tls1.3,PGR_Search,,
http_req_connecting,1787519971,0.000000,,,,true,,POST,PGR_Search,HTTP/2.0,warmup,,200,,tls1.3,PGR_Search,,
http_req_tls_handshaking,1787519971,0.000000,,,,true,,POST,PGR_Search,HTTP/2.0,warmup,,200,,tls1.3,PGR_Search,,
http_req_sending,1787519971,0.068902,,,,true,,POST,PGR_Search,HTTP/2.0,warmup,,200,,tls1.3,PGR_Search,,
http_req_waiting,1787519971,312.700906,,,,true,,POST,PGR_Search,HTTP/2.0,warmup,,200,,tls1.3,PGR_Search,,
http_req_receiving,1787519971,0.163203,,,,true,,POST,PGR_Search,HTTP/2.0,warmup,,200,,tls1.3,PGR_Search,,
http_req_failed,1787519971,0.000000,,,,true,,POST,PGR_Search,HTTP/2.0,warmup,,200,,tls1.3,PGR_Search,,
transaction_duration,1787519971,10215.000000,,,,,,,,,warmup,,,,,,,
transaction_success,1787519971,1.000000,,,,,,,,,warmup,,,,,,,
data_sent,1787519971,14348.000000,,,,,,,,,warmup,,,,,,,
data_received,1787519971,18730.000000,,,,,,,,,warmup,,,,,,,
iteration_duration,1787519971,10214.596261,,,,,,,,,warmup,,,,,,,
iterations,1787519971,1.000000,,,,,,,,,warmup,,,,,,,
vus,1787519971,1.000000,,,,,,,,,,,,,,,,
vus_max,1787519971,2.000000,,,,,,,,,,,,,,,,
vus,1787519972,1.000000,,,,,,,,,,,,,,,,
vus_max,1787519972,2.000000,,,,,,,,,,,,,,,,
http_reqs,1787519972,1.000000,,,,true,,POST,PGR_Create,HTTP/2.0,warmup,,200,,tls1.3,PGR_Create,,
http_req_duration,1787519972,415.171912,,,,true,,POST,PGR_Create,HTTP/2.0,warmup,,200,,tls1.3,PGR_Create,,
http_req_blocked,1787519972,0.000281,,,,true,,POST,PGR_Create,HTTP/2.0,warmup,,200,,tls1.3,PGR_Create,,
http_req_connecting,1787519972,0.000000,,,,true,,POST,PGR_Create,HTTP/2.0,warmup,,200,,tls1.3,PGR_Create,,
http_req_tls_handshaking,1787519972,0.000000,,,,true,,POST,PGR_Create,HTTP/2.0,warmup,,200,,tls1.3,PGR_Create,,
http_req_sending,1787519972,0.069834,,,,true,,POST,PGR_Create,HTTP/2.0,warmup,,200,,tls1.3,PGR_Create,,
http_req_waiting,1787519972,414.624515,,,,true,,POST,PGR_Create,HTTP/2.0,warmup,,200,,tls1.3,PGR_Create,,
http_req_receiving,1787519972,0.477563,,,,true,,POST,PGR_Create,HTTP/2.0,warmup,,200,,tls1.3,PGR_Create,,
http_req_failed,1787519972,0.000000,,,,true,,POST,PGR_Create,HTTP/2.0,warmup,,200,,tls1.3,PGR_Create,,
vus,1787519973,1.000000,,,,,,,,,,,,,,,,
vus_max,1787519973,2.000000,,,,,,,,,,,,,,,,
vus,1787519974,1.000000,,,,,,,,,,,,,,,,
vus_max,1787519974,2.000000,,,,,,,,,,,,,,,,
vus,1787519975,1.000000,,,,,,,,,,,,,,,,
vus_max,1787519975,2.000000,,,,,,,,,,,,,,,,
http_reqs,1787519975,1.000000,,,,true,,POST,PGR_Assign,HTTP/2.0,warmup,,200,,tls1.3,PGR_Assign,,
http_req_duration,1787519975,406.667341,,,,true,,POST,PGR_Assign,HTTP/2.0,warmup,,200,,tls1.3,PGR_Assign,,
http_req_blocked,1787519975,0.000501,,,,true,,POST,PGR_Assign,HTTP/2.0,warmup,,200,,tls1.3,PGR_Assign,,
http_req_connecting,1787519975,0.000000,,,,true,,POST,PGR_Assign,HTTP/2.0,warmup,,200,,tls1.3,PGR_Assign,,
http_req_tls_handshaking,1787519975,0.000000,,,,true,,POST,PGR_Assign,HTTP/2.0,warmup,,200,,tls1.3,PGR_Assign,,
http_req_sending,1787519975,0.081186,,,,true,,POST,PGR_Assign,HTTP/2.0,warmup,,200,,tls1.3,PGR_Assign,,
http_req_waiting,1787519975,406.517794,,,,true,,POST,PGR_Assign,HTTP/2.0,warmup,,200,,tls1.3,PGR_Assign,,
http_req_receiving,1787519975,0.068361,,,,true,,POST,PGR_Assign,HTTP/2.0,warmup,,200,,tls1.3,PGR_Assign,,
http_req_failed,1787519975,0.000000,,,,true,,POST,PGR_Assign,HTTP/2.0,warmup,,200,,tls1.3,PGR_Assign,,
vus,1787519976,1.000000,,,,,,,,,,,,,,,,
vus_max,1787519976,2.000000,,,,,,,,,,,,,,,,
vus,1787519977,1.000000,,,,,,,,,,,,,,,,
vus_max,1787519977,2.000000,,,,,,,,,,,,,,,,
vus,1787519978,1.000000,,,,,,,,,,,,,,,,
vus_max,1787519978,2.000000,,,,,,,,,,,,,,,,
http_reqs,1787519978,1.000000,,,,true,,POST,PGR_Resolve,HTTP/2.0,warmup,,200,,tls1.3,PGR_Resolve,,
http_req_duration,1787519978,356.686586,,,,true,,POST,PGR_Resolve,HTTP/2.0,warmup,,200,,tls1.3,PGR_Resolve,,
http_req_blocked,1787519978,0.000471,,,,true,,POST,PGR_Resolve,HTTP/2.0,warmup,,200,,tls1.3,PGR_Resolve,,
http_req_connecting,1787519978,0.000000,,,,true,,POST,PGR_Resolve,HTTP/2.0,warmup,,200,,tls1.3,PGR_Resolve,,
http_req_tls_handshaking,1787519978,0.000000,,,,true,,POST,PGR_Resolve,HTTP/2.0,warmup,,200,,tls1.3,PGR_Resolve,,
http_req_sending,1787519978,0.072699,,,,true,,POST,PGR_Resolve,HTTP/2.0,warmup,,200,,tls1.3,PGR_Resolve,,
http_req_waiting,1787519978,356.544965,,,,true,,POST,PGR_Resolve,HTTP/2.0,warmup,,200,,tls1.3,PGR_Resolve,,
http_req_receiving,1787519978,0.068922,,,,true,,POST,PGR_Resolve,HTTP/2.0,warmup,,200,,tls1.3,PGR_Resolve,,
http_req_failed,1787519978,0.000000,,,,true,,POST,PGR_Resolve,HTTP/2.0,warmup,,200,,tls1.3,PGR_Resolve,,
vus,1787519979,1.000000,,,,,,,,,,,,,,,,
vus_max,1787519979,2.000000,,,,,,,,,,,,,,,,
vus,1787519980,1.000000,,,,,,,,,,,,,,,,
vus_max,1787519980,2.000000,,,,,,,,,,,,,,,,
vus,1787519981,1.000000,,,,,,,,,,,,,,,,
vus_max,1787519981,2.000000,,,,,,,,,,,,,,,,
http_reqs,1787519981,1.000000,,,,true,,POST,PGR_Search,HTTP/2.0,warmup,,200,,tls1.3,PGR_Search,,
http_req_duration,1787519981,335.004701,,,,true,,POST,PGR_Search,HTTP/2.0,warmup,,200,,tls1.3,PGR_Search,,
http_req_blocked,1787519981,0.000291,,,,true,,POST,PGR_Search,HTTP/2.0,warmup,,200,,tls1.3,PGR_Search,,
http_req_connecting,1787519981,0.000000,,,,true,,POST,PGR_Search,HTTP/2.0,warmup,,200,,tls1.3,PGR_Search,,
http_req_tls_handshaking,1787519981,0.000000,,,,true,,POST,PGR_Search,HTTP/2.0,warmup,,200,,tls1.3,PGR_Search,,
http_req_sending,1787519981,0.085403,,,,true,,POST,PGR_Search,HTTP/2.0,warmup,,200,,tls1.3,PGR_Search,,
http_req_waiting,1787519981,334.879292,,,,true,,POST,PGR_Search,HTTP/2.0,warmup,,200,,tls1.3,PGR_Search,,
http_req_receiving,1787519981,0.040006,,,,true,,POST,PGR_Search,HTTP/2.0,warmup,,200,,tls1.3,PGR_Search,,
http_req_failed,1787519981,0.000000,,,,true,,POST,PGR_Search,HTTP/2.0,warmup,,200,,tls1.3,PGR_Search,,
transaction_duration,1787519981,10245.000000,,,,,,,,,warmup,,,,,,,
transaction_success,1787519981,1.000000,,,,,,,,,warmup,,,,,,,
data_sent,1787519981,14332.000000,,,,,,,,,warmup,,,,,,,
data_received,1787519981,18713.000000,,,,,,,,,warmup,,,,,,,
iteration_duration,1787519981,10245.459806,,,,,,,,,warmup,,,,,,,
iterations,1787519981,1.000000,,,,,,,,,warmup,,,,,,,
vus,1787519982,1.000000,,,,,,,,,,,,,,,,
vus_max,1787519982,2.000000,,,,,,,,,,,,,,,,
http_reqs,1787519983,1.000000,,,,true,,POST,PGR_Create,HTTP/2.0,warmup,,200,,tls1.3,PGR_Create,,
http_req_duration,1787519983,391.219106,,,,true,,POST,PGR_Create,HTTP/2.0,warmup,,200,,tls1.3,PGR_Create,,
http_req_blocked,1787519983,0.000410,,,,true,,POST,PGR_Create,HTTP/2.0,warmup,,200,,tls1.3,PGR_Create,,
http_req_connecting,1787519983,0.000000,,,,true,,POST,PGR_Create,HTTP/2.0,warmup,,200,,tls1.3,PGR_Create,,
http_req_tls_handshaking,1787519983,0.000000,,,,true,,POST,PGR_Create,HTTP/2.0,warmup,,200,,tls1.3,PGR_Create,,
http_req_sending,1787519983,0.320924,,,,true,,POST,PGR_Create,HTTP/2.0,warmup,,200,,tls1.3,PGR_Create,,
http_req_waiting,1787519983,390.831364,,,,true,,POST,PGR_Create,HTTP/2.0,warmup,,200,,tls1.3,PGR_Create,,
http_req_receiving,1787519983,0.066818,,,,true,,POST,PGR_Create,HTTP/2.0,warmup,,200,,tls1.3,PGR_Create,,
http_req_failed,1787519983,0.000000,,,,true,,POST,PGR_Create,HTTP/2.0,warmup,,200,,tls1.3,PGR_Create,,
vus,1787519983,1.000000,,,,,,,,,,,,,,,,
vus_max,1787519983,2.000000,,,,,,,,,,,,,,,,
vus,1787519984,1.000000,,,,,,,,,,,,,,,,
vus_max,1787519984,2.000000,,,,,,,,,,,,,,,,
vus,1787519985,1.000000,,,,,,,,,,,,,,,,
vus_max,1787519985,2.000000,,,,,,,,,,,,,,,,
vus,1787519986,1.000000,,,,,,,,,,,,,,,,
vus_max,1787519986,2.000000,,,,,,,,,,,,,,,,
http_reqs,1787519986,1.000000,,,,true,,POST,PGR_Assign,HTTP/2.0,warmup,,200,,tls1.3,PGR_Assign,,
http_req_duration,1787519986,421.496770,,,,true,,POST,PGR_Assign,HTTP/2.0,warmup,,200,,tls1.3,PGR_Assign,,
http_req_blocked,1787519986,0.000340,,,,true,,POST,PGR_Assign,HTTP/2.0,warmup,,200,,tls1.3,PGR_Assign,,
http_req_connecting,1787519986,0.000000,,,,true,,POST,PGR_Assign,HTTP/2.0,warmup,,200,,tls1.3,PGR_Assign,,
http_req_tls_handshaking,1787519986,0.000000,,,,true,,POST,PGR_Assign,HTTP/2.0,warmup,,200,,tls1.3,PGR_Assign,,
http_req_sending,1787519986,0.084272,,,,true,,POST,PGR_Assign,HTTP/2.0,warmup,,200,,tls1.3,PGR_Assign,,
http_req_waiting,1787519986,421.340961,,,,true,,POST,PGR_Assign,HTTP/2.0,warmup,,200,,tls1.3,PGR_Assign,,
http_req_receiving,1787519986,0.071537,,,,true,,POST,PGR_Assign,HTTP/2.0,warmup,,200,,tls1.3,PGR_Assign,,
http_req_failed,1787519986,0.000000,,,,true,,POST,PGR_Assign,HTTP/2.0,warmup,,200,,tls1.3,PGR_Assign,,
vus,1787519987,1.000000,,,,,,,,,,,,,,,,
vus_max,1787519987,2.000000,,,,,,,,,,,,,,,,
vus,1787519988,1.000000,,,,,,,,,,,,,,,,
vus_max,1787519988,2.000000,,,,,,,,,,,,,,,,
http_reqs,1787519988,1.000000,,,,true,,POST,PGR_Resolve,HTTP/2.0,warmup,,200,,tls1.3,PGR_Resolve,,
http_req_duration,1787519988,362.857876,,,,true,,POST,PGR_Resolve,HTTP/2.0,warmup,,200,,tls1.3,PGR_Resolve,,
http_req_blocked,1787519988,0.000621,,,,true,,POST,PGR_Resolve,HTTP/2.0,warmup,,200,,tls1.3,PGR_Resolve,,
http_req_connecting,1787519988,0.000000,,,,true,,POST,PGR_Resolve,HTTP/2.0,warmup,,200,,tls1.3,PGR_Resolve,,
http_req_tls_handshaking,1787519988,0.000000,,,,true,,POST,PGR_Resolve,HTTP/2.0,warmup,,200,,tls1.3,PGR_Resolve,,
http_req_sending,1787519988,0.090553,,,,true,,POST,PGR_Resolve,HTTP/2.0,warmup,,200,,tls1.3,PGR_Resolve,,
http_req_waiting,1787519988,362.681309,,,,true,,POST,PGR_Resolve,HTTP/2.0,warmup,,200,,tls1.3,PGR_Resolve,,
http_req_receiving,1787519988,0.086014,,,,true,,POST,PGR_Resolve,HTTP/2.0,warmup,,200,,tls1.3,PGR_Resolve,,
http_req_failed,1787519988,0.000000,,,,true,,POST,PGR_Resolve,HTTP/2.0,warmup,,200,,tls1.3,PGR_Resolve,,
vus,1787519989,1.000000,,,,,,,,,,,,,,,,
vus_max,1787519989,2.000000,,,,,,,,,,,,,,,,
vus,1787519990,1.000000,,,,,,,,,,,,,,,,
vus_max,1787519990,2.000000,,,,,,,,,,,,,,,,
http_reqs,1787519990,1.000000,,,,true,,POST,PGR_Search,HTTP/2.0,warmup,,200,,tls1.3,PGR_Search,,
http_req_duration,1787519990,312.014347,,,,true,,POST,PGR_Search,HTTP/2.0,warmup,,200,,tls1.3,PGR_Search,,
http_req_blocked,1787519990,0.000511,,,,true,,POST,PGR_Search,HTTP/2.0,warmup,,200,,tls1.3,PGR_Search,,
http_req_connecting,1787519990,0.000000,,,,true,,POST,PGR_Search,HTTP/2.0,warmup,,200,,tls1.3,PGR_Search,,
http_req_tls_handshaking,1787519990,0.000000,,,,true,,POST,PGR_Search,HTTP/2.0,warmup,,200,,tls1.3,PGR_Search,,
http_req_sending,1787519990,0.103618,,,,true,,POST,PGR_Search,HTTP/2.0,warmup,,200,,tls1.3,PGR_Search,,
http_req_waiting,1787519990,311.863730,,,,true,,POST,PGR_Search,HTTP/2.0,warmup,,200,,tls1.3,PGR_Search,,
http_req_receiving,1787519990,0.046999,,,,true,,POST,PGR_Search,HTTP/2.0,warmup,,200,,tls1.3,PGR_Search,,
http_req_failed,1787519990,0.000000,,,,true,,POST,PGR_Search,HTTP/2.0,warmup,,200,,tls1.3,PGR_Search,,
transaction_duration,1787519990,9118.000000,,,,,,,,,warmup,,,,,,,
transaction_success,1787519990,1.000000,,,,,,,,,warmup,,,,,,,
data_sent,1787519990,14290.000000,,,,,,,,,warmup,,,,,,,
data_received,1787519990,18612.000000,,,,,,,,,warmup,,,,,,,
iteration_duration,1787519990,9118.154205,,,,,,,,,warmup,,,,,,,
iterations,1787519990,1.000000,,,,,,,,,warmup,,,,,,,
vus,1787519991,0.000000,,,,,,,,,,,,,,,,
vus_max,1787519991,2.000000,,,,,,,,,,,,,,,,
vus,1787519992,0.000000,,,,,,,,,,,,,,,,
vus_max,1787519992,2.000000,,,,,,,,,,,,,,,,
vus,1787519993,0.000000,,,,,,,,,,,,,,,,
vus_max,1787519993,2.000000,,,,,,,,,,,,,,,,
vus,1787519994,0.000000,,,,,,,,,,,,,,,,
vus_max,1787519994,2.000000,,,,,,,,,,,,,,,,
vus,1787519995,0.000000,,,,,,,,,,,,,,,,
vus_max,1787519995,2.000000,,,,,,,,,,,,,,,,
vus,1787519996,0.000000,,,,,,,,,,,,,,,,
vus_max,1787519996,2.000000,,,,,,,,,,,,,,,,
vus,1787519997,0.000000,,,,,,,,,,,,,,,,
vus_max,1787519997,2.000000,,,,,,,,,,,,,,,,
vus,1787519998,0.000000,,,,,,,,,,,,,,,,
vus_max,1787519998,2.000000,,,,,,,,,,,,,,,,
vus,1787519999,0.000000,,,,,,,,,,,,,,,,
vus_max,1787519999,2.000000,,,,,,,,,,,,,,,,
vus,1787520000,0.000000,,,,,,,,,,,,,,,,
vus_max,1787520000,2.000000,,,,,,,,,,,,,,,,
vus,1787520001,0.000000,,,,,,,,,,,,,,,,
vus_max,1787520001,2.000000,,,,,,,,,,,,,,,,
vus,1787520002,0.000000,,,,,,,,,,,,,,,,
vus_max,1787520002,2.000000,,,,,,,,,,,,,,,,
vus,1787520003,0.000000,,,,,,,,,,,,,,,,
vus_max,1787520003,2.000000,,,,,,,,,,,,,,,,
vus,1787520004,0.000000,,,,,,,,,,,,,,,,
vus_max,1787520004,2.000000,,,,,,,,,,,,,,,,
vus,1787520005,0.000000,,,,,,,,,,,,,,,,
vus_max,1787520005,2.000000,,,,,,,,,,,,,,,,
vus,1787520006,0.000000,,,,,,,,,,,,,,,,
vus_max,1787520006,2.000000,,,,,,,,,,,,,,,,
vus,1787520007,0.000000,,,,,,,,,,,,,,,,
vus_max,1787520007,2.000000,,,,,,,,,,,,,,,,
vus,1787520008,0.000000,,,,,,,,,,,,,,,,
vus_max,1787520008,2.000000,,,,,,,,,,,,,,,,
vus,1787520009,0.000000,,,,,,,,,,,,,,,,
vus_max,1787520009,2.000000,,,,,,,,,,,,,,,,
vus,1787520010,0.000000,,,,,,,,,,,,,,,,
vus_max,1787520010,2.000000,,,,,,,,,,,,,,,,
vus,1787520011,0.000000,,,,,,,,,,,,,,,,
vus_max,1787520011,2.000000,,,,,,,,,,,,,,,,
vus,1787520012,0.000000,,,,,,,,,,,,,,,,
vus_max,1787520012,2.000000,,,,,,,,,,,,,,,,
vus,1787520013,0.000000,,,,,,,,,,,,,,,,
vus_max,1787520013,2.000000,,,,,,,,,,,,,,,,
vus,1787520014,0.000000,,,,,,,,,,,,,,,,
vus_max,1787520014,2.000000,,,,,,,,,,,,,,,,
vus,1787520015,0.000000,,,,,,,,,,,,,,,,
vus_max,1787520015,2.000000,,,,,,,,,,,,,,,,
vus,1787520016,0.000000,,,,,,,,,,,,,,,,
vus_max,1787520016,2.000000,,,,,,,,,,,,,,,,
vus,1787520017,0.000000,,,,,,,,,,,,,,,,
vus_max,1787520017,2.000000,,,,,,,,,,,,,,,,
vus,1787520018,0.000000,,,,,,,,,,,,,,,,
vus_max,1787520018,2.000000,,,,,,,,,,,,,,,,
vus,1787520019,0.000000,,,,,,,,,,,,,,,,
vus_max,1787520019,2.000000,,,,,,,,,,,,,,,,
vus,1787520020,0.000000,,,,,,,,,,,,,,,,
vus_max,1787520020,2.000000,,,,,,,,,,,,,,,,
vus,1787520021,0.000000,,,,,,,,,,,,,,,,
vus_max,1787520021,2.000000,,,,,,,,,,,,,,,,
vus,1787520022,0.000000,,,,,,,,,,,,,,,,
vus_max,1787520022,2.000000,,,,,,,,,,,,,,,,
vus,1787520023,0.000000,,,,,,,,,,,,,,,,
vus_max,1787520023,2.000000,,,,,,,,,,,,,,,,
vus,1787520024,0.000000,,,,,,,,,,,,,,,,
vus_max,1787520024,2.000000,,,,,,,,,,,,,,,,
vus,1787520025,0.000000,,,,,,,,,,,,,,,,
vus_max,1787520025,2.000000,,,,,,,,,,,,,,,,
vus,1787520026,0.000000,,,,,,,,,,,,,,,,
vus_max,1787520026,2.000000,,,,,,,,,,,,,,,,
vus,1787520027,0.000000,,,,,,,,,,,,,,,,
vus_max,1787520027,2.000000,,,,,,,,,,,,,,,,
vus,1787520028,0.000000,,,,,,,,,,,,,,,,
vus_max,1787520028,2.000000,,,,,,,,,,,,,,,,
vus,1787520029,0.000000,,,,,,,,,,,,,,,,
vus_max,1787520029,2.000000,,,,,,,,,,,,,,,,
vus,1787520030,0.000000,,,,,,,,,,,,,,,,
vus_max,1787520030,2.000000,,,,,,,,,,,,,,,,
vus,1787520031,0.000000,,,,,,,,,,,,,,,,
vus_max,1787520031,2.000000,,,,,,,,,,,,,,,,
vus,1787520032,0.000000,,,,,,,,,,,,,,,,
vus_max,1787520032,2.000000,,,,,,,,,,,,,,,,
vus,1787520033,0.000000,,,,,,,,,,,,,,,,
vus_max,1787520033,2.000000,,,,,,,,,,,,,,,,
vus,1787520034,0.000000,,,,,,,,,,,,,,,,
vus_max,1787520034,2.000000,,,,,,,,,,,,,,,,
vus,1787520035,0.000000,,,,,,,,,,,,,,,,
vus_max,1787520035,2.000000,,,,,,,,,,,,,,,,
vus,1787520036,0.000000,,,,,,,,,,,,,,,,
vus_max,1787520036,2.000000,,,,,,,,,,,,,,,,
vus,1787520037,0.000000,,,,,,,,,,,,,,,,
vus_max,1787520037,2.000000,,,,,,,,,,,,,,,,
vus,1787520038,0.000000,,,,,,,,,,,,,,,,
vus_max,1787520038,2.000000,,,,,,,,,,,,,,,,
vus,1787520039,0.000000,,,,,,,,,,,,,,,,
vus_max,1787520039,2.000000,,,,,,,,,,,,,,,,
vus,1787520040,0.000000,,,,,,,,,,,,,,,,
vus_max,1787520040,2.000000,,,,,,,,,,,,,,,,
vus,1787520041,0.000000,,,,,,,,,,,,,,,,
vus_max,1787520041,2.000000,,,,,,,,,,,,,,,,
vus,1787520042,0.000000,,,,,,,,,,,,,,,,
vus_max,1787520042,2.000000,,,,,,,,,,,,,,,,
vus,1787520043,0.000000,,,,,,,,,,,,,,,,
vus_max,1787520043,2.000000,,,,,,,,,,,,,,,,
vus,1787520044,0.000000,,,,,,,,,,,,,,,,
vus_max,1787520044,2.000000,,,,,,,,,,,,,,,,
http_reqs,1787520044,1.000000,,,,true,,POST,Auth_Login,HTTP/2.0,main,,200,,tls1.3,Auth_Login,,
http_req_duration,1787520044,350.442540,,,,true,,POST,Auth_Login,HTTP/2.0,main,,200,,tls1.3,Auth_Login,,
http_req_blocked,1787520044,386.237810,,,,true,,POST,Auth_Login,HTTP/2.0,main,,200,,tls1.3,Auth_Login,,
http_req_connecting,1787520044,190.102156,,,,true,,POST,Auth_Login,HTTP/2.0,main,,200,,tls1.3,Auth_Login,,
http_req_tls_handshaking,1787520044,195.980638,,,,true,,POST,Auth_Login,HTTP/2.0,main,,200,,tls1.3,Auth_Login,,
http_req_sending,1787520044,0.065676,,,,true,,POST,Auth_Login,HTTP/2.0,main,,200,,tls1.3,Auth_Login,,
http_req_waiting,1787520044,350.331427,,,,true,,POST,Auth_Login,HTTP/2.0,main,,200,,tls1.3,Auth_Login,,
http_req_receiving,1787520044,0.045437,,,,true,,POST,Auth_Login,HTTP/2.0,main,,200,,tls1.3,Auth_Login,,
http_req_failed,1787520044,0.000000,,,,true,,POST,Auth_Login,HTTP/2.0,main,,200,,tls1.3,Auth_Login,,
vus,1787520045,1.000000,,,,,,,,,,,,,,,,
vus_max,1787520045,2.000000,,,,,,,,,,,,,,,,
vus,1787520046,1.000000,,,,,,,,,,,,,,,,
vus_max,1787520046,2.000000,,,,,,,,,,,,,,,,
vus,1787520047,1.000000,,,,,,,,,,,,,,,,
vus_max,1787520047,2.000000,,,,,,,,,,,,,,,,
http_reqs,1787520047,1.000000,,,,true,,POST,PGR_Create,HTTP/2.0,main,,200,,tls1.3,PGR_Create,,
http_req_duration,1787520047,434.087171,,,,true,,POST,PGR_Create,HTTP/2.0,main,,200,,tls1.3,PGR_Create,,
http_req_blocked,1787520047,0.000290,,,,true,,POST,PGR_Create,HTTP/2.0,main,,200,,tls1.3,PGR_Create,,
http_req_connecting,1787520047,0.000000,,,,true,,POST,PGR_Create,HTTP/2.0,main,,200,,tls1.3,PGR_Create,,
http_req_tls_handshaking,1787520047,0.000000,,,,true,,POST,PGR_Create,HTTP/2.0,main,,200,,tls1.3,PGR_Create,,
http_req_sending,1787520047,0.097937,,,,true,,POST,PGR_Create,HTTP/2.0,main,,200,,tls1.3,PGR_Create,,
http_req_waiting,1787520047,433.844106,,,,true,,POST,PGR_Create,HTTP/2.0,main,,200,,tls1.3,PGR_Create,,
http_req_receiving,1787520047,0.145128,,,,true,,POST,PGR_Create,HTTP/2.0,main,,200,,tls1.3,PGR_Create,,
http_req_failed,1787520047,0.000000,,,,true,,POST,PGR_Create,HTTP/2.0,main,,200,,tls1.3,PGR_Create,,
vus,1787520048,1.000000,,,,,,,,,,,,,,,,
vus_max,1787520048,2.000000,,,,,,,,,,,,,,,,
vus,1787520049,1.000000,,,,,,,,,,,,,,,,
vus_max,1787520049,2.000000,,,,,,,,,,,,,,,,
http_reqs,1787520049,1.000000,,,,true,,POST,PGR_Assign,HTTP/2.0,main,,200,,tls1.3,PGR_Assign,,
http_req_duration,1787520049,383.958577,,,,true,,POST,PGR_Assign,HTTP/2.0,main,,200,,tls1.3,PGR_Assign,,
http_req_blocked,1787520049,0.000281,,,,true,,POST,PGR_Assign,HTTP/2.0,main,,200,,tls1.3,PGR_Assign,,
http_req_connecting,1787520049,0.000000,,,,true,,POST,PGR_Assign,HTTP/2.0,main,,200,,tls1.3,PGR_Assign,,
http_req_tls_handshaking,1787520049,0.000000,,,,true,,POST,PGR_Assign,HTTP/2.0,main,,200,,tls1.3,PGR_Assign,,
http_req_sending,1787520049,0.094170,,,,true,,POST,PGR_Assign,HTTP/2.0,main,,200,,tls1.3,PGR_Assign,,
http_req_waiting,1787520049,383.785186,,,,true,,POST,PGR_Assign,HTTP/2.0,main,,200,,tls1.3,PGR_Assign,,
http_req_receiving,1787520049,0.079221,,,,true,,POST,PGR_Assign,HTTP/2.0,main,,200,,tls1.3,PGR_Assign,,
http_req_failed,1787520049,0.000000,,,,true,,POST,PGR_Assign,HTTP/2.0,main,,200,,tls1.3,PGR_Assign,,
vus,1787520050,1.000000,,,,,,,,,,,,,,,,
vus_max,1787520050,2.000000,,,,,,,,,,,,,,,,
vus,1787520051,1.000000,,,,,,,,,,,,,,,,
vus_max,1787520051,2.000000,,,,,,,,,,,,,,,,
http_reqs,1787520051,1.000000,,,,true,,POST,PGR_Resolve,HTTP/2.0,main,,200,,tls1.3,PGR_Resolve,,
http_req_duration,1787520051,393.393395,,,,true,,POST,PGR_Resolve,HTTP/2.0,main,,200,,tls1.3,PGR_Resolve,,
http_req_blocked,1787520051,0.000270,,,,true,,POST,PGR_Resolve,HTTP/2.0,main,,200,,tls1.3,PGR_Resolve,,
http_req_connecting,1787520051,0.000000,,,,true,,POST,PGR_Resolve,HTTP/2.0,main,,200,,tls1.3,PGR_Resolve,,
http_req_tls_handshaking,1787520051,0.000000,,,,true,,POST,PGR_Resolve,HTTP/2.0,main,,200,,tls1.3,PGR_Resolve,,
http_req_sending,1787520051,0.100973,,,,true,,POST,PGR_Resolve,HTTP/2.0,main,,200,,tls1.3,PGR_Resolve,,
http_req_waiting,1787520051,393.186930,,,,true,,POST,PGR_Resolve,HTTP/2.0,main,,200,,tls1.3,PGR_Resolve,,
http_req_receiving,1787520051,0.105492,,,,true,,POST,PGR_Resolve,HTTP/2.0,main,,200,,tls1.3,PGR_Resolve,,
http_req_failed,1787520051,0.000000,,,,true,,POST,PGR_Resolve,HTTP/2.0,main,,200,,tls1.3,PGR_Resolve,,
vus,1787520052,1.000000,,,,,,,,,,,,,,,,
vus_max,1787520052,2.000000,,,,,,,,,,,,,,,,
vus,1787520053,1.000000,,,,,,,,,,,,,,,,
vus_max,1787520053,2.000000,,,,,,,,,,,,,,,,
vus,1787520054,1.000000,,,,,,,,,,,,,,,,
vus_max,1787520054,2.000000,,,,,,,,,,,,,,,,
http_reqs,1787520054,1.000000,,,,true,,POST,PGR_Search,HTTP/2.0,main,,200,,tls1.3,PGR_Search,,
http_req_duration,1787520054,328.342405,,,,true,,POST,PGR_Search,HTTP/2.0,main,,200,,tls1.3,PGR_Search,,
http_req_blocked,1787520054,0.000280,,,,true,,POST,PGR_Search,HTTP/2.0,main,,200,,tls1.3,PGR_Search,,
http_req_connecting,1787520054,0.000000,,,,true,,POST,PGR_Search,HTTP/2.0,main,,200,,tls1.3,PGR_Search,,
http_req_tls_handshaking,1787520054,0.000000,,,,true,,POST,PGR_Search,HTTP/2.0,main,,200,,tls1.3,PGR_Search,,
http_req_sending,1787520054,0.085955,,,,true,,POST,PGR_Search,HTTP/2.0,main,,200,,tls1.3,PGR_Search,,
http_req_waiting,1787520054,328.213398,,,,true,,POST,PGR_Search,HTTP/2.0,main,,200,,tls1.3,PGR_Search,,
http_req_receiving,1787520054,0.043052,,,,true,,POST,PGR_Search,HTTP/2.0,main,,200,,tls1.3,PGR_Search,,
http_req_failed,1787520054,0.000000,,,,true,,POST,PGR_Search,HTTP/2.0,main,,200,,tls1.3,PGR_Search,,
transaction_duration,1787520054,10263.000000,,,,,,,,,main,,,,,,,
transaction_success,1787520054,1.000000,,,,,,,,,main,,,,,,,
data_sent,1787520054,15276.000000,,,,,,,,,main,,,,,,,
data_received,1787520054,24170.000000,,,,,,,,,main,,,,,,,
iteration_duration,1787520054,10262.794497,,,,,,,,,main,,,,,,,
iterations,1787520054,1.000000,,,,,,,,,main,,,,,,,
vus,1787520055,1.000000,,,,,,,,,,,,,,,,
vus_max,1787520055,2.000000,,,,,,,,,,,,,,,,
vus,1787520056,1.000000,,,,,,,,,,,,,,,,
vus_max,1787520056,2.000000,,,,,,,,,,,,,,,,
vus,1787520057,1.000000,,,,,,,,,,,,,,,,
vus_max,1787520057,2.000000,,,,,,,,,,,,,,,,
http_reqs,1787520057,1.000000,,,,true,,POST,PGR_Create,HTTP/2.0,main,,200,,tls1.3,PGR_Create,,
http_req_duration,1787520057,454.617412,,,,true,,POST,PGR_Create,HTTP/2.0,main,,200,,tls1.3,PGR_Create,,
http_req_blocked,1787520057,0.000351,,,,true,,POST,PGR_Create,HTTP/2.0,main,,200,,tls1.3,PGR_Create,,
http_req_connecting,1787520057,0.000000,,,,true,,POST,PGR_Create,HTTP/2.0,main,,200,,tls1.3,PGR_Create,,
http_req_tls_handshaking,1787520057,0.000000,,,,true,,POST,PGR_Create,HTTP/2.0,main,,200,,tls1.3,PGR_Create,,
http_req_sending,1787520057,0.062710,,,,true,,POST,PGR_Create,HTTP/2.0,main,,200,,tls1.3,PGR_Create,,
http_req_waiting,1787520057,454.481512,,,,true,,POST,PGR_Create,HTTP/2.0,main,,200,,tls1.3,PGR_Create,,
http_req_receiving,1787520057,0.073190,,,,true,,POST,PGR_Create,HTTP/2.0,main,,200,,tls1.3,PGR_Create,,
http_req_failed,1787520057,0.000000,,,,true,,POST,PGR_Create,HTTP/2.0,main,,200,,tls1.3,PGR_Create,,
vus,1787520058,1.000000,,,,,,,,,,,,,,,,
vus_max,1787520058,2.000000,,,,,,,,,,,,,,,,
vus,1787520059,1.000000,,,,,,,,,,,,,,,,
vus_max,1787520059,2.000000,,,,,,,,,,,,,,,,
http_reqs,1787520060,1.000000,,,,true,,POST,PGR_Assign,HTTP/2.0,main,,200,,tls1.3,PGR_Assign,,
http_req_duration,1787520060,422.681679,,,,true,,POST,PGR_Assign,HTTP/2.0,main,,200,,tls1.3,PGR_Assign,,
http_req_blocked,1787520060,0.000190,,,,true,,POST,PGR_Assign,HTTP/2.0,main,,200,,tls1.3,PGR_Assign,,
http_req_connecting,1787520060,0.000000,,,,true,,POST,PGR_Assign,HTTP/2.0,main,,200,,tls1.3,PGR_Assign,,
http_req_tls_handshaking,1787520060,0.000000,,,,true,,POST,PGR_Assign,HTTP/2.0,main,,200,,tls1.3,PGR_Assign,,
http_req_sending,1787520060,0.071387,,,,true,,POST,PGR_Assign,HTTP/2.0,main,,200,,tls1.3,PGR_Assign,,
http_req_waiting,1787520060,422.537733,,,,true,,POST,PGR_Assign,HTTP/2.0,main,,200,,tls1.3,PGR_Assign,,
http_req_receiving,1787520060,0.072559,,,,true,,POST,PGR_Assign,HTTP/2.0,main,,200,,tls1.3,PGR_Assign,,
http_req_failed,1787520060,0.000000,,,,true,,POST,PGR_Assign,HTTP/2.0,main,,200,,tls1.3,PGR_Assign,,
vus,1787520060,1.000000,,,,,,,,,,,,,,,,
vus_max,1787520060,2.000000,,,,,,,,,,,,,,,,
vus,1787520061,1.000000,,,,,,,,,,,,,,,,
vus_max,1787520061,2.000000,,,,,,,,,,,,,,,,
vus,1787520062,1.000000,,,,,,,,,,,,,,,,
vus_max,1787520062,2.000000,,,,,,,,,,,,,,,,
vus,1787520063,1.000000,,,,,,,,,,,,,,,,
vus_max,1787520063,2.000000,,,,,,,,,,,,,,,,
http_reqs,1787520063,1.000000,,,,true,,POST,PGR_Resolve,HTTP/2.0,main,,200,,tls1.3,PGR_Resolve,,
http_req_duration,1787520063,381.575414,,,,true,,POST,PGR_Resolve,HTTP/2.0,main,,200,,tls1.3,PGR_Resolve,,
http_req_blocked,1787520063,0.000191,,,,true,,POST,PGR_Resolve,HTTP/2.0,main,,200,,tls1.3,PGR_Resolve,,
http_req_connecting,1787520063,0.000000,,,,true,,POST,PGR_Resolve,HTTP/2.0,main,,200,,tls1.3,PGR_Resolve,,
http_req_tls_handshaking,1787520063,0.000000,,,,true,,POST,PGR_Resolve,HTTP/2.0,main,,200,,tls1.3,PGR_Resolve,,
http_req_sending,1787520063,0.067128,,,,true,,POST,PGR_Resolve,HTTP/2.0,main,,200,,tls1.3,PGR_Resolve,,
http_req_waiting,1787520063,381.272175,,,,true,,POST,PGR_Resolve,HTTP/2.0,main,,200,,tls1.3,PGR_Resolve,,
http_req_receiving,1787520063,0.236111,,,,true,,POST,PGR_Resolve,HTTP/2.0,main,,200,,tls1.3,PGR_Resolve,,
http_req_failed,1787520063,0.000000,,,,true,,POST,PGR_Resolve,HTTP/2.0,main,,200,,tls1.3,PGR_Resolve,,
vus,1787520064,1.000000,,,,,,,,,,,,,,,,
vus_max,1787520064,2.000000,,,,,,,,,,,,,,,,
vus,1787520065,1.000000,,,,,,,,,,,,,,,,
vus_max,1787520065,2.000000,,,,,,,,,,,,,,,,
http_reqs,1787520065,1.000000,,,,true,,POST,PGR_Search,HTTP/2.0,main,,200,,tls1.3,PGR_Search,,
http_req_duration,1787520065,317.571857,,,,true,,POST,PGR_Search,HTTP/2.0,main,,200,,tls1.3,PGR_Search,,
http_req_blocked,1787520065,0.000271,,,,true,,POST,PGR_Search,HTTP/2.0,main,,200,,tls1.3,PGR_Search,,
http_req_connecting,1787520065,0.000000,,,,true,,POST,PGR_Search,HTTP/2.0,main,,200,,tls1.3,PGR_Search,,
http_req_tls_handshaking,1787520065,0.000000,,,,true,,POST,PGR_Search,HTTP/2.0,main,,200,,tls1.3,PGR_Search,,
http_req_sending,1787520065,0.076646,,,,true,,POST,PGR_Search,HTTP/2.0,main,,200,,tls1.3,PGR_Search,,
http_req_waiting,1787520065,317.455605,,,,true,,POST,PGR_Search,HTTP/2.0,main,,200,,tls1.3,PGR_Search,,
http_req_receiving,1787520065,0.039606,,,,true,,POST,PGR_Search,HTTP/2.0,main,,200,,tls1.3,PGR_Search,,
http_req_failed,1787520065,0.000000,,,,true,,POST,PGR_Search,HTTP/2.0,main,,200,,tls1.3,PGR_Search,,
transaction_duration,1787520065,10951.000000,,,,,,,,,main,,,,,,,
transaction_success,1787520065,1.000000,,,,,,,,,main,,,,,,,
data_sent,1787520065,14448.000000,,,,,,,,,main,,,,,,,
data_received,1787520065,18888.000000,,,,,,,,,main,,,,,,,
iteration_duration,1787520065,10951.193562,,,,,,,,,main,,,,,,,
iterations,1787520065,1.000000,,,,,,,,,main,,,,,,,
vus,1787520066,1.000000,,,,,,,,,,,,,,,,
vus_max,1787520066,2.000000,,,,,,,,,,,,,,,,
vus,1787520067,1.000000,,,,,,,,,,,,,,,,
vus_max,1787520067,2.000000,,,,,,,,,,,,,,,,
vus,1787520068,1.000000,,,,,,,,,,,,,,,,
vus_max,1787520068,2.000000,,,,,,,,,,,,,,,,
http_reqs,1787520068,1.000000,,,,true,,POST,PGR_Create,HTTP/2.0,main,,200,,tls1.3,PGR_Create,,
http_req_duration,1787520068,416.455482,,,,true,,POST,PGR_Create,HTTP/2.0,main,,200,,tls1.3,PGR_Create,,
http_req_blocked,1787520068,0.000271,,,,true,,POST,PGR_Create,HTTP/2.0,main,,200,,tls1.3,PGR_Create,,
http_req_connecting,1787520068,0.000000,,,,true,,POST,PGR_Create,HTTP/2.0,main,,200,,tls1.3,PGR_Create,,
http_req_tls_handshaking,1787520068,0.000000,,,,true,,POST,PGR_Create,HTTP/2.0,main,,200,,tls1.3,PGR_Create,,
http_req_sending,1787520068,0.064143,,,,true,,POST,PGR_Create,HTTP/2.0,main,,200,,tls1.3,PGR_Create,,
http_req_waiting,1787520068,415.755374,,,,true,,POST,PGR_Create,HTTP/2.0,main,,200,,tls1.3,PGR_Create,,
http_req_receiving,1787520068,0.635965,,,,true,,POST,PGR_Create,HTTP/2.0,main,,200,,tls1.3,PGR_Create,,
http_req_failed,1787520068,0.000000,,,,true,,POST,PGR_Create,HTTP/2.0,main,,200,,tls1.3,PGR_Create,,
vus,1787520069,1.000000,,,,,,,,,,,,,,,,
vus_max,1787520069,2.000000,,,,,,,,,,,,,,,,
vus,1787520070,1.000000,,,,,,,,,,,,,,,,
vus_max,1787520070,2.000000,,,,,,,,,,,,,,,,
http_reqs,1787520070,1.000000,,,,true,,POST,PGR_Assign,HTTP/2.0,main,,200,,tls1.3,PGR_Assign,,
http_req_duration,1787520070,439.600903,,,,true,,POST,PGR_Assign,HTTP/2.0,main,,200,,tls1.3,PGR_Assign,,
http_req_blocked,1787520070,0.000321,,,,true,,POST,PGR_Assign,HTTP/2.0,main,,200,,tls1.3,PGR_Assign,,
http_req_connecting,1787520070,0.000000,,,,true,,POST,PGR_Assign,HTTP/2.0,main,,200,,tls1.3,PGR_Assign,,
http_req_tls_handshaking,1787520070,0.000000,,,,true,,POST,PGR_Assign,HTTP/2.0,main,,200,,tls1.3,PGR_Assign,,
http_req_sending,1787520070,0.085744,,,,true,,POST,PGR_Assign,HTTP/2.0,main,,200,,tls1.3,PGR_Assign,,
http_req_waiting,1787520070,438.673371,,,,true,,POST,PGR_Assign,HTTP/2.0,main,,200,,tls1.3,PGR_Assign,,
http_req_receiving,1787520070,0.841788,,,,true,,POST,PGR_Assign,HTTP/2.0,main,,200,,tls1.3,PGR_Assign,,
http_req_failed,1787520070,0.000000,,,,true,,POST,PGR_Assign,HTTP/2.0,main,,200,,tls1.3,PGR_Assign,,
vus,1787520071,1.000000,,,,,,,,,,,,,,,,
vus_max,1787520071,2.000000,,,,,,,,,,,,,,,,
vus,1787520072,1.000000,,,,,,,,,,,,,,,,
vus_max,1787520072,2.000000,,,,,,,,,,,,,,,,
vus,1787520073,1.000000,,,,,,,,,,,,,,,,
vus_max,1787520073,2.000000,,,,,,,,,,,,,,,,
http_reqs,1787520074,1.000000,,,,true,,POST,PGR_Resolve,HTTP/2.0,main,,200,,tls1.3,PGR_Resolve,,
http_req_duration,1787520074,372.510663,,,,true,,POST,PGR_Resolve,HTTP/2.0,main,,200,,tls1.3,PGR_Resolve,,
http_req_blocked,1787520074,0.000351,,,,true,,POST,PGR_Resolve,HTTP/2.0,main,,200,,tls1.3,PGR_Resolve,,
http_req_connecting,1787520074,0.000000,,,,true,,POST,PGR_Resolve,HTTP/2.0,main,,200,,tls1.3,PGR_Resolve,,
http_req_tls_handshaking,1787520074,0.000000,,,,true,,POST,PGR_Resolve,HTTP/2.0,main,,200,,tls1.3,PGR_Resolve,,
http_req_sending,1787520074,0.092176,,,,true,,POST,PGR_Resolve,HTTP/2.0,main,,200,,tls1.3,PGR_Resolve,,
http_req_waiting,1787520074,372.360827,,,,true,,POST,PGR_Resolve,HTTP/2.0,main,,200,,tls1.3,PGR_Resolve,,
http_req_receiving,1787520074,0.057660,,,,true,,POST,PGR_Resolve,HTTP/2.0,main,,200,,tls1.3,PGR_Resolve,,
http_req_failed,1787520074,0.000000,,,,true,,POST,PGR_Resolve,HTTP/2.0,main,,200,,tls1.3,PGR_Resolve,,
vus,1787520074,1.000000,,,,,,,,,,,,,,,,
vus_max,1787520074,2.000000,,,,,,,,,,,,,,,,
vus,1787520075,1.000000,,,,,,,,,,,,,,,,
vus_max,1787520075,2.000000,,,,,,,,,,,,,,,,
vus,1787520076,1.000000,,,,,,,,,,,,,,,,
vus_max,1787520076,2.000000,,,,,,,,,,,,,,,,
http_reqs,1787520076,1.000000,,,,true,,POST,PGR_Search,HTTP/2.0,main,,200,,tls1.3,PGR_Search,,
http_req_duration,1787520076,342.778265,,,,true,,POST,PGR_Search,HTTP/2.0,main,,200,,tls1.3,PGR_Search,,
http_req_blocked,1787520076,0.000501,,,,true,,POST,PGR_Search,HTTP/2.0,main,,200,,tls1.3,PGR_Search,,
http_req_connecting,1787520076,0.000000,,,,true,,POST,PGR_Search,HTTP/2.0,main,,200,,tls1.3,PGR_Search,,
http_req_tls_handshaking,1787520076,0.000000,,,,true,,POST,PGR_Search,HTTP/2.0,main,,200,,tls1.3,PGR_Search,,
http_req_sending,1787520076,0.081937,,,,true,,POST,PGR_Search,HTTP/2.0,main,,200,,tls1.3,PGR_Search,,
http_req_waiting,1787520076,342.647404,,,,true,,POST,PGR_Search,HTTP/2.0,main,,200,,tls1.3,PGR_Search,,
http_req_receiving,1787520076,0.048924,,,,true,,POST,PGR_Search,HTTP/2.0,main,,200,,tls1.3,PGR_Search,,
http_req_failed,1787520076,0.000000,,,,true,,POST,PGR_Search,HTTP/2.0,main,,200,,tls1.3,PGR_Search,,
transaction_duration,1787520076,11229.000000,,,,,,,,,main,,,,,,,
transaction_success,1787520076,1.000000,,,,,,,,,main,,,,,,,
data_sent,1787520076,14403.000000,,,,,,,,,main,,,,,,,
data_received,1787520076,18762.000000,,,,,,,,,main,,,,,,,
iteration_duration,1787520076,11228.569934,,,,,,,,,main,,,,,,,
iterations,1787520076,1.000000,,,,,,,,,main,,,,,,,
vus,1787520077,1.000000,,,,,,,,,,,,,,,,
vus_max,1787520077,2.000000,,,,,,,,,,,,,,,,
vus,1787520078,1.000000,,,,,,,,,,,,,,,,
vus_max,1787520078,2.000000,,,,,,,,,,,,,,,,
vus,1787520079,1.000000,,,,,,,,,,,,,,,,
vus_max,1787520079,2.000000,,,,,,,,,,,,,,,,
http_reqs,1787520079,1.000000,,,,true,,POST,PGR_Create,HTTP/2.0,main,,200,,tls1.3,PGR_Create,,
http_req_duration,1787520079,392.269238,,,,true,,POST,PGR_Create,HTTP/2.0,main,,200,,tls1.3,PGR_Create,,
http_req_blocked,1787520079,0.000601,,,,true,,POST,PGR_Create,HTTP/2.0,main,,200,,tls1.3,PGR_Create,,
http_req_connecting,1787520079,0.000000,,,,true,,POST,PGR_Create,HTTP/2.0,main,,200,,tls1.3,PGR_Create,,
http_req_tls_handshaking,1787520079,0.000000,,,,true,,POST,PGR_Create,HTTP/2.0,main,,200,,tls1.3,PGR_Create,,
http_req_sending,1787520079,0.080995,,,,true,,POST,PGR_Create,HTTP/2.0,main,,200,,tls1.3,PGR_Create,,
http_req_waiting,1787520079,392.105295,,,,true,,POST,PGR_Create,HTTP/2.0,main,,200,,tls1.3,PGR_Create,,
http_req_receiving,1787520079,0.082948,,,,true,,POST,PGR_Create,HTTP/2.0,main,,200,,tls1.3,PGR_Create,,
http_req_failed,1787520079,0.000000,,,,true,,POST,PGR_Create,HTTP/2.0,main,,200,,tls1.3,PGR_Create,,
vus,1787520080,1.000000,,,,,,,,,,,,,,,,
vus_max,1787520080,2.000000,,,,,,,,,,,,,,,,
http_reqs,1787520080,1.000000,,,,true,,POST,PGR_Assign,HTTP/2.0,main,,200,,tls1.3,PGR_Assign,,
http_req_duration,1787520080,369.695779,,,,true,,POST,PGR_Assign,HTTP/2.0,main,,200,,tls1.3,PGR_Assign,,
http_req_blocked,1787520080,0.000300,,,,true,,POST,PGR_Assign,HTTP/2.0,main,,200,,tls1.3,PGR_Assign,,
http_req_connecting,1787520080,0.000000,,,,true,,POST,PGR_Assign,HTTP/2.0,main,,200,,tls1.3,PGR_Assign,,
http_req_tls_handshaking,1787520080,0.000000,,,,true,,POST,PGR_Assign,HTTP/2.0,main,,200,,tls1.3,PGR_Assign,,
http_req_sending,1787520080,0.103237,,,,true,,POST,PGR_Assign,HTTP/2.0,main,,200,,tls1.3,PGR_Assign,,
http_req_waiting,1787520080,369.518540,,,,true,,POST,PGR_Assign,HTTP/2.0,main,,200,,tls1.3,PGR_Assign,,
http_req_receiving,1787520080,0.074002,,,,true,,POST,PGR_Assign,HTTP/2.0,main,,200,,tls1.3,PGR_Assign,,
http_req_failed,1787520080,0.000000,,,,true,,POST,PGR_Assign,HTTP/2.0,main,,200,,tls1.3,PGR_Assign,,
vus,1787520081,1.000000,,,,,,,,,,,,,,,,
vus_max,1787520081,2.000000,,,,,,,,,,,,,,,,
vus,1787520082,1.000000,,,,,,,,,,,,,,,,
vus_max,1787520082,2.000000,,,,,,,,,,,,,,,,
vus,1787520083,1.000000,,,,,,,,,,,,,,,,
vus_max,1787520083,2.000000,,,,,,,,,,,,,,,,
http_reqs,1787520084,1.000000,,,,true,,POST,PGR_Resolve,HTTP/2.0,main,,200,,tls1.3,PGR_Resolve,,
http_req_duration,1787520084,383.673906,,,,true,,POST,PGR_Resolve,HTTP/2.0,main,,200,,tls1.3,PGR_Resolve,,
http_req_blocked,1787520084,0.000621,,,,true,,POST,PGR_Resolve,HTTP/2.0,main,,200,,tls1.3,PGR_Resolve,,
http_req_connecting,1787520084,0.000000,,,,true,,POST,PGR_Resolve,HTTP/2.0,main,,200,,tls1.3,PGR_Resolve,,
http_req_tls_handshaking,1787520084,0.000000,,,,true,,POST,PGR_Resolve,HTTP/2.0,main,,200,,tls1.3,PGR_Resolve,,
http_req_sending,1787520084,0.099590,,,,true,,POST,PGR_Resolve,HTTP/2.0,main,,200,,tls1.3,PGR_Resolve,,
http_req_waiting,1787520084,383.508480,,,,true,,POST,PGR_Resolve,HTTP/2.0,main,,200,,tls1.3,PGR_Resolve,,
http_req_receiving,1787520084,0.065836,,,,true,,POST,PGR_Resolve,HTTP/2.0,main,,200,,tls1.3,PGR_Resolve,,
http_req_failed,1787520084,0.000000,,,,true,,POST,PGR_Resolve,HTTP/2.0,main,,200,,tls1.3,PGR_Resolve,,
vus,1787520084,1.000000,,,,,,,,,,,,,,,,
vus_max,1787520084,2.000000,,,,,,,,,,,,,,,,
vus,1787520085,1.000000,,,,,,,,,,,,,,,,
vus_max,1787520085,2.000000,,,,,,,,,,,,,,,,
vus,1787520086,1.000000,,,,,,,,,,,,,,,,
vus_max,1787520086,2.000000,,,,,,,,,,,,,,,,
vus,1787520087,1.000000,,,,,,,,,,,,,,,,
vus_max,1787520087,2.000000,,,,,,,,,,,,,,,,
http_reqs,1787520087,1.000000,,,,true,,POST,PGR_Search,HTTP/2.0,main,,200,,tls1.3,PGR_Search,,
http_req_duration,1787520087,357.832398,,,,true,,POST,PGR_Search,HTTP/2.0,main,,200,,tls1.3,PGR_Search,,
http_req_blocked,1787520087,0.000251,,,,true,,POST,PGR_Search,HTTP/2.0,main,,200,,tls1.3,PGR_Search,,
http_req_connecting,1787520087,0.000000,,,,true,,POST,PGR_Search,HTTP/2.0,main,,200,,tls1.3,PGR_Search,,
http_req_tls_handshaking,1787520087,0.000000,,,,true,,POST,PGR_Search,HTTP/2.0,main,,200,,tls1.3,PGR_Search,,
http_req_sending,1787520087,0.095121,,,,true,,POST,PGR_Search,HTTP/2.0,main,,200,,tls1.3,PGR_Search,,
http_req_waiting,1787520087,357.683554,,,,true,,POST,PGR_Search,HTTP/2.0,main,,200,,tls1.3,PGR_Search,,
http_req_receiving,1787520087,0.053723,,,,true,,POST,PGR_Search,HTTP/2.0,main,,200,,tls1.3,PGR_Search,,
http_req_failed,1787520087,0.000000,,,,true,,POST,PGR_Search,HTTP/2.0,main,,200,,tls1.3,PGR_Search,,
transaction_duration,1787520087,10822.000000,,,,,,,,,main,,,,,,,
transaction_success,1787520087,1.000000,,,,,,,,,main,,,,,,,
data_sent,1787520087,14448.000000,,,,,,,,,main,,,,,,,
data_received,1787520087,18924.000000,,,,,,,,,main,,,,,,,
iteration_duration,1787520087,10822.007842,,,,,,,,,main,,,,,,,
iterations,1787520087,1.000000,,,,,,,,,main,,,,,,,
vus,1787520088,1.000000,,,,,,,,,,,,,,,,
vus_max,1787520088,2.000000,,,,,,,,,,,,,,,,
vus,1787520089,1.000000,,,,,,,,,,,,,,,,
vus_max,1787520089,2.000000,,,,,,,,,,,,,,,,
vus,1787520090,1.000000,,,,,,,,,,,,,,,,
vus_max,1787520090,2.000000,,,,,,,,,,,,,,,,
http_reqs,1787520090,1.000000,,,,true,,POST,PGR_Create,HTTP/2.0,main,,200,,tls1.3,PGR_Create,,
http_req_duration,1787520090,429.389206,,,,true,,POST,PGR_Create,HTTP/2.0,main,,200,,tls1.3,PGR_Create,,
http_req_blocked,1787520090,0.000341,,,,true,,POST,PGR_Create,HTTP/2.0,main,,200,,tls1.3,PGR_Create,,
http_req_connecting,1787520090,0.000000,,,,true,,POST,PGR_Create,HTTP/2.0,main,,200,,tls1.3,PGR_Create,,
http_req_tls_handshaking,1787520090,0.000000,,,,true,,POST,PGR_Create,HTTP/2.0,main,,200,,tls1.3,PGR_Create,,
http_req_sending,1787520090,0.078580,,,,true,,POST,PGR_Create,HTTP/2.0,main,,200,,tls1.3,PGR_Create,,
http_req_waiting,1787520090,429.241253,,,,true,,POST,PGR_Create,HTTP/2.0,main,,200,,tls1.3,PGR_Create,,
http_req_receiving,1787520090,0.069373,,,,true,,POST,PGR_Create,HTTP/2.0,main,,200,,tls1.3,PGR_Create,,
http_req_failed,1787520090,0.000000,,,,true,,POST,PGR_Create,HTTP/2.0,main,,200,,tls1.3,PGR_Create,,
vus,1787520091,1.000000,,,,,,,,,,,,,,,,
vus_max,1787520091,2.000000,,,,,,,,,,,,,,,,
http_reqs,1787520092,1.000000,,,,true,,POST,PGR_Assign,HTTP/2.0,main,,200,,tls1.3,PGR_Assign,,
http_req_duration,1787520092,386.633784,,,,true,,POST,PGR_Assign,HTTP/2.0,main,,200,,tls1.3,PGR_Assign,,
http_req_blocked,1787520092,0.000331,,,,true,,POST,PGR_Assign,HTTP/2.0,main,,200,,tls1.3,PGR_Assign,,
http_req_connecting,1787520092,0.000000,,,,true,,POST,PGR_Assign,HTTP/2.0,main,,200,,tls1.3,PGR_Assign,,
http_req_tls_handshaking,1787520092,0.000000,,,,true,,POST,PGR_Assign,HTTP/2.0,main,,200,,tls1.3,PGR_Assign,,
http_req_sending,1787520092,0.092968,,,,true,,POST,PGR_Assign,HTTP/2.0,main,,200,,tls1.3,PGR_Assign,,
http_req_waiting,1787520092,386.465592,,,,true,,POST,PGR_Assign,HTTP/2.0,main,,200,,tls1.3,PGR_Assign,,
http_req_receiving,1787520092,0.075224,,,,true,,POST,PGR_Assign,HTTP/2.0,main,,200,,tls1.3,PGR_Assign,,
http_req_failed,1787520092,0.000000,,,,true,,POST,PGR_Assign,HTTP/2.0,main,,200,,tls1.3,PGR_Assign,,
vus,1787520092,1.000000,,,,,,,,,,,,,,,,
vus_max,1787520092,2.000000,,,,,,,,,,,,,,,,
vus,1787520093,1.000000,,,,,,,,,,,,,,,,
vus_max,1787520093,2.000000,,,,,,,,,,,,,,,,
vus,1787520094,1.000000,,,,,,,,,,,,,,,,
vus_max,1787520094,2.000000,,,,,,,,,,,,,,,,
vus,1787520095,1.000000,,,,,,,,,,,,,,,,
vus_max,1787520095,2.000000,,,,,,,,,,,,,,,,
http_reqs,1787520095,1.000000,,,,true,,POST,PGR_Resolve,HTTP/2.0,main,,200,,tls1.3,PGR_Resolve,,
http_req_duration,1787520095,381.269847,,,,true,,POST,PGR_Resolve,HTTP/2.0,main,,200,,tls1.3,PGR_Resolve,,
http_req_blocked,1787520095,0.000321,,,,true,,POST,PGR_Resolve,HTTP/2.0,main,,200,,tls1.3,PGR_Resolve,,
http_req_connecting,1787520095,0.000000,,,,true,,POST,PGR_Resolve,HTTP/2.0,main,,200,,tls1.3,PGR_Resolve,,
http_req_tls_handshaking,1787520095,0.000000,,,,true,,POST,PGR_Resolve,HTTP/2.0,main,,200,,tls1.3,PGR_Resolve,,
http_req_sending,1787520095,0.085473,,,,true,,POST,PGR_Resolve,HTTP/2.0,main,,200,,tls1.3,PGR_Resolve,,
http_req_waiting,1787520095,381.099021,,,,true,,POST,PGR_Resolve,HTTP/2.0,main,,200,,tls1.3,PGR_Resolve,,
http_req_receiving,1787520095,0.085353,,,,true,,POST,PGR_Resolve,HTTP/2.0,main,,200,,tls1.3,PGR_Resolve,,
http_req_failed,1787520095,0.000000,,,,true,,POST,PGR_Resolve,HTTP/2.0,main,,200,,tls1.3,PGR_Resolve,,
vus,1787520096,1.000000,,,,,,,,,,,,,,,,
vus_max,1787520096,2.000000,,,,,,,,,,,,,,,,
vus,1787520097,1.000000,,,,,,,,,,,,,,,,
vus_max,1787520097,2.000000,,,,,,,,,,,,,,,,
http_reqs,1787520097,1.000000,,,,true,,POST,PGR_Search,HTTP/2.0,main,,200,,tls1.3,PGR_Search,,
http_req_duration,1787520097,356.773343,,,,true,,POST,PGR_Search,HTTP/2.0,main,,200,,tls1.3,PGR_Search,,
http_req_blocked,1787520097,0.000341,,,,true,,POST,PGR_Search,HTTP/2.0,main,,200,,tls1.3,PGR_Search,,
http_req_connecting,1787520097,0.000000,,,,true,,POST,PGR_Search,HTTP/2.0,main,,200,,tls1.3,PGR_Search,,
http_req_tls_handshaking,1787520097,0.000000,,,,true,,POST,PGR_Search,HTTP/2.0,main,,200,,tls1.3,PGR_Search,,
http_req_sending,1787520097,0.082838,,,,true,,POST,PGR_Search,HTTP/2.0,main,,200,,tls1.3,PGR_Search,,
http_req_waiting,1787520097,356.625892,,,,true,,POST,PGR_Search,HTTP/2.0,main,,200,,tls1.3,PGR_Search,,
http_req_receiving,1787520097,0.064613,,,,true,,POST,PGR_Search,HTTP/2.0,main,,200,,tls1.3,PGR_Search,,
http_req_failed,1787520097,0.000000,,,,true,,POST,PGR_Search,HTTP/2.0,main,,200,,tls1.3,PGR_Search,,
transaction_duration,1787520097,10442.000000,,,,,,,,,main,,,,,,,
transaction_success,1787520097,1.000000,,,,,,,,,main,,,,,,,
data_sent,1787520097,14350.000000,,,,,,,,,main,,,,,,,
data_received,1787520097,18808.000000,,,,,,,,,main,,,,,,,
iteration_duration,1787520097,10442.021955,,,,,,,,,main,,,,,,,
iterations,1787520097,1.000000,,,,,,,,,main,,,,,,,
vus,1787520098,1.000000,,,,,,,,,,,,,,,,
vus_max,1787520098,2.000000,,,,,,,,,,,,,,,,
vus,1787520099,1.000000,,,,,,,,,,,,,,,,
vus_max,1787520099,2.000000,,,,,,,,,,,,,,,,
vus,1787520100,1.000000,,,,,,,,,,,,,,,,
vus_max,1787520100,2.000000,,,,,,,,,,,,,,,,
http_reqs,1787520101,1.000000,,,,true,,POST,PGR_Create,HTTP/2.0,main,,200,,tls1.3,PGR_Create,,
http_req_duration,1787520101,422.995818,,,,true,,POST,PGR_Create,HTTP/2.0,main,,200,,tls1.3,PGR_Create,,
http_req_blocked,1787520101,0.000281,,,,true,,POST,PGR_Create,HTTP/2.0,main,,200,,tls1.3,PGR_Create,,
http_req_connecting,1787520101,0.000000,,,,true,,POST,PGR_Create,HTTP/2.0,main,,200,,tls1.3,PGR_Create,,
http_req_tls_handshaking,1787520101,0.000000,,,,true,,POST,PGR_Create,HTTP/2.0,main,,200,,tls1.3,PGR_Create,,
http_req_sending,1787520101,0.081476,,,,true,,POST,PGR_Create,HTTP/2.0,main,,200,,tls1.3,PGR_Create,,
http_req_waiting,1787520101,422.826104,,,,true,,POST,PGR_Create,HTTP/2.0,main,,200,,tls1.3,PGR_Create,,
http_req_receiving,1787520101,0.088238,,,,true,,POST,PGR_Create,HTTP/2.0,main,,200,,tls1.3,PGR_Create,,
http_req_failed,1787520101,0.000000,,,,true,,POST,PGR_Create,HTTP/2.0,main,,200,,tls1.3,PGR_Create,,
vus,1787520101,1.000000,,,,,,,,,,,,,,,,
vus_max,1787520101,2.000000,,,,,,,,,,,,,,,,
vus,1787520102,1.000000,,,,,,,,,,,,,,,,
vus_max,1787520102,2.000000,,,,,,,,,,,,,,,,
http_reqs,1787520102,1.000000,,,,true,,POST,PGR_Assign,HTTP/2.0,main,,200,,tls1.3,PGR_Assign,,
http_req_duration,1787520102,405.735099,,,,true,,POST,PGR_Assign,HTTP/2.0,main,,200,,tls1.3,PGR_Assign,,
http_req_blocked,1787520102,0.000271,,,,true,,POST,PGR_Assign,HTTP/2.0,main,,200,,tls1.3,PGR_Assign,,
http_req_connecting,1787520102,0.000000,,,,true,,POST,PGR_Assign,HTTP/2.0,main,,200,,tls1.3,PGR_Assign,,
http_req_tls_handshaking,1787520102,0.000000,,,,true,,POST,PGR_Assign,HTTP/2.0,main,,200,,tls1.3,PGR_Assign,,
http_req_sending,1787520102,0.065285,,,,true,,POST,PGR_Assign,HTTP/2.0,main,,200,,tls1.3,PGR_Assign,,
http_req_waiting,1787520102,405.604449,,,,true,,POST,PGR_Assign,HTTP/2.0,main,,200,,tls1.3,PGR_Assign,,
http_req_receiving,1787520102,0.065365,,,,true,,POST,PGR_Assign,HTTP/2.0,main,,200,,tls1.3,PGR_Assign,,
http_req_failed,1787520102,0.000000,,,,true,,POST,PGR_Assign,HTTP/2.0,main,,200,,tls1.3,PGR_Assign,,
vus,1787520103,1.000000,,,,,,,,,,,,,,,,
vus_max,1787520103,2.000000,,,,,,,,,,,,,,,,
vus,1787520104,1.000000,,,,,,,,,,,,,,,,
vus_max,1787520104,2.000000,,,,,,,,,,,,,,,,
http_reqs,1787520104,1.000000,,,,true,,POST,PGR_Resolve,HTTP/2.0,main,,200,,tls1.3,PGR_Resolve,,
http_req_duration,1787520104,387.516771,,,,true,,POST,PGR_Resolve,HTTP/2.0,main,,200,,tls1.3,PGR_Resolve,,
http_req_blocked,1787520104,0.000561,,,,true,,POST,PGR_Resolve,HTTP/2.0,main,,200,,tls1.3,PGR_Resolve,,
http_req_connecting,1787520104,0.000000,,,,true,,POST,PGR_Resolve,HTTP/2.0,main,,200,,tls1.3,PGR_Resolve,,
http_req_tls_handshaking,1787520104,0.000000,,,,true,,POST,PGR_Resolve,HTTP/2.0,main,,200,,tls1.3,PGR_Resolve,,
http_req_sending,1787520104,0.163482,,,,true,,POST,PGR_Resolve,HTTP/2.0,main,,200,,tls1.3,PGR_Resolve,,
http_req_waiting,1787520104,387.270812,,,,true,,POST,PGR_Resolve,HTTP/2.0,main,,200,,tls1.3,PGR_Resolve,,
http_req_receiving,1787520104,0.082477,,,,true,,POST,PGR_Resolve,HTTP/2.0,main,,200,,tls1.3,PGR_Resolve,,
http_req_failed,1787520104,0.000000,,,,true,,POST,PGR_Resolve,HTTP/2.0,main,,200,,tls1.3,PGR_Resolve,,
vus,1787520105,2.000000,,,,,,,,,,,,,,,,
vus_max,1787520105,2.000000,,,,,,,,,,,,,,,,
http_reqs,1787520106,1.000000,,,,true,,POST,PGR_Create,HTTP/2.0,main,,200,,tls1.3,PGR_Create,,
http_req_duration,1787520106,403.514037,,,,true,,POST,PGR_Create,HTTP/2.0,main,,200,,tls1.3,PGR_Create,,
http_req_blocked,1787520106,378.156901,,,,true,,POST,PGR_Create,HTTP/2.0,main,,200,,tls1.3,PGR_Create,,
http_req_connecting,1787520106,187.599541,,,,true,,POST,PGR_Create,HTTP/2.0,main,,200,,tls1.3,PGR_Create,,
http_req_tls_handshaking,1787520106,190.451417,,,,true,,POST,PGR_Create,HTTP/2.0,main,,200,,tls1.3,PGR_Create,,
http_req_sending,1787520106,0.078661,,,,true,,POST,PGR_Create,HTTP/2.0,main,,200,,tls1.3,PGR_Create,,
http_req_waiting,1787520106,403.357818,,,,true,,POST,PGR_Create,HTTP/2.0,main,,200,,tls1.3,PGR_Create,,
http_req_receiving,1787520106,0.077558,,,,true,,POST,PGR_Create,HTTP/2.0,main,,200,,tls1.3,PGR_Create,,
http_req_failed,1787520106,0.000000,,,,true,,POST,PGR_Create,HTTP/2.0,main,,200,,tls1.3,PGR_Create,,
vus,1787520106,2.000000,,,,,,,,,,,,,,,,
vus_max,1787520106,2.000000,,,,,,,,,,,,,,,,
vus,1787520107,2.000000,,,,,,,,,,,,,,,,
vus_max,1787520107,2.000000,,,,,,,,,,,,,,,,
http_reqs,1787520107,1.000000,,,,true,,POST,PGR_Search,HTTP/2.0,main,,200,,tls1.3,PGR_Search,,
http_req_duration,1787520107,319.267898,,,,true,,POST,PGR_Search,HTTP/2.0,main,,200,,tls1.3,PGR_Search,,
http_req_blocked,1787520107,0.000271,,,,true,,POST,PGR_Search,HTTP/2.0,main,,200,,tls1.3,PGR_Search,,
http_req_connecting,1787520107,0.000000,,,,true,,POST,PGR_Search,HTTP/2.0,main,,200,,tls1.3,PGR_Search,,
http_req_tls_handshaking,1787520107,0.000000,,,,true,,POST,PGR_Search,HTTP/2.0,main,,200,,tls1.3,PGR_Search,,
http_req_sending,1787520107,0.086174,,,,true,,POST,PGR_Search,HTTP/2.0,main,,200,,tls1.3,PGR_Search,,
http_req_waiting,1787520107,318.257879,,,,true,,POST,PGR_Search,HTTP/2.0,main,,200,,tls1.3,PGR_Search,,
http_req_receiving,1787520107,0.923845,,,,true,,POST,PGR_Search,HTTP/2.0,main,,200,,tls1.3,PGR_Search,,
http_req_failed,1787520107,0.000000,,,,true,,POST,PGR_Search,HTTP/2.0,main,,200,,tls1.3,PGR_Search,,
transaction_duration,1787520107,9300.000000,,,,,,,,,main,,,,,,,
transaction_success,1787520107,1.000000,,,,,,,,,main,,,,,,,
data_sent,1787520107,14475.000000,,,,,,,,,main,,,,,,,
data_received,1787520107,18812.000000,,,,,,,,,main,,,,,,,
iteration_duration,1787520107,9300.538306,,,,,,,,,main,,,,,,,
iterations,1787520107,1.000000,,,,,,,,,main,,,,,,,
http_reqs,1787520107,1.000000,,,,true,,POST,PGR_Assign,HTTP/2.0,main,,200,,tls1.3,PGR_Assign,,
http_req_duration,1787520107,409.315985,,,,true,,POST,PGR_Assign,HTTP/2.0,main,,200,,tls1.3,PGR_Assign,,
http_req_blocked,1787520107,0.000200,,,,true,,POST,PGR_Assign,HTTP/2.0,main,,200,,tls1.3,PGR_Assign,,
http_req_connecting,1787520107,0.000000,,,,true,,POST,PGR_Assign,HTTP/2.0,main,,200,,tls1.3,PGR_Assign,,
http_req_tls_handshaking,1787520107,0.000000,,,,true,,POST,PGR_Assign,HTTP/2.0,main,,200,,tls1.3,PGR_Assign,,
http_req_sending,1787520107,0.048443,,,,true,,POST,PGR_Assign,HTTP/2.0,main,,200,,tls1.3,PGR_Assign,,
http_req_waiting,1787520107,409.150258,,,,true,,POST,PGR_Assign,HTTP/2.0,main,,200,,tls1.3,PGR_Assign,,
http_req_receiving,1787520107,0.117284,,,,true,,POST,PGR_Assign,HTTP/2.0,main,,200,,tls1.3,PGR_Assign,,
http_req_failed,1787520107,0.000000,,,,true,,POST,PGR_Assign,HTTP/2.0,main,,200,,tls1.3,PGR_Assign,,
vus,1787520108,2.000000,,,,,,,,,,,,,,,,
vus_max,1787520108,2.000000,,,,,,,,,,,,,,,,
vus,1787520109,2.000000,,,,,,,,,,,,,,,,
vus_max,1787520109,2.000000,,,,,,,,,,,,,,,,
http_reqs,1787520109,1.000000,,,,true,,POST,PGR_Create,HTTP/2.0,main,,200,,tls1.3,PGR_Create,,
http_req_duration,1787520109,439.269542,,,,true,,POST,PGR_Create,HTTP/2.0,main,,200,,tls1.3,PGR_Create,,
http_req_blocked,1787520109,0.000290,,,,true,,POST,PGR_Create,HTTP/2.0,main,,200,,tls1.3,PGR_Create,,
http_req_connecting,1787520109,0.000000,,,,true,,POST,PGR_Create,HTTP/2.0,main,,200,,tls1.3,PGR_Create,,
http_req_tls_handshaking,1787520109,0.000000,,,,true,,POST,PGR_Create,HTTP/2.0,main,,200,,tls1.3,PGR_Create,,
http_req_sending,1787520109,0.073561,,,,true,,POST,PGR_Create,HTTP/2.0,main,,200,,tls1.3,PGR_Create,,
http_req_waiting,1787520109,438.890648,,,,true,,POST,PGR_Create,HTTP/2.0,main,,200,,tls1.3,PGR_Create,,
http_req_receiving,1787520109,0.305333,,,,true,,POST,PGR_Create,HTTP/2.0,main,,200,,tls1.3,PGR_Create,,
http_req_failed,1787520109,0.000000,,,,true,,POST,PGR_Create,HTTP/2.0,main,,200,,tls1.3,PGR_Create,,
http_reqs,1787520110,1.000000,,,,true,,POST,PGR_Resolve,HTTP/2.0,main,,200,,tls1.3,PGR_Resolve,,
http_req_duration,1787520110,381.746078,,,,true,,POST,PGR_Resolve,HTTP/2.0,main,,200,,tls1.3,PGR_Resolve,,
http_req_blocked,1787520110,0.000260,,,,true,,POST,PGR_Resolve,HTTP/2.0,main,,200,,tls1.3,PGR_Resolve,,
http_req_connecting,1787520110,0.000000,,,,true,,POST,PGR_Resolve,HTTP/2.0,main,,200,,tls1.3,PGR_Resolve,,
http_req_tls_handshaking,1787520110,0.000000,,,,true,,POST,PGR_Resolve,HTTP/2.0,main,,200,,tls1.3,PGR_Resolve,,
http_req_sending,1787520110,0.071206,,,,true,,POST,PGR_Resolve,HTTP/2.0,main,,200,,tls1.3,PGR_Resolve,,
http_req_waiting,1787520110,381.603626,,,,true,,POST,PGR_Resolve,HTTP/2.0,main,,200,,tls1.3,PGR_Resolve,,
http_req_receiving,1787520110,0.071246,,,,true,,POST,PGR_Resolve,HTTP/2.0,main,,200,,tls1.3,PGR_Resolve,,
http_req_failed,1787520110,0.000000,,,,true,,POST,PGR_Resolve,HTTP/2.0,main,,200,,tls1.3,PGR_Resolve,,
vus,1787520110,2.000000,,,,,,,,,,,,,,,,
vus_max,1787520110,2.000000,,,,,,,,,,,,,,,,
vus,1787520111,2.000000,,,,,,,,,,,,,,,,
vus_max,1787520111,2.000000,,,,,,,,,,,,,,,,
vus,1787520112,2.000000,,,,,,,,,,,,,,,,
vus_max,1787520112,2.000000,,,,,,,,,,,,,,,,
http_reqs,1787520112,1.000000,,,,true,,POST,PGR_Assign,HTTP/2.0,main,,200,,tls1.3,PGR_Assign,,
http_req_duration,1787520112,370.010288,,,,true,,POST,PGR_Assign,HTTP/2.0,main,,200,,tls1.3,PGR_Assign,,
http_req_blocked,1787520112,0.000361,,,,true,,POST,PGR_Assign,HTTP/2.0,main,,200,,tls1.3,PGR_Assign,,
http_req_connecting,1787520112,0.000000,,,,true,,POST,PGR_Assign,HTTP/2.0,main,,200,,tls1.3,PGR_Assign,,
http_req_tls_handshaking,1787520112,0.000000,,,,true,,POST,PGR_Assign,HTTP/2.0,main,,200,,tls1.3,PGR_Assign,,
http_req_sending,1787520112,0.091204,,,,true,,POST,PGR_Assign,HTTP/2.0,main,,200,,tls1.3,PGR_Assign,,
http_req_waiting,1787520112,369.867225,,,,true,,POST,PGR_Assign,HTTP/2.0,main,,200,,tls1.3,PGR_Assign,,
http_req_receiving,1787520112,0.051859,,,,true,,POST,PGR_Assign,HTTP/2.0,main,,200,,tls1.3,PGR_Assign,,
http_req_failed,1787520112,0.000000,,,,true,,POST,PGR_Assign,HTTP/2.0,main,,200,,tls1.3,PGR_Assign,,
vus,1787520113,2.000000,,,,,,,,,,,,,,,,
vus_max,1787520113,2.000000,,,,,,,,,,,,,,,,
http_reqs,1787520113,1.000000,,,,true,,POST,PGR_Search,HTTP/2.0,main,,200,,tls1.3,PGR_Search,,
http_req_duration,1787520113,313.258337,,,,true,,POST,PGR_Search,HTTP/2.0,main,,200,,tls1.3,PGR_Search,,
http_req_blocked,1787520113,0.000330,,,,true,,POST,PGR_Search,HTTP/2.0,main,,200,,tls1.3,PGR_Search,,
http_req_connecting,1787520113,0.000000,,,,true,,POST,PGR_Search,HTTP/2.0,main,,200,,tls1.3,PGR_Search,,
http_req_tls_handshaking,1787520113,0.000000,,,,true,,POST,PGR_Search,HTTP/2.0,main,,200,,tls1.3,PGR_Search,,
http_req_sending,1787520113,0.078560,,,,true,,POST,PGR_Search,HTTP/2.0,main,,200,,tls1.3,PGR_Search,,
http_req_waiting,1787520113,313.143107,,,,true,,POST,PGR_Search,HTTP/2.0,main,,200,,tls1.3,PGR_Search,,
http_req_receiving,1787520113,0.036670,,,,true,,POST,PGR_Search,HTTP/2.0,main,,200,,tls1.3,PGR_Search,,
http_req_failed,1787520113,0.000000,,,,true,,POST,PGR_Search,HTTP/2.0,main,,200,,tls1.3,PGR_Search,,
transaction_duration,1787520113,9151.000000,,,,,,,,,main,,,,,,,
transaction_success,1787520113,1.000000,,,,,,,,,main,,,,,,,
data_sent,1787520113,14975.000000,,,,,,,,,main,,,,,,,
data_received,1787520113,22854.000000,,,,,,,,,main,,,,,,,
iteration_duration,1787520113,9151.383961,,,,,,,,,main,,,,,,,
iterations,1787520113,1.000000,,,,,,,,,main,,,,,,,
vus,1787520114,2.000000,,,,,,,,,,,,,,,,
vus_max,1787520114,2.000000,,,,,,,,,,,,,,,,
vus,1787520115,2.000000,,,,,,,,,,,,,,,,
vus_max,1787520115,2.000000,,,,,,,,,,,,,,,,
http_reqs,1787520115,1.000000,,,,true,,POST,PGR_Create,HTTP/2.0,main,,200,,tls1.3,PGR_Create,,
http_req_duration,1787520115,414.517821,,,,true,,POST,PGR_Create,HTTP/2.0,main,,200,,tls1.3,PGR_Create,,
http_req_blocked,1787520115,0.000291,,,,true,,POST,PGR_Create,HTTP/2.0,main,,200,,tls1.3,PGR_Create,,
http_req_connecting,1787520115,0.000000,,,,true,,POST,PGR_Create,HTTP/2.0,main,,200,,tls1.3,PGR_Create,,
http_req_tls_handshaking,1787520115,0.000000,,,,true,,POST,PGR_Create,HTTP/2.0,main,,200,,tls1.3,PGR_Create,,
http_req_sending,1787520115,0.070244,,,,true,,POST,PGR_Create,HTTP/2.0,main,,200,,tls1.3,PGR_Create,,
http_req_waiting,1787520115,414.396760,,,,true,,POST,PGR_Create,HTTP/2.0,main,,200,,tls1.3,PGR_Create,,
http_req_receiving,1787520115,0.050817,,,,true,,POST,PGR_Create,HTTP/2.0,main,,200,,tls1.3,PGR_Create,,
http_req_failed,1787520115,0.000000,,,,true,,POST,PGR_Create,HTTP/2.0,main,,200,,tls1.3,PGR_Create,,
http_reqs,1787520115,1.000000,,,,true,,POST,PGR_Resolve,HTTP/2.0,main,,200,,tls1.3,PGR_Resolve,,
http_req_duration,1787520115,373.774948,,,,true,,POST,PGR_Resolve,HTTP/2.0,main,,200,,tls1.3,PGR_Resolve,,
http_req_blocked,1787520115,0.000271,,,,true,,POST,PGR_Resolve,HTTP/2.0,main,,200,,tls1.3,PGR_Resolve,,
http_req_connecting,1787520115,0.000000,,,,true,,POST,PGR_Resolve,HTTP/2.0,main,,200,,tls1.3,PGR_Resolve,,
http_req_tls_handshaking,1787520115,0.000000,,,,true,,POST,PGR_Resolve,HTTP/2.0,main,,200,,tls1.3,PGR_Resolve,,
http_req_sending,1787520115,0.059092,,,,true,,POST,PGR_Resolve,HTTP/2.0,main,,200,,tls1.3,PGR_Resolve,,
http_req_waiting,1787520115,372.053621,,,,true,,POST,PGR_Resolve,HTTP/2.0,main,,200,,tls1.3,PGR_Resolve,,
http_req_receiving,1787520115,1.662235,,,,true,,POST,PGR_Resolve,HTTP/2.0,main,,200,,tls1.3,PGR_Resolve,,
http_req_failed,1787520115,0.000000,,,,true,,POST,PGR_Resolve,HTTP/2.0,main,,200,,tls1.3,PGR_Resolve,,
vus,1787520116,2.000000,,,,,,,,,,,,,,,,
vus_max,1787520116,2.000000,,,,,,,,,,,,,,,,
vus,1787520117,2.000000,,,,,,,,,,,,,,,,
vus_max,1787520117,2.000000,,,,,,,,,,,,,,,,
http_reqs,1787520117,1.000000,,,,true,,POST,PGR_Assign,HTTP/2.0,main,,200,,tls1.3,PGR_Assign,,
http_req_duration,1787520117,365.015921,,,,true,,POST,PGR_Assign,HTTP/2.0,main,,200,,tls1.3,PGR_Assign,,
http_req_blocked,1787520117,0.000431,,,,true,,POST,PGR_Assign,HTTP/2.0,main,,200,,tls1.3,PGR_Assign,,
http_req_connecting,1787520117,0.000000,,,,true,,POST,PGR_Assign,HTTP/2.0,main,,200,,tls1.3,PGR_Assign,,
http_req_tls_handshaking,1787520117,0.000000,,,,true,,POST,PGR_Assign,HTTP/2.0,main,,200,,tls1.3,PGR_Assign,,
http_req_sending,1787520117,0.081155,,,,true,,POST,PGR_Assign,HTTP/2.0,main,,200,,tls1.3,PGR_Assign,,
http_req_waiting,1787520117,364.481861,,,,true,,POST,PGR_Assign,HTTP/2.0,main,,200,,tls1.3,PGR_Assign,,
http_req_receiving,1787520117,0.452905,,,,true,,POST,PGR_Assign,HTTP/2.0,main,,200,,tls1.3,PGR_Assign,,
http_req_failed,1787520117,0.000000,,,,true,,POST,PGR_Assign,HTTP/2.0,main,,200,,tls1.3,PGR_Assign,,
http_reqs,1787520117,1.000000,,,,true,,POST,PGR_Search,HTTP/2.0,main,,200,,tls1.3,PGR_Search,,
http_req_duration,1787520117,316.571922,,,,true,,POST,PGR_Search,HTTP/2.0,main,,200,,tls1.3,PGR_Search,,
http_req_blocked,1787520117,0.000421,,,,true,,POST,PGR_Search,HTTP/2.0,main,,200,,tls1.3,PGR_Search,,
http_req_connecting,1787520117,0.000000,,,,true,,POST,PGR_Search,HTTP/2.0,main,,200,,tls1.3,PGR_Search,,
http_req_tls_handshaking,1787520117,0.000000,,,,true,,POST,PGR_Search,HTTP/2.0,main,,200,,tls1.3,PGR_Search,,
http_req_sending,1787520117,0.055716,,,,true,,POST,PGR_Search,HTTP/2.0,main,,200,,tls1.3,PGR_Search,,
http_req_waiting,1787520117,316.502760,,,,true,,POST,PGR_Search,HTTP/2.0,main,,200,,tls1.3,PGR_Search,,
http_req_receiving,1787520117,0.013446,,,,true,,POST,PGR_Search,HTTP/2.0,main,,200,,tls1.3,PGR_Search,,
http_req_failed,1787520117,0.000000,,,,true,,POST,PGR_Search,HTTP/2.0,main,,200,,tls1.3,PGR_Search,,
transaction_duration,1787520117,10276.000000,,,,,,,,,main,,,,,,,
transaction_success,1787520117,1.000000,,,,,,,,,main,,,,,,,
data_sent,1787520117,14336.000000,,,,,,,,,main,,,,,,,
data_received,1787520117,18717.000000,,,,,,,,,main,,,,,,,
iteration_duration,1787520117,10275.482287,,,,,,,,,main,,,,,,,
iterations,1787520117,1.000000,,,,,,,,,main,,,,,,,
vus,1787520118,2.000000,,,,,,,,,,,,,,,,
vus_max,1787520118,2.000000,,,,,,,,,,,,,,,,
vus,1787520119,2.000000,,,,,,,,,,,,,,,,
vus_max,1787520119,2.000000,,,,,,,,,,,,,,,,
vus,1787520120,2.000000,,,,,,,,,,,,,,,,
vus_max,1787520120,2.000000,,,,,,,,,,,,,,,,
http_reqs,1787520120,1.000000,,,,true,,POST,PGR_Create,HTTP/2.0,main,,200,,tls1.3,PGR_Create,,
http_req_duration,1787520120,408.083079,,,,true,,POST,PGR_Create,HTTP/2.0,main,,200,,tls1.3,PGR_Create,,
http_req_blocked,1787520120,0.000330,,,,true,,POST,PGR_Create,HTTP/2.0,main,,200,,tls1.3,PGR_Create,,
http_req_connecting,1787520120,0.000000,,,,true,,POST,PGR_Create,HTTP/2.0,main,,200,,tls1.3,PGR_Create,,
http_req_tls_handshaking,1787520120,0.000000,,,,true,,POST,PGR_Create,HTTP/2.0,main,,200,,tls1.3,PGR_Create,,
http_req_sending,1787520120,0.059233,,,,true,,POST,PGR_Create,HTTP/2.0,main,,200,,tls1.3,PGR_Create,,
http_req_waiting,1787520120,407.968059,,,,true,,POST,PGR_Create,HTTP/2.0,main,,200,,tls1.3,PGR_Create,,
http_req_receiving,1787520120,0.055787,,,,true,,POST,PGR_Create,HTTP/2.0,main,,200,,tls1.3,PGR_Create,,
http_req_failed,1787520120,0.000000,,,,true,,POST,PGR_Create,HTTP/2.0,main,,200,,tls1.3,PGR_Create,,
http_reqs,1787520120,1.000000,,,,true,,POST,PGR_Resolve,HTTP/2.0,main,,200,,tls1.3,PGR_Resolve,,
http_req_duration,1787520120,373.402815,,,,true,,POST,PGR_Resolve,HTTP/2.0,main,,200,,tls1.3,PGR_Resolve,,
http_req_blocked,1787520120,0.000251,,,,true,,POST,PGR_Resolve,HTTP/2.0,main,,200,,tls1.3,PGR_Resolve,,
http_req_connecting,1787520120,0.000000,,,,true,,POST,PGR_Resolve,HTTP/2.0,main,,200,,tls1.3,PGR_Resolve,,
http_req_tls_handshaking,1787520120,0.000000,,,,true,,POST,PGR_Resolve,HTTP/2.0,main,,200,,tls1.3,PGR_Resolve,,
http_req_sending,1787520120,0.071416,,,,true,,POST,PGR_Resolve,HTTP/2.0,main,,200,,tls1.3,PGR_Resolve,,
http_req_waiting,1787520120,373.281343,,,,true,,POST,PGR_Resolve,HTTP/2.0,main,,200,,tls1.3,PGR_Resolve,,
http_req_receiving,1787520120,0.050056,,,,true,,POST,PGR_Resolve,HTTP/2.0,main,,200,,tls1.3,PGR_Resolve,,
http_req_failed,1787520120,0.000000,,,,true,,POST,PGR_Resolve,HTTP/2.0,main,,200,,tls1.3,PGR_Resolve,,
vus,1787520121,2.000000,,,,,,,,,,,,,,,,
vus_max,1787520121,2.000000,,,,,,,,,,,,,,,,
vus,1787520122,2.000000,,,,,,,,,,,,,,,,
vus_max,1787520122,2.000000,,,,,,,,,,,,,,,,
http_reqs,1787520122,1.000000,,,,true,,POST,PGR_Search,HTTP/2.0,main,,200,,tls1.3,PGR_Search,,
http_req_duration,1787520122,317.413983,,,,true,,POST,PGR_Search,HTTP/2.0,main,,200,,tls1.3,PGR_Search,,
http_req_blocked,1787520122,0.000290,,,,true,,POST,PGR_Search,HTTP/2.0,main,,200,,tls1.3,PGR_Search,,
http_req_connecting,1787520122,0.000000,,,,true,,POST,PGR_Search,HTTP/2.0,main,,200,,tls1.3,PGR_Search,,
http_req_tls_handshaking,1787520122,0.000000,,,,true,,POST,PGR_Search,HTTP/2.0,main,,200,,tls1.3,PGR_Search,,
http_req_sending,1787520122,0.077678,,,,true,,POST,PGR_Search,HTTP/2.0,main,,200,,tls1.3,PGR_Search,,
http_req_waiting,1787520122,316.976498,,,,true,,POST,PGR_Search,HTTP/2.0,main,,200,,tls1.3,PGR_Search,,
http_req_receiving,1787520122,0.359807,,,,true,,POST,PGR_Search,HTTP/2.0,main,,200,,tls1.3,PGR_Search,,
http_req_failed,1787520122,0.000000,,,,true,,POST,PGR_Search,HTTP/2.0,main,,200,,tls1.3,PGR_Search,,
transaction_duration,1787520122,9370.000000,,,,,,,,,main,,,,,,,
transaction_success,1787520122,1.000000,,,,,,,,,main,,,,,,,
data_sent,1787520122,14392.000000,,,,,,,,,main,,,,,,,
data_received,1787520122,18770.000000,,,,,,,,,main,,,,,,,
iteration_duration,1787520122,9369.900697,,,,,,,,,main,,,,,,,
iterations,1787520122,1.000000,,,,,,,,,main,,,,,,,
vus,1787520123,2.000000,,,,,,,,,,,,,,,,
vus_max,1787520123,2.000000,,,,,,,,,,,,,,,,
http_reqs,1787520123,1.000000,,,,true,,POST,PGR_Assign,HTTP/2.0,main,,200,,tls1.3,PGR_Assign,,
http_req_duration,1787520123,395.691345,,,,true,,POST,PGR_Assign,HTTP/2.0,main,,200,,tls1.3,PGR_Assign,,
http_req_blocked,1787520123,0.000341,,,,true,,POST,PGR_Assign,HTTP/2.0,main,,200,,tls1.3,PGR_Assign,,
http_req_connecting,1787520123,0.000000,,,,true,,POST,PGR_Assign,HTTP/2.0,main,,200,,tls1.3,PGR_Assign,,
http_req_tls_handshaking,1787520123,0.000000,,,,true,,POST,PGR_Assign,HTTP/2.0,main,,200,,tls1.3,PGR_Assign,,
http_req_sending,1787520123,0.091284,,,,true,,POST,PGR_Assign,HTTP/2.0,main,,200,,tls1.3,PGR_Assign,,
http_req_waiting,1787520123,395.530598,,,,true,,POST,PGR_Assign,HTTP/2.0,main,,200,,tls1.3,PGR_Assign,,
http_req_receiving,1787520123,0.069463,,,,true,,POST,PGR_Assign,HTTP/2.0,main,,200,,tls1.3,PGR_Assign,,
http_req_failed,1787520123,0.000000,,,,true,,POST,PGR_Assign,HTTP/2.0,main,,200,,tls1.3,PGR_Assign,,
vus,1787520124,2.000000,,,,,,,,,,,,,,,,
vus_max,1787520124,2.000000,,,,,,,,,,,,,,,,
vus,1787520125,2.000000,,,,,,,,,,,,,,,,
vus_max,1787520125,2.000000,,,,,,,,,,,,,,,,
http_reqs,1787520125,1.000000,,,,true,,POST,PGR_Create,HTTP/2.0,main,,200,,tls1.3,PGR_Create,,
http_req_duration,1787520125,390.917638,,,,true,,POST,PGR_Create,HTTP/2.0,main,,200,,tls1.3,PGR_Create,,
http_req_blocked,1787520125,0.000271,,,,true,,POST,PGR_Create,HTTP/2.0,main,,200,,tls1.3,PGR_Create,,
http_req_connecting,1787520125,0.000000,,,,true,,POST,PGR_Create,HTTP/2.0,main,,200,,tls1.3,PGR_Create,,
http_req_tls_handshaking,1787520125,0.000000,,,,true,,POST,PGR_Create,HTTP/2.0,main,,200,,tls1.3,PGR_Create,,
http_req_sending,1787520125,0.067158,,,,true,,POST,PGR_Create,HTTP/2.0,main,,200,,tls1.3,PGR_Create,,
http_req_waiting,1787520125,390.800895,,,,true,,POST,PGR_Create,HTTP/2.0,main,,200,,tls1.3,PGR_Create,,
http_req_receiving,1787520125,0.049585,,,,true,,POST,PGR_Create,HTTP/2.0,main,,200,,tls1.3,PGR_Create,,
http_req_failed,1787520125,0.000000,,,,true,,POST,PGR_Create,HTTP/2.0,main,,200,,tls1.3,PGR_Create,,
http_reqs,1787520126,1.000000,,,,true,,POST,PGR_Resolve,HTTP/2.0,main,,200,,tls1.3,PGR_Resolve,,
http_req_duration,1787520126,379.513241,,,,true,,POST,PGR_Resolve,HTTP/2.0,main,,200,,tls1.3,PGR_Resolve,,
http_req_blocked,1787520126,0.000301,,,,true,,POST,PGR_Resolve,HTTP/2.0,main,,200,,tls1.3,PGR_Resolve,,
http_req_connecting,1787520126,0.000000,,,,true,,POST,PGR_Resolve,HTTP/2.0,main,,200,,tls1.3,PGR_Resolve,,
http_req_tls_handshaking,1787520126,0.000000,,,,true,,POST,PGR_Resolve,HTTP/2.0,main,,200,,tls1.3,PGR_Resolve,,
http_req_sending,1787520126,0.064513,,,,true,,POST,PGR_Resolve,HTTP/2.0,main,,200,,tls1.3,PGR_Resolve,,
http_req_waiting,1787520126,379.368545,,,,true,,POST,PGR_Resolve,HTTP/2.0,main,,200,,tls1.3,PGR_Resolve,,
http_req_receiving,1787520126,0.080183,,,,true,,POST,PGR_Resolve,HTTP/2.0,main,,200,,tls1.3,PGR_Resolve,,
http_req_failed,1787520126,0.000000,,,,true,,POST,PGR_Resolve,HTTP/2.0,main,,200,,tls1.3,PGR_Resolve,,
vus,1787520126,2.000000,,,,,,,,,,,,,,,,
vus_max,1787520126,2.000000,,,,,,,,,,,,,,,,
vus,1787520127,2.000000,,,,,,,,,,,,,,,,
vus_max,1787520127,2.000000,,,,,,,,,,,,,,,,
http_reqs,1787520128,1.000000,,,,true,,POST,PGR_Assign,HTTP/2.0,main,,200,,tls1.3,PGR_Assign,,
http_req_duration,1787520128,387.901903,,,,true,,POST,PGR_Assign,HTTP/2.0,main,,200,,tls1.3,PGR_Assign,,
http_req_blocked,1787520128,0.000281,,,,true,,POST,PGR_Assign,HTTP/2.0,main,,200,,tls1.3,PGR_Assign,,
http_req_connecting,1787520128,0.000000,,,,true,,POST,PGR_Assign,HTTP/2.0,main,,200,,tls1.3,PGR_Assign,,
http_req_tls_handshaking,1787520128,0.000000,,,,true,,POST,PGR_Assign,HTTP/2.0,main,,200,,tls1.3,PGR_Assign,,
http_req_sending,1787520128,0.071516,,,,true,,POST,PGR_Assign,HTTP/2.0,main,,200,,tls1.3,PGR_Assign,,
http_req_waiting,1787520128,387.772687,,,,true,,POST,PGR_Assign,HTTP/2.0,main,,200,,tls1.3,PGR_Assign,,
http_req_receiving,1787520128,0.057700,,,,true,,POST,PGR_Assign,HTTP/2.0,main,,200,,tls1.3,PGR_Assign,,
http_req_failed,1787520128,0.000000,,,,true,,POST,PGR_Assign,HTTP/2.0,main,,200,,tls1.3,PGR_Assign,,
http_reqs,1787520128,1.000000,,,,true,,POST,PGR_Search,HTTP/2.0,main,,200,,tls1.3,PGR_Search,,
http_req_duration,1787520128,312.552270,,,,true,,POST,PGR_Search,HTTP/2.0,main,,200,,tls1.3,PGR_Search,,
http_req_blocked,1787520128,0.000331,,,,true,,POST,PGR_Search,HTTP/2.0,main,,200,,tls1.3,PGR_Search,,
http_req_connecting,1787520128,0.000000,,,,true,,POST,PGR_Search,HTTP/2.0,main,,200,,tls1.3,PGR_Search,,
http_req_tls_handshaking,1787520128,0.000000,,,,true,,POST,PGR_Search,HTTP/2.0,main,,200,,tls1.3,PGR_Search,,
http_req_sending,1787520128,0.050847,,,,true,,POST,PGR_Search,HTTP/2.0,main,,200,,tls1.3,PGR_Search,,
http_req_waiting,1787520128,312.472929,,,,true,,POST,PGR_Search,HTTP/2.0,main,,200,,tls1.3,PGR_Search,,
http_req_receiving,1787520128,0.028494,,,,true,,POST,PGR_Search,HTTP/2.0,main,,200,,tls1.3,PGR_Search,,
http_req_failed,1787520128,0.000000,,,,true,,POST,PGR_Search,HTTP/2.0,main,,200,,tls1.3,PGR_Search,,
transaction_duration,1787520128,10688.000000,,,,,,,,,main,,,,,,,
transaction_success,1787520128,1.000000,,,,,,,,,main,,,,,,,
data_sent,1787520128,14418.000000,,,,,,,,,main,,,,,,,
data_received,1787520128,18844.000000,,,,,,,,,main,,,,,,,
iteration_duration,1787520128,10687.785677,,,,,,,,,main,,,,,,,
iterations,1787520128,1.000000,,,,,,,,,main,,,,,,,
vus,1787520128,2.000000,,,,,,,,,,,,,,,,
vus_max,1787520128,2.000000,,,,,,,,,,,,,,,,
vus,1787520129,2.000000,,,,,,,,,,,,,,,,
vus_max,1787520129,2.000000,,,,,,,,,,,,,,,,
http_reqs,1787520129,1.000000,,,,true,,POST,PGR_Resolve,HTTP/2.0,main,,200,,tls1.3,PGR_Resolve,,
http_req_duration,1787520129,365.078836,,,,true,,POST,PGR_Resolve,HTTP/2.0,main,,200,,tls1.3,PGR_Resolve,,
http_req_blocked,1787520129,0.000250,,,,true,,POST,PGR_Resolve,HTTP/2.0,main,,200,,tls1.3,PGR_Resolve,,
http_req_connecting,1787520129,0.000000,,,,true,,POST,PGR_Resolve,HTTP/2.0,main,,200,,tls1.3,PGR_Resolve,,
http_req_tls_handshaking,1787520129,0.000000,,,,true,,POST,PGR_Resolve,HTTP/2.0,main,,200,,tls1.3,PGR_Resolve,,
http_req_sending,1787520129,0.115751,,,,true,,POST,PGR_Resolve,HTTP/2.0,main,,200,,tls1.3,PGR_Resolve,,
http_req_waiting,1787520129,364.915354,,,,true,,POST,PGR_Resolve,HTTP/2.0,main,,200,,tls1.3,PGR_Resolve,,
http_req_receiving,1787520129,0.047731,,,,true,,POST,PGR_Resolve,HTTP/2.0,main,,200,,tls1.3,PGR_Resolve,,
http_req_failed,1787520129,0.000000,,,,true,,POST,PGR_Resolve,HTTP/2.0,main,,200,,tls1.3,PGR_Resolve,,
http_reqs,1787520129,1.000000,,,,true,,POST,PGR_Create,HTTP/2.0,main,,200,,tls1.3,PGR_Create,,
http_req_duration,1787520129,403.246541,,,,true,,POST,PGR_Create,HTTP/2.0,main,,200,,tls1.3,PGR_Create,,
http_req_blocked,1787520129,0.000180,,,,true,,POST,PGR_Create,HTTP/2.0,main,,200,,tls1.3,PGR_Create,,
http_req_connecting,1787520129,0.000000,,,,true,,POST,PGR_Create,HTTP/2.0,main,,200,,tls1.3,PGR_Create,,
http_req_tls_handshaking,1787520129,0.000000,,,,true,,POST,PGR_Create,HTTP/2.0,main,,200,,tls1.3,PGR_Create,,
http_req_sending,1787520129,0.051729,,,,true,,POST,PGR_Create,HTTP/2.0,main,,200,,tls1.3,PGR_Create,,
http_req_waiting,1787520129,403.118316,,,,true,,POST,PGR_Create,HTTP/2.0,main,,200,,tls1.3,PGR_Create,,
http_req_receiving,1787520129,0.076496,,,,true,,POST,PGR_Create,HTTP/2.0,main,,200,,tls1.3,PGR_Create,,
http_req_failed,1787520129,0.000000,,,,true,,POST,PGR_Create,HTTP/2.0,main,,200,,tls1.3,PGR_Create,,
vus,1787520130,2.000000,,,,,,,,,,,,,,,,
vus_max,1787520130,2.000000,,,,,,,,,,,,,,,,
vus,1787520131,2.000000,,,,,,,,,,,,,,,,
vus_max,1787520131,2.000000,,,,,,,,,,,,,,,,
http_reqs,1787520131,1.000000,,,,true,,POST,PGR_Assign,HTTP/2.0,main,,200,,tls1.3,PGR_Assign,,
http_req_duration,1787520131,383.654770,,,,true,,POST,PGR_Assign,HTTP/2.0,main,,200,,tls1.3,PGR_Assign,,
http_req_blocked,1787520131,0.000271,,,,true,,POST,PGR_Assign,HTTP/2.0,main,,200,,tls1.3,PGR_Assign,,
http_req_connecting,1787520131,0.000000,,,,true,,POST,PGR_Assign,HTTP/2.0,main,,200,,tls1.3,PGR_Assign,,
http_req_tls_handshaking,1787520131,0.000000,,,,true,,POST,PGR_Assign,HTTP/2.0,main,,200,,tls1.3,PGR_Assign,,
http_req_sending,1787520131,0.061026,,,,true,,POST,PGR_Assign,HTTP/2.0,main,,200,,tls1.3,PGR_Assign,,
http_req_waiting,1787520131,383.534070,,,,true,,POST,PGR_Assign,HTTP/2.0,main,,200,,tls1.3,PGR_Assign,,
http_req_receiving,1787520131,0.059674,,,,true,,POST,PGR_Assign,HTTP/2.0,main,,200,,tls1.3,PGR_Assign,,
http_req_failed,1787520131,0.000000,,,,true,,POST,PGR_Assign,HTTP/2.0,main,,200,,tls1.3,PGR_Assign,,
vus,1787520132,2.000000,,,,,,,,,,,,,,,,
vus_max,1787520132,2.000000,,,,,,,,,,,,,,,,
http_reqs,1787520132,1.000000,,,,true,,POST,PGR_Search,HTTP/2.0,main,,200,,tls1.3,PGR_Search,,
http_req_duration,1787520132,320.710526,,,,true,,POST,PGR_Search,HTTP/2.0,main,,200,,tls1.3,PGR_Search,,
http_req_blocked,1787520132,0.000320,,,,true,,POST,PGR_Search,HTTP/2.0,main,,200,,tls1.3,PGR_Search,,
http_req_connecting,1787520132,0.000000,,,,true,,POST,PGR_Search,HTTP/2.0,main,,200,,tls1.3,PGR_Search,,
http_req_tls_handshaking,1787520132,0.000000,,,,true,,POST,PGR_Search,HTTP/2.0,main,,200,,tls1.3,PGR_Search,,
http_req_sending,1787520132,0.063111,,,,true,,POST,PGR_Search,HTTP/2.0,main,,200,,tls1.3,PGR_Search,,
http_req_waiting,1787520132,320.206242,,,,true,,POST,PGR_Search,HTTP/2.0,main,,200,,tls1.3,PGR_Search,,
http_req_receiving,1787520132,0.441173,,,,true,,POST,PGR_Search,HTTP/2.0,main,,200,,tls1.3,PGR_Search,,
http_req_failed,1787520132,0.000000,,,,true,,POST,PGR_Search,HTTP/2.0,main,,200,,tls1.3,PGR_Search,,
transaction_duration,1787520132,10090.000000,,,,,,,,,main,,,,,,,
transaction_success,1787520132,1.000000,,,,,,,,,main,,,,,,,
data_sent,1787520132,14454.000000,,,,,,,,,main,,,,,,,
data_received,1787520132,18907.000000,,,,,,,,,main,,,,,,,
iteration_duration,1787520132,10089.375555,,,,,,,,,main,,,,,,,
iterations,1787520132,1.000000,,,,,,,,,main,,,,,,,
vus,1787520133,2.000000,,,,,,,,,,,,,,,,
vus_max,1787520133,2.000000,,,,,,,,,,,,,,,,
http_reqs,1787520133,1.000000,,,,true,,POST,PGR_Resolve,HTTP/2.0,main,,200,,tls1.3,PGR_Resolve,,
http_req_duration,1787520133,415.487698,,,,true,,POST,PGR_Resolve,HTTP/2.0,main,,200,,tls1.3,PGR_Resolve,,
http_req_blocked,1787520133,0.000280,,,,true,,POST,PGR_Resolve,HTTP/2.0,main,,200,,tls1.3,PGR_Resolve,,
http_req_connecting,1787520133,0.000000,,,,true,,POST,PGR_Resolve,HTTP/2.0,main,,200,,tls1.3,PGR_Resolve,,
http_req_tls_handshaking,1787520133,0.000000,,,,true,,POST,PGR_Resolve,HTTP/2.0,main,,200,,tls1.3,PGR_Resolve,,
http_req_sending,1787520133,0.064173,,,,true,,POST,PGR_Resolve,HTTP/2.0,main,,200,,tls1.3,PGR_Resolve,,
http_req_waiting,1787520133,415.368089,,,,true,,POST,PGR_Resolve,HTTP/2.0,main,,200,,tls1.3,PGR_Resolve,,
http_req_receiving,1787520133,0.055436,,,,true,,POST,PGR_Resolve,HTTP/2.0,main,,200,,tls1.3,PGR_Resolve,,
http_req_failed,1787520133,0.000000,,,,true,,POST,PGR_Resolve,HTTP/2.0,main,,200,,tls1.3,PGR_Resolve,,
vus,1787520134,2.000000,,,,,,,,,,,,,,,,
vus_max,1787520134,2.000000,,,,,,,,,,,,,,,,
http_reqs,1787520134,1.000000,,,,true,,POST,PGR_Create,HTTP/2.0,main,,200,,tls1.3,PGR_Create,,
http_req_duration,1787520134,409.717404,,,,true,,POST,PGR_Create,HTTP/2.0,main,,200,,tls1.3,PGR_Create,,
http_req_blocked,1787520134,0.000271,,,,true,,POST,PGR_Create,HTTP/2.0,main,,200,,tls1.3,PGR_Create,,
http_req_connecting,1787520134,0.000000,,,,true,,POST,PGR_Create,HTTP/2.0,main,,200,,tls1.3,PGR_Create,,
http_req_tls_handshaking,1787520134,0.000000,,,,true,,POST,PGR_Create,HTTP/2.0,main,,200,,tls1.3,PGR_Create,,
http_req_sending,1787520134,0.058471,,,,true,,POST,PGR_Create,HTTP/2.0,main,,200,,tls1.3,PGR_Create,,
http_req_waiting,1787520134,409.603938,,,,true,,POST,PGR_Create,HTTP/2.0,main,,200,,tls1.3,PGR_Create,,
http_req_receiving,1787520134,0.054995,,,,true,,POST,PGR_Create,HTTP/2.0,main,,200,,tls1.3,PGR_Create,,
http_req_failed,1787520134,0.000000,,,,true,,POST,PGR_Create,HTTP/2.0,main,,200,,tls1.3,PGR_Create,,
vus,1787520135,2.000000,,,,,,,,,,,,,,,,
vus_max,1787520135,2.000000,,,,,,,,,,,,,,,,
http_reqs,1787520136,1.000000,,,,true,,POST,PGR_Search,HTTP/2.0,main,,200,,tls1.3,PGR_Search,,
http_req_duration,1787520136,327.107661,,,,true,,POST,PGR_Search,HTTP/2.0,main,,200,,tls1.3,PGR_Search,,
http_req_blocked,1787520136,0.000331,,,,true,,POST,PGR_Search,HTTP/2.0,main,,200,,tls1.3,PGR_Search,,
http_req_connecting,1787520136,0.000000,,,,true,,POST,PGR_Search,HTTP/2.0,main,,200,,tls1.3,PGR_Search,,
http_req_tls_handshaking,1787520136,0.000000,,,,true,,POST,PGR_Search,HTTP/2.0,main,,200,,tls1.3,PGR_Search,,
http_req_sending,1787520136,0.081726,,,,true,,POST,PGR_Search,HTTP/2.0,main,,200,,tls1.3,PGR_Search,,
http_req_waiting,1787520136,326.972704,,,,true,,POST,PGR_Search,HTTP/2.0,main,,200,,tls1.3,PGR_Search,,
http_req_receiving,1787520136,0.053231,,,,true,,POST,PGR_Search,HTTP/2.0,main,,200,,tls1.3,PGR_Search,,
http_req_failed,1787520136,0.000000,,,,true,,POST,PGR_Search,HTTP/2.0,main,,200,,tls1.3,PGR_Search,,
transaction_duration,1787520136,7923.000000,,,,,,,,,main,,,,,,,
transaction_success,1787520136,1.000000,,,,,,,,,main,,,,,,,
data_sent,1787520136,14412.000000,,,,,,,,,main,,,,,,,
data_received,1787520136,18830.000000,,,,,,,,,main,,,,,,,
iteration_duration,1787520136,7923.693544,,,,,,,,,main,,,,,,,
iterations,1787520136,1.000000,,,,,,,,,main,,,,,,,
vus,1787520136,2.000000,,,,,,,,,,,,,,,,
vus_max,1787520136,2.000000,,,,,,,,,,,,,,,,
vus,1787520137,2.000000,,,,,,,,,,,,,,,,
vus_max,1787520137,2.000000,,,,,,,,,,,,,,,,
http_reqs,1787520137,1.000000,,,,true,,POST,PGR_Assign,HTTP/2.0,main,,200,,tls1.3,PGR_Assign,,
http_req_duration,1787520137,370.199163,,,,true,,POST,PGR_Assign,HTTP/2.0,main,,200,,tls1.3,PGR_Assign,,
http_req_blocked,1787520137,0.000230,,,,true,,POST,PGR_Assign,HTTP/2.0,main,,200,,tls1.3,PGR_Assign,,
http_req_connecting,1787520137,0.000000,,,,true,,POST,PGR_Assign,HTTP/2.0,main,,200,,tls1.3,PGR_Assign,,
http_req_tls_handshaking,1787520137,0.000000,,,,true,,POST,PGR_Assign,HTTP/2.0,main,,200,,tls1.3,PGR_Assign,,
http_req_sending,1787520137,0.059133,,,,true,,POST,PGR_Assign,HTTP/2.0,main,,200,,tls1.3,PGR_Assign,,
http_req_waiting,1787520137,370.094674,,,,true,,POST,PGR_Assign,HTTP/2.0,main,,200,,tls1.3,PGR_Assign,,
http_req_receiving,1787520137,0.045356,,,,true,,POST,PGR_Assign,HTTP/2.0,main,,200,,tls1.3,PGR_Assign,,
http_req_failed,1787520137,0.000000,,,,true,,POST,PGR_Assign,HTTP/2.0,main,,200,,tls1.3,PGR_Assign,,
http_reqs,1787520138,1.000000,,,,true,,POST,PGR_Create,HTTP/2.0,main,,200,,tls1.3,PGR_Create,,
http_req_duration,1787520138,393.588989,,,,true,,POST,PGR_Create,HTTP/2.0,main,,200,,tls1.3,PGR_Create,,
http_req_blocked,1787520138,0.000551,,,,true,,POST,PGR_Create,HTTP/2.0,main,,200,,tls1.3,PGR_Create,,
http_req_connecting,1787520138,0.000000,,,,true,,POST,PGR_Create,HTTP/2.0,main,,200,,tls1.3,PGR_Create,,
http_req_tls_handshaking,1787520138,0.000000,,,,true,,POST,PGR_Create,HTTP/2.0,main,,200,,tls1.3,PGR_Create,,
http_req_sending,1787520138,0.119789,,,,true,,POST,PGR_Create,HTTP/2.0,main,,200,,tls1.3,PGR_Create,,
http_req_waiting,1787520138,393.406079,,,,true,,POST,PGR_Create,HTTP/2.0,main,,200,,tls1.3,PGR_Create,,
http_req_receiving,1787520138,0.063121,,,,true,,POST,PGR_Create,HTTP/2.0,main,,200,,tls1.3,PGR_Create,,
http_req_failed,1787520138,0.000000,,,,true,,POST,PGR_Create,HTTP/2.0,main,,200,,tls1.3,PGR_Create,,
vus,1787520138,2.000000,,,,,,,,,,,,,,,,
vus_max,1787520138,2.000000,,,,,,,,,,,,,,,,
vus,1787520139,2.000000,,,,,,,,,,,,,,,,
vus_max,1787520139,2.000000,,,,,,,,,,,,,,,,
http_reqs,1787520140,1.000000,,,,true,,POST,PGR_Resolve,HTTP/2.0,main,,200,,tls1.3,PGR_Resolve,,
http_req_duration,1787520140,374.986870,,,,true,,POST,PGR_Resolve,HTTP/2.0,main,,200,,tls1.3,PGR_Resolve,,
http_req_blocked,1787520140,0.000461,,,,true,,POST,PGR_Resolve,HTTP/2.0,main,,200,,tls1.3,PGR_Resolve,,
http_req_connecting,1787520140,0.000000,,,,true,,POST,PGR_Resolve,HTTP/2.0,main,,200,,tls1.3,PGR_Resolve,,
http_req_tls_handshaking,1787520140,0.000000,,,,true,,POST,PGR_Resolve,HTTP/2.0,main,,200,,tls1.3,PGR_Resolve,,
http_req_sending,1787520140,0.081235,,,,true,,POST,PGR_Resolve,HTTP/2.0,main,,200,,tls1.3,PGR_Resolve,,
http_req_waiting,1787520140,374.801707,,,,true,,POST,PGR_Resolve,HTTP/2.0,main,,200,,tls1.3,PGR_Resolve,,
http_req_receiving,1787520140,0.103928,,,,true,,POST,PGR_Resolve,HTTP/2.0,main,,200,,tls1.3,PGR_Resolve,,
http_req_failed,1787520140,0.000000,,,,true,,POST,PGR_Resolve,HTTP/2.0,main,,200,,tls1.3,PGR_Resolve,,
vus,1787520140,2.000000,,,,,,,,,,,,,,,,
vus_max,1787520140,2.000000,,,,,,,,,,,,,,,,
http_reqs,1787520141,1.000000,,,,true,,POST,PGR_Assign,HTTP/2.0,main,,200,,tls1.3,PGR_Assign,,
http_req_duration,1787520141,417.767167,,,,true,,POST,PGR_Assign,HTTP/2.0,main,,200,,tls1.3,PGR_Assign,,
http_req_blocked,1787520141,0.000281,,,,true,,POST,PGR_Assign,HTTP/2.0,main,,200,,tls1.3,PGR_Assign,,
http_req_connecting,1787520141,0.000000,,,,true,,POST,PGR_Assign,HTTP/2.0,main,,200,,tls1.3,PGR_Assign,,
http_req_tls_handshaking,1787520141,0.000000,,,,true,,POST,PGR_Assign,HTTP/2.0,main,,200,,tls1.3,PGR_Assign,,
http_req_sending,1787520141,0.075664,,,,true,,POST,PGR_Assign,HTTP/2.0,main,,200,,tls1.3,PGR_Assign,,
http_req_waiting,1787520141,417.623413,,,,true,,POST,PGR_Assign,HTTP/2.0,main,,200,,tls1.3,PGR_Assign,,
http_req_receiving,1787520141,0.068090,,,,true,,POST,PGR_Assign,HTTP/2.0,main,,200,,tls1.3,PGR_Assign,,
http_req_failed,1787520141,0.000000,,,,true,,POST,PGR_Assign,HTTP/2.0,main,,200,,tls1.3,PGR_Assign,,
vus,1787520141,2.000000,,,,,,,,,,,,,,,,
vus_max,1787520141,2.000000,,,,,,,,,,,,,,,,
http_reqs,1787520141,1.000000,,,,true,,POST,PGR_Search,HTTP/2.0,main,,200,,tls1.3,PGR_Search,,
http_req_duration,1787520141,301.817157,,,,true,,POST,PGR_Search,HTTP/2.0,main,,200,,tls1.3,PGR_Search,,
http_req_blocked,1787520141,0.000240,,,,true,,POST,PGR_Search,HTTP/2.0,main,,200,,tls1.3,PGR_Search,,
http_req_connecting,1787520141,0.000000,,,,true,,POST,PGR_Search,HTTP/2.0,main,,200,,tls1.3,PGR_Search,,
http_req_tls_handshaking,1787520141,0.000000,,,,true,,POST,PGR_Search,HTTP/2.0,main,,200,,tls1.3,PGR_Search,,
http_req_sending,1787520141,0.066738,,,,true,,POST,PGR_Search,HTTP/2.0,main,,200,,tls1.3,PGR_Search,,
http_req_waiting,1787520141,301.695835,,,,true,,POST,PGR_Search,HTTP/2.0,main,,200,,tls1.3,PGR_Search,,
http_req_receiving,1787520141,0.054584,,,,true,,POST,PGR_Search,HTTP/2.0,main,,200,,tls1.3,PGR_Search,,
http_req_failed,1787520141,0.000000,,,,true,,POST,PGR_Search,HTTP/2.0,main,,200,,tls1.3,PGR_Search,,
transaction_duration,1787520141,8997.000000,,,,,,,,,main,,,,,,,
transaction_success,1787520141,1.000000,,,,,,,,,main,,,,,,,
data_sent,1787520141,14282.000000,,,,,,,,,main,,,,,,,
data_received,1787520141,18676.000000,,,,,,,,,main,,,,,,,
iteration_duration,1787520141,8997.405979,,,,,,,,,main,,,,,,,
iterations,1787520141,1.000000,,,,,,,,,main,,,,,,,
vus,1787520142,2.000000,,,,,,,,,,,,,,,,
vus_max,1787520142,2.000000,,,,,,,,,,,,,,,,
http_reqs,1787520143,1.000000,,,,true,,POST,PGR_Resolve,HTTP/2.0,main,,200,,tls1.3,PGR_Resolve,,
http_req_duration,1787520143,410.117091,,,,true,,POST,PGR_Resolve,HTTP/2.0,main,,200,,tls1.3,PGR_Resolve,,
http_req_blocked,1787520143,0.000330,,,,true,,POST,PGR_Resolve,HTTP/2.0,main,,200,,tls1.3,PGR_Resolve,,
http_req_connecting,1787520143,0.000000,,,,true,,POST,PGR_Resolve,HTTP/2.0,main,,200,,tls1.3,PGR_Resolve,,
http_req_tls_handshaking,1787520143,0.000000,,,,true,,POST,PGR_Resolve,HTTP/2.0,main,,200,,tls1.3,PGR_Resolve,,
http_req_sending,1787520143,0.091184,,,,true,,POST,PGR_Resolve,HTTP/2.0,main,,200,,tls1.3,PGR_Resolve,,
http_req_waiting,1787520143,409.955713,,,,true,,POST,PGR_Resolve,HTTP/2.0,main,,200,,tls1.3,PGR_Resolve,,
http_req_receiving,1787520143,0.070194,,,,true,,POST,PGR_Resolve,HTTP/2.0,main,,200,,tls1.3,PGR_Resolve,,
http_req_failed,1787520143,0.000000,,,,true,,POST,PGR_Resolve,HTTP/2.0,main,,200,,tls1.3,PGR_Resolve,,
vus,1787520143,2.000000,,,,,,,,,,,,,,,,
vus_max,1787520143,2.000000,,,,,,,,,,,,,,,,
http_reqs,1787520143,1.000000,,,,true,,POST,PGR_Create,HTTP/2.0,main,,200,,tls1.3,PGR_Create,,
http_req_duration,1787520143,427.945151,,,,true,,POST,PGR_Create,HTTP/2.0,main,,200,,tls1.3,PGR_Create,,
http_req_blocked,1787520143,0.000331,,,,true,,POST,PGR_Create,HTTP/2.0,main,,200,,tls1.3,PGR_Create,,
http_req_connecting,1787520143,0.000000,,,,true,,POST,PGR_Create,HTTP/2.0,main,,200,,tls1.3,PGR_Create,,
http_req_tls_handshaking,1787520143,0.000000,,,,true,,POST,PGR_Create,HTTP/2.0,main,,200,,tls1.3,PGR_Create,,
http_req_sending,1787520143,0.070775,,,,true,,POST,PGR_Create,HTTP/2.0,main,,200,,tls1.3,PGR_Create,,
http_req_waiting,1787520143,427.800264,,,,true,,POST,PGR_Create,HTTP/2.0,main,,200,,tls1.3,PGR_Create,,
http_req_receiving,1787520143,0.074112,,,,true,,POST,PGR_Create,HTTP/2.0,main,,200,,tls1.3,PGR_Create,,
http_req_failed,1787520143,0.000000,,,,true,,POST,PGR_Create,HTTP/2.0,main,,200,,tls1.3,PGR_Create,,
vus,1787520144,2.000000,,,,,,,,,,,,,,,,
vus_max,1787520144,2.000000,,,,,,,,,,,,,,,,
http_reqs,1787520144,1.000000,,,,true,,POST,PGR_Search,HTTP/2.0,main,,200,,tls1.3,PGR_Search,,
http_req_duration,1787520144,324.025551,,,,true,,POST,PGR_Search,HTTP/2.0,main,,200,,tls1.3,PGR_Search,,
http_req_blocked,1787520144,0.000541,,,,true,,POST,PGR_Search,HTTP/2.0,main,,200,,tls1.3,PGR_Search,,
http_req_connecting,1787520144,0.000000,,,,true,,POST,PGR_Search,HTTP/2.0,main,,200,,tls1.3,PGR_Search,,
http_req_tls_handshaking,1787520144,0.000000,,,,true,,POST,PGR_Search,HTTP/2.0,main,,200,,tls1.3,PGR_Search,,
http_req_sending,1787520144,0.083309,,,,true,,POST,PGR_Search,HTTP/2.0,main,,200,,tls1.3,PGR_Search,,
http_req_waiting,1787520144,323.574199,,,,true,,POST,PGR_Search,HTTP/2.0,main,,200,,tls1.3,PGR_Search,,
http_req_receiving,1787520144,0.368043,,,,true,,POST,PGR_Search,HTTP/2.0,main,,200,,tls1.3,PGR_Search,,
http_req_failed,1787520144,0.000000,,,,true,,POST,PGR_Search,HTTP/2.0,main,,200,,tls1.3,PGR_Search,,
transaction_duration,1787520144,8742.000000,,,,,,,,,main,,,,,,,
transaction_success,1787520144,1.000000,,,,,,,,,main,,,,,,,
data_sent,1787520144,14326.000000,,,,,,,,,main,,,,,,,
data_received,1787520144,18699.000000,,,,,,,,,main,,,,,,,
iteration_duration,1787520144,8741.342445,,,,,,,,,main,,,,,,,
iterations,1787520144,1.000000,,,,,,,,,main,,,,,,,
vus,1787520145,2.000000,,,,,,,,,,,,,,,,
vus_max,1787520145,2.000000,,,,,,,,,,,,,,,,
http_reqs,1787520145,1.000000,,,,true,,POST,PGR_Assign,HTTP/2.0,main,,200,,tls1.3,PGR_Assign,,
http_req_duration,1787520145,363.262102,,,,true,,POST,PGR_Assign,HTTP/2.0,main,,200,,tls1.3,PGR_Assign,,
http_req_blocked,1787520145,0.000471,,,,true,,POST,PGR_Assign,HTTP/2.0,main,,200,,tls1.3,PGR_Assign,,
http_req_connecting,1787520145,0.000000,,,,true,,POST,PGR_Assign,HTTP/2.0,main,,200,,tls1.3,PGR_Assign,,
http_req_tls_handshaking,1787520145,0.000000,,,,true,,POST,PGR_Assign,HTTP/2.0,main,,200,,tls1.3,PGR_Assign,,
http_req_sending,1787520145,0.089862,,,,true,,POST,PGR_Assign,HTTP/2.0,main,,200,,tls1.3,PGR_Assign,,
http_req_waiting,1787520145,363.115962,,,,true,,POST,PGR_Assign,HTTP/2.0,main,,200,,tls1.3,PGR_Assign,,
http_req_receiving,1787520145,0.056278,,,,true,,POST,PGR_Assign,HTTP/2.0,main,,200,,tls1.3,PGR_Assign,,
http_req_failed,1787520145,0.000000,,,,true,,POST,PGR_Assign,HTTP/2.0,main,,200,,tls1.3,PGR_Assign,,
vus,1787520146,2.000000,,,,,,,,,,,,,,,,
vus_max,1787520146,2.000000,,,,,,,,,,,,,,,,
http_reqs,1787520146,1.000000,,,,true,,POST,PGR_Create,HTTP/2.0,main,,200,,tls1.3,PGR_Create,,
http_req_duration,1787520146,384.504580,,,,true,,POST,PGR_Create,HTTP/2.0,main,,200,,tls1.3,PGR_Create,,
http_req_blocked,1787520146,0.000280,,,,true,,POST,PGR_Create,HTTP/2.0,main,,200,,tls1.3,PGR_Create,,
http_req_connecting,1787520146,0.000000,,,,true,,POST,PGR_Create,HTTP/2.0,main,,200,,tls1.3,PGR_Create,,
http_req_tls_handshaking,1787520146,0.000000,,,,true,,POST,PGR_Create,HTTP/2.0,main,,200,,tls1.3,PGR_Create,,
http_req_sending,1787520146,0.078660,,,,true,,POST,PGR_Create,HTTP/2.0,main,,200,,tls1.3,PGR_Create,,
http_req_waiting,1787520146,384.222833,,,,true,,POST,PGR_Create,HTTP/2.0,main,,200,,tls1.3,PGR_Create,,
http_req_receiving,1787520146,0.203087,,,,true,,POST,PGR_Create,HTTP/2.0,main,,200,,tls1.3,PGR_Create,,
http_req_failed,1787520146,0.000000,,,,true,,POST,PGR_Create,HTTP/2.0,main,,200,,tls1.3,PGR_Create,,
vus,1787520147,2.000000,,,,,,,,,,,,,,,,
vus_max,1787520147,2.000000,,,,,,,,,,,,,,,,
http_reqs,1787520147,1.000000,,,,true,,POST,PGR_Resolve,HTTP/2.0,main,,200,,tls1.3,PGR_Resolve,,
http_req_duration,1787520147,398.736862,,,,true,,POST,PGR_Resolve,HTTP/2.0,main,,200,,tls1.3,PGR_Resolve,,
http_req_blocked,1787520147,0.000271,,,,true,,POST,PGR_Resolve,HTTP/2.0,main,,200,,tls1.3,PGR_Resolve,,
http_req_connecting,1787520147,0.000000,,,,true,,POST,PGR_Resolve,HTTP/2.0,main,,200,,tls1.3,PGR_Resolve,,
http_req_tls_handshaking,1787520147,0.000000,,,,true,,POST,PGR_Resolve,HTTP/2.0,main,,200,,tls1.3,PGR_Resolve,,
http_req_sending,1787520147,0.073500,,,,true,,POST,PGR_Resolve,HTTP/2.0,main,,200,,tls1.3,PGR_Resolve,,
http_req_waiting,1787520147,398.607375,,,,true,,POST,PGR_Resolve,HTTP/2.0,main,,200,,tls1.3,PGR_Resolve,,
http_req_receiving,1787520147,0.055987,,,,true,,POST,PGR_Resolve,HTTP/2.0,main,,200,,tls1.3,PGR_Resolve,,
http_req_failed,1787520147,0.000000,,,,true,,POST,PGR_Resolve,HTTP/2.0,main,,200,,tls1.3,PGR_Resolve,,
vus,1787520148,2.000000,,,,,,,,,,,,,,,,
vus_max,1787520148,2.000000,,,,,,,,,,,,,,,,
http_reqs,1787520148,1.000000,,,,true,,POST,PGR_Assign,HTTP/2.0,main,,200,,tls1.3,PGR_Assign,,
http_req_duration,1787520148,387.418459,,,,true,,POST,PGR_Assign,HTTP/2.0,main,,200,,tls1.3,PGR_Assign,,
http_req_blocked,1787520148,0.000270,,,,true,,POST,PGR_Assign,HTTP/2.0,main,,200,,tls1.3,PGR_Assign,,
http_req_connecting,1787520148,0.000000,,,,true,,POST,PGR_Assign,HTTP/2.0,main,,200,,tls1.3,PGR_Assign,,
http_req_tls_handshaking,1787520148,0.000000,,,,true,,POST,PGR_Assign,HTTP/2.0,main,,200,,tls1.3,PGR_Assign,,
http_req_sending,1787520148,0.060395,,,,true,,POST,PGR_Assign,HTTP/2.0,main,,200,,tls1.3,PGR_Assign,,
http_req_waiting,1787520148,387.258594,,,,true,,POST,PGR_Assign,HTTP/2.0,main,,200,,tls1.3,PGR_Assign,,
http_req_receiving,1787520148,0.099470,,,,true,,POST,PGR_Assign,HTTP/2.0,main,,200,,tls1.3,PGR_Assign,,
http_req_failed,1787520148,0.000000,,,,true,,POST,PGR_Assign,HTTP/2.0,main,,200,,tls1.3,PGR_Assign,,
vus,1787520149,2.000000,,,,,,,,,,,,,,,,
vus_max,1787520149,2.000000,,,,,,,,,,,,,,,,
vus,1787520150,2.000000,,,,,,,,,,,,,,,,
vus_max,1787520150,2.000000,,,,,,,,,,,,,,,,
http_reqs,1787520150,1.000000,,,,true,,POST,PGR_Search,HTTP/2.0,main,,200,,tls1.3,PGR_Search,,
http_req_duration,1787520150,316.025528,,,,true,,POST,PGR_Search,HTTP/2.0,main,,200,,tls1.3,PGR_Search,,
http_req_blocked,1787520150,0.000331,,,,true,,POST,PGR_Search,HTTP/2.0,main,,200,,tls1.3,PGR_Search,,
http_req_connecting,1787520150,0.000000,,,,true,,POST,PGR_Search,HTTP/2.0,main,,200,,tls1.3,PGR_Search,,
http_req_tls_handshaking,1787520150,0.000000,,,,true,,POST,PGR_Search,HTTP/2.0,main,,200,,tls1.3,PGR_Search,,
http_req_sending,1787520150,0.081976,,,,true,,POST,PGR_Search,HTTP/2.0,main,,200,,tls1.3,PGR_Search,,
http_req_waiting,1787520150,315.605737,,,,true,,POST,PGR_Search,HTTP/2.0,main,,200,,tls1.3,PGR_Search,,
http_req_receiving,1787520150,0.337815,,,,true,,POST,PGR_Search,HTTP/2.0,main,,200,,tls1.3,PGR_Search,,
http_req_failed,1787520150,0.000000,,,,true,,POST,PGR_Search,HTTP/2.0,main,,200,,tls1.3,PGR_Search,,
transaction_duration,1787520150,8449.000000,,,,,,,,,main,,,,,,,
transaction_success,1787520150,1.000000,,,,,,,,,main,,,,,,,
data_sent,1787520150,14370.000000,,,,,,,,,main,,,,,,,
data_received,1787520150,18779.000000,,,,,,,,,main,,,,,,,
iteration_duration,1787520150,8449.252849,,,,,,,,,main,,,,,,,
iterations,1787520150,1.000000,,,,,,,,,main,,,,,,,
vus,1787520151,2.000000,,,,,,,,,,,,,,,,
vus_max,1787520151,2.000000,,,,,,,,,,,,,,,,
http_reqs,1787520151,1.000000,,,,true,,POST,PGR_Resolve,HTTP/2.0,main,,200,,tls1.3,PGR_Resolve,,
http_req_duration,1787520151,376.150410,,,,true,,POST,PGR_Resolve,HTTP/2.0,main,,200,,tls1.3,PGR_Resolve,,
http_req_blocked,1787520151,0.000341,,,,true,,POST,PGR_Resolve,HTTP/2.0,main,,200,,tls1.3,PGR_Resolve,,
http_req_connecting,1787520151,0.000000,,,,true,,POST,PGR_Resolve,HTTP/2.0,main,,200,,tls1.3,PGR_Resolve,,
http_req_tls_handshaking,1787520151,0.000000,,,,true,,POST,PGR_Resolve,HTTP/2.0,main,,200,,tls1.3,PGR_Resolve,,
http_req_sending,1787520151,0.141510,,,,true,,POST,PGR_Resolve,HTTP/2.0,main,,200,,tls1.3,PGR_Resolve,,
http_req_waiting,1787520151,375.931903,,,,true,,POST,PGR_Resolve,HTTP/2.0,main,,200,,tls1.3,PGR_Resolve,,
http_req_receiving,1787520151,0.076997,,,,true,,POST,PGR_Resolve,HTTP/2.0,main,,200,,tls1.3,PGR_Resolve,,
http_req_failed,1787520151,0.000000,,,,true,,POST,PGR_Resolve,HTTP/2.0,main,,200,,tls1.3,PGR_Resolve,,
http_reqs,1787520152,1.000000,,,,true,,POST,PGR_Create,HTTP/2.0,main,,200,,tls1.3,PGR_Create,,
http_req_duration,1787520152,397.042892,,,,true,,POST,PGR_Create,HTTP/2.0,main,,200,,tls1.3,PGR_Create,,
http_req_blocked,1787520152,0.000280,,,,true,,POST,PGR_Create,HTTP/2.0,main,,200,,tls1.3,PGR_Create,,
http_req_connecting,1787520152,0.000000,,,,true,,POST,PGR_Create,HTTP/2.0,main,,200,,tls1.3,PGR_Create,,
http_req_tls_handshaking,1787520152,0.000000,,,,true,,POST,PGR_Create,HTTP/2.0,main,,200,,tls1.3,PGR_Create,,
http_req_sending,1787520152,0.073731,,,,true,,POST,PGR_Create,HTTP/2.0,main,,200,,tls1.3,PGR_Create,,
http_req_waiting,1787520152,396.882866,,,,true,,POST,PGR_Create,HTTP/2.0,main,,200,,tls1.3,PGR_Create,,
http_req_receiving,1787520152,0.086295,,,,true,,POST,PGR_Create,HTTP/2.0,main,,200,,tls1.3,PGR_Create,,
http_req_failed,1787520152,0.000000,,,,true,,POST,PGR_Create,HTTP/2.0,main,,200,,tls1.3,PGR_Create,,
vus,1787520152,2.000000,,,,,,,,,,,,,,,,
vus_max,1787520152,2.000000,,,,,,,,,,,,,,,,
vus,1787520153,2.000000,,,,,,,,,,,,,,,,
vus_max,1787520153,2.000000,,,,,,,,,,,,,,,,
http_reqs,1787520154,1.000000,,,,true,,POST,PGR_Assign,HTTP/2.0,main,,200,,tls1.3,PGR_Assign,,
http_req_duration,1787520154,392.318773,,,,true,,POST,PGR_Assign,HTTP/2.0,main,,200,,tls1.3,PGR_Assign,,
http_req_blocked,1787520154,0.000611,,,,true,,POST,PGR_Assign,HTTP/2.0,main,,200,,tls1.3,PGR_Assign,,
http_req_connecting,1787520154,0.000000,,,,true,,POST,PGR_Assign,HTTP/2.0,main,,200,,tls1.3,PGR_Assign,,
http_req_tls_handshaking,1787520154,0.000000,,,,true,,POST,PGR_Assign,HTTP/2.0,main,,200,,tls1.3,PGR_Assign,,
http_req_sending,1787520154,0.107716,,,,true,,POST,PGR_Assign,HTTP/2.0,main,,200,,tls1.3,PGR_Assign,,
http_req_waiting,1787520154,392.145271,,,,true,,POST,PGR_Assign,HTTP/2.0,main,,200,,tls1.3,PGR_Assign,,
http_req_receiving,1787520154,0.065786,,,,true,,POST,PGR_Assign,HTTP/2.0,main,,200,,tls1.3,PGR_Assign,,
http_req_failed,1787520154,0.000000,,,,true,,POST,PGR_Assign,HTTP/2.0,main,,200,,tls1.3,PGR_Assign,,
http_reqs,1787520154,1.000000,,,,true,,POST,PGR_Search,HTTP/2.0,main,,200,,tls1.3,PGR_Search,,
http_req_duration,1787520154,321.124142,,,,true,,POST,PGR_Search,HTTP/2.0,main,,200,,tls1.3,PGR_Search,,
http_req_blocked,1787520154,0.000261,,,,true,,POST,PGR_Search,HTTP/2.0,main,,200,,tls1.3,PGR_Search,,
http_req_connecting,1787520154,0.000000,,,,true,,POST,PGR_Search,HTTP/2.0,main,,200,,tls1.3,PGR_Search,,
http_req_tls_handshaking,1787520154,0.000000,,,,true,,POST,PGR_Search,HTTP/2.0,main,,200,,tls1.3,PGR_Search,,
http_req_sending,1787520154,0.064012,,,,true,,POST,PGR_Search,HTTP/2.0,main,,200,,tls1.3,PGR_Search,,
http_req_waiting,1787520154,321.012670,,,,true,,POST,PGR_Search,HTTP/2.0,main,,200,,tls1.3,PGR_Search,,
http_req_receiving,1787520154,0.047460,,,,true,,POST,PGR_Search,HTTP/2.0,main,,200,,tls1.3,PGR_Search,,
http_req_failed,1787520154,0.000000,,,,true,,POST,PGR_Search,HTTP/2.0,main,,200,,tls1.3,PGR_Search,,
transaction_duration,1787520154,9317.000000,,,,,,,,,main,,,,,,,
transaction_success,1787520154,1.000000,,,,,,,,,main,,,,,,,
data_sent,1787520154,14332.000000,,,,,,,,,main,,,,,,,
data_received,1787520154,18747.000000,,,,,,,,,main,,,,,,,
iteration_duration,1787520154,9317.621691,,,,,,,,,main,,,,,,,
iterations,1787520154,1.000000,,,,,,,,,main,,,,,,,
vus,1787520154,2.000000,,,,,,,,,,,,,,,,
vus_max,1787520154,2.000000,,,,,,,,,,,,,,,,
vus,1787520155,2.000000,,,,,,,,,,,,,,,,
vus_max,1787520155,2.000000,,,,,,,,,,,,,,,,
http_reqs,1787520155,1.000000,,,,true,,POST,PGR_Resolve,HTTP/2.0,main,,200,,tls1.3,PGR_Resolve,,
http_req_duration,1787520155,367.820064,,,,true,,POST,PGR_Resolve,HTTP/2.0,main,,200,,tls1.3,PGR_Resolve,,
http_req_blocked,1787520155,0.000361,,,,true,,POST,PGR_Resolve,HTTP/2.0,main,,200,,tls1.3,PGR_Resolve,,
http_req_connecting,1787520155,0.000000,,,,true,,POST,PGR_Resolve,HTTP/2.0,main,,200,,tls1.3,PGR_Resolve,,
http_req_tls_handshaking,1787520155,0.000000,,,,true,,POST,PGR_Resolve,HTTP/2.0,main,,200,,tls1.3,PGR_Resolve,,
http_req_sending,1787520155,0.090623,,,,true,,POST,PGR_Resolve,HTTP/2.0,main,,200,,tls1.3,PGR_Resolve,,
http_req_waiting,1787520155,367.665800,,,,true,,POST,PGR_Resolve,HTTP/2.0,main,,200,,tls1.3,PGR_Resolve,,
http_req_receiving,1787520155,0.063641,,,,true,,POST,PGR_Resolve,HTTP/2.0,main,,200,,tls1.3,PGR_Resolve,,
http_req_failed,1787520155,0.000000,,,,true,,POST,PGR_Resolve,HTTP/2.0,main,,200,,tls1.3,PGR_Resolve,,
vus,1787520156,2.000000,,,,,,,,,,,,,,,,
vus_max,1787520156,2.000000,,,,,,,,,,,,,,,,
vus,1787520157,2.000000,,,,,,,,,,,,,,,,
vus_max,1787520157,2.000000,,,,,,,,,,,,,,,,
http_reqs,1787520157,1.000000,,,,true,,POST,PGR_Create,HTTP/2.0,main,,200,,tls1.3,PGR_Create,,
http_req_duration,1787520157,379.647320,,,,true,,POST,PGR_Create,HTTP/2.0,main,,200,,tls1.3,PGR_Create,,
http_req_blocked,1787520157,0.000280,,,,true,,POST,PGR_Create,HTTP/2.0,main,,200,,tls1.3,PGR_Create,,
http_req_connecting,1787520157,0.000000,,,,true,,POST,PGR_Create,HTTP/2.0,main,,200,,tls1.3,PGR_Create,,
http_req_tls_handshaking,1787520157,0.000000,,,,true,,POST,PGR_Create,HTTP/2.0,main,,200,,tls1.3,PGR_Create,,
http_req_sending,1787520157,0.069413,,,,true,,POST,PGR_Create,HTTP/2.0,main,,200,,tls1.3,PGR_Create,,
http_req_waiting,1787520157,379.020443,,,,true,,POST,PGR_Create,HTTP/2.0,main,,200,,tls1.3,PGR_Create,,
http_req_receiving,1787520157,0.557464,,,,true,,POST,PGR_Create,HTTP/2.0,main,,200,,tls1.3,PGR_Create,,
http_req_failed,1787520157,0.000000,,,,true,,POST,PGR_Create,HTTP/2.0,main,,200,,tls1.3,PGR_Create,,
vus,1787520158,2.000000,,,,,,,,,,,,,,,,
vus_max,1787520158,2.000000,,,,,,,,,,,,,,,,
http_reqs,1787520158,1.000000,,,,true,,POST,PGR_Assign,HTTP/2.0,main,,200,,tls1.3,PGR_Assign,,
http_req_duration,1787520158,410.937022,,,,true,,POST,PGR_Assign,HTTP/2.0,main,,200,,tls1.3,PGR_Assign,,
http_req_blocked,1787520158,0.000280,,,,true,,POST,PGR_Assign,HTTP/2.0,main,,200,,tls1.3,PGR_Assign,,
http_req_connecting,1787520158,0.000000,,,,true,,POST,PGR_Assign,HTTP/2.0,main,,200,,tls1.3,PGR_Assign,,
http_req_tls_handshaking,1787520158,0.000000,,,,true,,POST,PGR_Assign,HTTP/2.0,main,,200,,tls1.3,PGR_Assign,,
http_req_sending,1787520158,0.082137,,,,true,,POST,PGR_Assign,HTTP/2.0,main,,200,,tls1.3,PGR_Assign,,
http_req_waiting,1787520158,410.793689,,,,true,,POST,PGR_Assign,HTTP/2.0,main,,200,,tls1.3,PGR_Assign,,
http_req_receiving,1787520158,0.061196,,,,true,,POST,PGR_Assign,HTTP/2.0,main,,200,,tls1.3,PGR_Assign,,
http_req_failed,1787520158,0.000000,,,,true,,POST,PGR_Assign,HTTP/2.0,main,,200,,tls1.3,PGR_Assign,,
http_reqs,1787520158,1.000000,,,,true,,POST,PGR_Search,HTTP/2.0,main,,200,,tls1.3,PGR_Search,,
http_req_duration,1787520158,305.854291,,,,true,,POST,PGR_Search,HTTP/2.0,main,,200,,tls1.3,PGR_Search,,
http_req_blocked,1787520158,0.000280,,,,true,,POST,PGR_Search,HTTP/2.0,main,,200,,tls1.3,PGR_Search,,
http_req_connecting,1787520158,0.000000,,,,true,,POST,PGR_Search,HTTP/2.0,main,,200,,tls1.3,PGR_Search,,
http_req_tls_handshaking,1787520158,0.000000,,,,true,,POST,PGR_Search,HTTP/2.0,main,,200,,tls1.3,PGR_Search,,
http_req_sending,1787520158,0.063301,,,,true,,POST,PGR_Search,HTTP/2.0,main,,200,,tls1.3,PGR_Search,,
http_req_waiting,1787520158,305.670560,,,,true,,POST,PGR_Search,HTTP/2.0,main,,200,,tls1.3,PGR_Search,,
http_req_receiving,1787520158,0.120430,,,,true,,POST,PGR_Search,HTTP/2.0,main,,200,,tls1.3,PGR_Search,,
http_req_failed,1787520158,0.000000,,,,true,,POST,PGR_Search,HTTP/2.0,main,,200,,tls1.3,PGR_Search,,
transaction_duration,1787520158,8744.000000,,,,,,,,,main,,,,,,,
transaction_success,1787520158,1.000000,,,,,,,,,main,,,,,,,
data_sent,1787520158,14382.000000,,,,,,,,,main,,,,,,,
data_received,1787520158,18792.000000,,,,,,,,,main,,,,,,,
iteration_duration,1787520158,8743.367099,,,,,,,,,main,,,,,,,
iterations,1787520158,1.000000,,,,,,,,,main,,,,,,,
vus,1787520159,2.000000,,,,,,,,,,,,,,,,
vus_max,1787520159,2.000000,,,,,,,,,,,,,,,,
vus,1787520160,2.000000,,,,,,,,,,,,,,,,
vus_max,1787520160,2.000000,,,,,,,,,,,,,,,,
vus,1787520161,2.000000,,,,,,,,,,,,,,,,
vus_max,1787520161,2.000000,,,,,,,,,,,,,,,,
vus,1787520162,2.000000,,,,,,,,,,,,,,,,
vus_max,1787520162,2.000000,,,,,,,,,,,,,,,,
http_reqs,1787520162,1.000000,,,,true,,POST,PGR_Resolve,HTTP/2.0,main,,200,,tls1.3,PGR_Resolve,,
http_req_duration,1787520162,385.855523,,,,true,,POST,PGR_Resolve,HTTP/2.0,main,,200,,tls1.3,PGR_Resolve,,
http_req_blocked,1787520162,0.000281,,,,true,,POST,PGR_Resolve,HTTP/2.0,main,,200,,tls1.3,PGR_Resolve,,
http_req_connecting,1787520162,0.000000,,,,true,,POST,PGR_Resolve,HTTP/2.0,main,,200,,tls1.3,PGR_Resolve,,
http_req_tls_handshaking,1787520162,0.000000,,,,true,,POST,PGR_Resolve,HTTP/2.0,main,,200,,tls1.3,PGR_Resolve,,
http_req_sending,1787520162,0.088689,,,,true,,POST,PGR_Resolve,HTTP/2.0,main,,200,,tls1.3,PGR_Resolve,,
http_req_waiting,1787520162,385.696089,,,,true,,POST,PGR_Resolve,HTTP/2.0,main,,200,,tls1.3,PGR_Resolve,,
http_req_receiving,1787520162,0.070745,,,,true,,POST,PGR_Resolve,HTTP/2.0,main,,200,,tls1.3,PGR_Resolve,,
http_req_failed,1787520162,0.000000,,,,true,,POST,PGR_Resolve,HTTP/2.0,main,,200,,tls1.3,PGR_Resolve,,
http_reqs,1787520162,1.000000,,,,true,,POST,PGR_Create,HTTP/2.0,main,,200,,tls1.3,PGR_Create,,
http_req_duration,1787520162,388.916285,,,,true,,POST,PGR_Create,HTTP/2.0,main,,200,,tls1.3,PGR_Create,,
http_req_blocked,1787520162,0.000300,,,,true,,POST,PGR_Create,HTTP/2.0,main,,200,,tls1.3,PGR_Create,,
http_req_connecting,1787520162,0.000000,,,,true,,POST,PGR_Create,HTTP/2.0,main,,200,,tls1.3,PGR_Create,,
http_req_tls_handshaking,1787520162,0.000000,,,,true,,POST,PGR_Create,HTTP/2.0,main,,200,,tls1.3,PGR_Create,,
http_req_sending,1787520162,0.083209,,,,true,,POST,PGR_Create,HTTP/2.0,main,,200,,tls1.3,PGR_Create,,
http_req_waiting,1787520162,388.757071,,,,true,,POST,PGR_Create,HTTP/2.0,main,,200,,tls1.3,PGR_Create,,
http_req_receiving,1787520162,0.076005,,,,true,,POST,PGR_Create,HTTP/2.0,main,,200,,tls1.3,PGR_Create,,
http_req_failed,1787520162,0.000000,,,,true,,POST,PGR_Create,HTTP/2.0,main,,200,,tls1.3,PGR_Create,,
vus,1787520163,2.000000,,,,,,,,,,,,,,,,
vus_max,1787520163,2.000000,,,,,,,,,,,,,,,,
vus,1787520164,2.000000,,,,,,,,,,,,,,,,
vus_max,1787520164,2.000000,,,,,,,,,,,,,,,,
http_reqs,1787520164,1.000000,,,,true,,POST,PGR_Search,HTTP/2.0,main,,200,,tls1.3,PGR_Search,,
http_req_duration,1787520164,320.820432,,,,true,,POST,PGR_Search,HTTP/2.0,main,,200,,tls1.3,PGR_Search,,
http_req_blocked,1787520164,0.000280,,,,true,,POST,PGR_Search,HTTP/2.0,main,,200,,tls1.3,PGR_Search,,
http_req_connecting,1787520164,0.000000,,,,true,,POST,PGR_Search,HTTP/2.0,main,,200,,tls1.3,PGR_Search,,
http_req_tls_handshaking,1787520164,0.000000,,,,true,,POST,PGR_Search,HTTP/2.0,main,,200,,tls1.3,PGR_Search,,
http_req_sending,1787520164,0.081005,,,,true,,POST,PGR_Search,HTTP/2.0,main,,200,,tls1.3,PGR_Search,,
http_req_waiting,1787520164,320.151615,,,,true,,POST,PGR_Search,HTTP/2.0,main,,200,,tls1.3,PGR_Search,,
http_req_receiving,1787520164,0.587812,,,,true,,POST,PGR_Search,HTTP/2.0,main,,200,,tls1.3,PGR_Search,,
http_req_failed,1787520164,0.000000,,,,true,,POST,PGR_Search,HTTP/2.0,main,,200,,tls1.3,PGR_Search,,
transaction_duration,1787520164,10047.000000,,,,,,,,,main,,,,,,,
transaction_success,1787520164,1.000000,,,,,,,,,main,,,,,,,
data_sent,1787520164,14268.000000,,,,,,,,,main,,,,,,,
data_received,1787520164,18643.000000,,,,,,,,,main,,,,,,,
iteration_duration,1787520164,10046.359139,,,,,,,,,main,,,,,,,
iterations,1787520164,1.000000,,,,,,,,,main,,,,,,,
http_reqs,1787520164,1.000000,,,,true,,POST,PGR_Assign,HTTP/2.0,main,,200,,tls1.3,PGR_Assign,,
http_req_duration,1787520164,367.453001,,,,true,,POST,PGR_Assign,HTTP/2.0,main,,200,,tls1.3,PGR_Assign,,
http_req_blocked,1787520164,0.000190,,,,true,,POST,PGR_Assign,HTTP/2.0,main,,200,,tls1.3,PGR_Assign,,
http_req_connecting,1787520164,0.000000,,,,true,,POST,PGR_Assign,HTTP/2.0,main,,200,,tls1.3,PGR_Assign,,
http_req_tls_handshaking,1787520164,0.000000,,,,true,,POST,PGR_Assign,HTTP/2.0,main,,200,,tls1.3,PGR_Assign,,
http_req_sending,1787520164,0.097336,,,,true,,POST,PGR_Assign,HTTP/2.0,main,,200,,tls1.3,PGR_Assign,,
http_req_waiting,1787520164,367.267347,,,,true,,POST,PGR_Assign,HTTP/2.0,main,,200,,tls1.3,PGR_Assign,,
http_req_receiving,1787520164,0.088318,,,,true,,POST,PGR_Assign,HTTP/2.0,main,,200,,tls1.3,PGR_Assign,,
http_req_failed,1787520164,0.000000,,,,true,,POST,PGR_Assign,HTTP/2.0,main,,200,,tls1.3,PGR_Assign,,
vus,1787520165,2.000000,,,,,,,,,,,,,,,,
vus_max,1787520165,2.000000,,,,,,,,,,,,,,,,
vus,1787520166,2.000000,,,,,,,,,,,,,,,,
vus_max,1787520166,2.000000,,,,,,,,,,,,,,,,
http_reqs,1787520166,1.000000,,,,true,,POST,PGR_Create,HTTP/2.0,main,,200,,tls1.3,PGR_Create,,
http_req_duration,1787520166,417.078482,,,,true,,POST,PGR_Create,HTTP/2.0,main,,200,,tls1.3,PGR_Create,,
http_req_blocked,1787520166,0.000371,,,,true,,POST,PGR_Create,HTTP/2.0,main,,200,,tls1.3,PGR_Create,,
http_req_connecting,1787520166,0.000000,,,,true,,POST,PGR_Create,HTTP/2.0,main,,200,,tls1.3,PGR_Create,,
http_req_tls_handshaking,1787520166,0.000000,,,,true,,POST,PGR_Create,HTTP/2.0,main,,200,,tls1.3,PGR_Create,,
http_req_sending,1787520166,0.092476,,,,true,,POST,PGR_Create,HTTP/2.0,main,,200,,tls1.3,PGR_Create,,
http_req_waiting,1787520166,416.931202,,,,true,,POST,PGR_Create,HTTP/2.0,main,,200,,tls1.3,PGR_Create,,
http_req_receiving,1787520166,0.054804,,,,true,,POST,PGR_Create,HTTP/2.0,main,,200,,tls1.3,PGR_Create,,
http_req_failed,1787520166,0.000000,,,,true,,POST,PGR_Create,HTTP/2.0,main,,200,,tls1.3,PGR_Create,,
vus,1787520167,2.000000,,,,,,,,,,,,,,,,
vus_max,1787520167,2.000000,,,,,,,,,,,,,,,,
http_reqs,1787520167,1.000000,,,,true,,POST,PGR_Resolve,HTTP/2.0,main,,200,,tls1.3,PGR_Resolve,,
http_req_duration,1787520167,350.390719,,,,true,,POST,PGR_Resolve,HTTP/2.0,main,,200,,tls1.3,PGR_Resolve,,
http_req_blocked,1787520167,0.000260,,,,true,,POST,PGR_Resolve,HTTP/2.0,main,,200,,tls1.3,PGR_Resolve,,
http_req_connecting,1787520167,0.000000,,,,true,,POST,PGR_Resolve,HTTP/2.0,main,,200,,tls1.3,PGR_Resolve,,
http_req_tls_handshaking,1787520167,0.000000,,,,true,,POST,PGR_Resolve,HTTP/2.0,main,,200,,tls1.3,PGR_Resolve,,
http_req_sending,1787520167,0.058051,,,,true,,POST,PGR_Resolve,HTTP/2.0,main,,200,,tls1.3,PGR_Resolve,,
http_req_waiting,1787520167,350.262484,,,,true,,POST,PGR_Resolve,HTTP/2.0,main,,200,,tls1.3,PGR_Resolve,,
http_req_receiving,1787520167,0.070184,,,,true,,POST,PGR_Resolve,HTTP/2.0,main,,200,,tls1.3,PGR_Resolve,,
http_req_failed,1787520167,0.000000,,,,true,,POST,PGR_Resolve,HTTP/2.0,main,,200,,tls1.3,PGR_Resolve,,
vus,1787520168,2.000000,,,,,,,,,,,,,,,,
vus_max,1787520168,2.000000,,,,,,,,,,,,,,,,
http_reqs,1787520168,1.000000,,,,true,,POST,PGR_Assign,HTTP/2.0,main,,200,,tls1.3,PGR_Assign,,
http_req_duration,1787520168,389.601143,,,,true,,POST,PGR_Assign,HTTP/2.0,main,,200,,tls1.3,PGR_Assign,,
http_req_blocked,1787520168,0.000240,,,,true,,POST,PGR_Assign,HTTP/2.0,main,,200,,tls1.3,PGR_Assign,,
http_req_connecting,1787520168,0.000000,,,,true,,POST,PGR_Assign,HTTP/2.0,main,,200,,tls1.3,PGR_Assign,,
http_req_tls_handshaking,1787520168,0.000000,,,,true,,POST,PGR_Assign,HTTP/2.0,main,,200,,tls1.3,PGR_Assign,,
http_req_sending,1787520168,0.069172,,,,true,,POST,PGR_Assign,HTTP/2.0,main,,200,,tls1.3,PGR_Assign,,
http_req_waiting,1787520168,389.454423,,,,true,,POST,PGR_Assign,HTTP/2.0,main,,200,,tls1.3,PGR_Assign,,
http_req_receiving,1787520168,0.077548,,,,true,,POST,PGR_Assign,HTTP/2.0,main,,200,,tls1.3,PGR_Assign,,
http_req_failed,1787520168,0.000000,,,,true,,POST,PGR_Assign,HTTP/2.0,main,,200,,tls1.3,PGR_Assign,,
vus,1787520169,2.000000,,,,,,,,,,,,,,,,
vus_max,1787520169,2.000000,,,,,,,,,,,,,,,,
vus,1787520170,2.000000,,,,,,,,,,,,,,,,
vus_max,1787520170,2.000000,,,,,,,,,,,,,,,,
http_reqs,1787520170,1.000000,,,,true,,POST,PGR_Search,HTTP/2.0,main,,200,,tls1.3,PGR_Search,,
http_req_duration,1787520170,317.174150,,,,true,,POST,PGR_Search,HTTP/2.0,main,,200,,tls1.3,PGR_Search,,
http_req_blocked,1787520170,0.000371,,,,true,,POST,PGR_Search,HTTP/2.0,main,,200,,tls1.3,PGR_Search,,
http_req_connecting,1787520170,0.000000,,,,true,,POST,PGR_Search,HTTP/2.0,main,,200,,tls1.3,PGR_Search,,
http_req_tls_handshaking,1787520170,0.000000,,,,true,,POST,PGR_Search,HTTP/2.0,main,,200,,tls1.3,PGR_Search,,
http_req_sending,1787520170,0.085373,,,,true,,POST,PGR_Search,HTTP/2.0,main,,200,,tls1.3,PGR_Search,,
http_req_waiting,1787520170,316.704032,,,,true,,POST,PGR_Search,HTTP/2.0,main,,200,,tls1.3,PGR_Search,,
http_req_receiving,1787520170,0.384745,,,,true,,POST,PGR_Search,HTTP/2.0,main,,200,,tls1.3,PGR_Search,,
http_req_failed,1787520170,0.000000,,,,true,,POST,PGR_Search,HTTP/2.0,main,,200,,tls1.3,PGR_Search,,
transaction_duration,1787520170,11441.000000,,,,,,,,,main,,,,,,,
transaction_success,1787520170,1.000000,,,,,,,,,main,,,,,,,
data_sent,1787520170,14374.000000,,,,,,,,,main,,,,,,,
data_received,1787520170,18789.000000,,,,,,,,,main,,,,,,,
iteration_duration,1787520170,11440.902753,,,,,,,,,main,,,,,,,
iterations,1787520170,1.000000,,,,,,,,,main,,,,,,,
http_reqs,1787520170,1.000000,,,,true,,POST,PGR_Resolve,HTTP/2.0,main,,200,,tls1.3,PGR_Resolve,,
http_req_duration,1787520170,368.489766,,,,true,,POST,PGR_Resolve,HTTP/2.0,main,,200,,tls1.3,PGR_Resolve,,
http_req_blocked,1787520170,0.000281,,,,true,,POST,PGR_Resolve,HTTP/2.0,main,,200,,tls1.3,PGR_Resolve,,
http_req_connecting,1787520170,0.000000,,,,true,,POST,PGR_Resolve,HTTP/2.0,main,,200,,tls1.3,PGR_Resolve,,
http_req_tls_handshaking,1787520170,0.000000,,,,true,,POST,PGR_Resolve,HTTP/2.0,main,,200,,tls1.3,PGR_Resolve,,
http_req_sending,1787520170,0.083910,,,,true,,POST,PGR_Resolve,HTTP/2.0,main,,200,,tls1.3,PGR_Resolve,,
http_req_waiting,1787520170,368.324300,,,,true,,POST,PGR_Resolve,HTTP/2.0,main,,200,,tls1.3,PGR_Resolve,,
http_req_receiving,1787520170,0.081556,,,,true,,POST,PGR_Resolve,HTTP/2.0,main,,200,,tls1.3,PGR_Resolve,,
http_req_failed,1787520170,0.000000,,,,true,,POST,PGR_Resolve,HTTP/2.0,main,,200,,tls1.3,PGR_Resolve,,
vus,1787520171,2.000000,,,,,,,,,,,,,,,,
vus_max,1787520171,2.000000,,,,,,,,,,,,,,,,
vus,1787520172,2.000000,,,,,,,,,,,,,,,,
vus_max,1787520172,2.000000,,,,,,,,,,,,,,,,
http_reqs,1787520172,1.000000,,,,true,,POST,PGR_Search,HTTP/2.0,main,,200,,tls1.3,PGR_Search,,
http_req_duration,1787520172,321.248867,,,,true,,POST,PGR_Search,HTTP/2.0,main,,200,,tls1.3,PGR_Search,,
http_req_blocked,1787520172,0.000311,,,,true,,POST,PGR_Search,HTTP/2.0,main,,200,,tls1.3,PGR_Search,,
http_req_connecting,1787520172,0.000000,,,,true,,POST,PGR_Search,HTTP/2.0,main,,200,,tls1.3,PGR_Search,,
http_req_tls_handshaking,1787520172,0.000000,,,,true,,POST,PGR_Search,HTTP/2.0,main,,200,,tls1.3,PGR_Search,,
http_req_sending,1787520172,0.066557,,,,true,,POST,PGR_Search,HTTP/2.0,main,,200,,tls1.3,PGR_Search,,
http_req_waiting,1787520172,321.121945,,,,true,,POST,PGR_Search,HTTP/2.0,main,,200,,tls1.3,PGR_Search,,
http_req_receiving,1787520172,0.060365,,,,true,,POST,PGR_Search,HTTP/2.0,main,,200,,tls1.3,PGR_Search,,
http_req_failed,1787520172,0.000000,,,,true,,POST,PGR_Search,HTTP/2.0,main,,200,,tls1.3,PGR_Search,,
transaction_duration,1787520172,8538.000000,,,,,,,,,main,,,,,,,
transaction_success,1787520172,1.000000,,,,,,,,,main,,,,,,,
data_sent,1787520172,14356.000000,,,,,,,,,main,,,,,,,
data_received,1787520172,18799.000000,,,,,,,,,main,,,,,,,
iteration_duration,1787520172,8538.459527,,,,,,,,,main,,,,,,,
iterations,1787520172,1.000000,,,,,,,,,main,,,,,,,
vus,1787520173,2.000000,,,,,,,,,,,,,,,,
vus_max,1787520173,2.000000,,,,,,,,,,,,,,,,
http_reqs,1787520173,1.000000,,,,true,,POST,PGR_Create,HTTP/2.0,main,,200,,tls1.3,PGR_Create,,
http_req_duration,1787520173,409.164794,,,,true,,POST,PGR_Create,HTTP/2.0,main,,200,,tls1.3,PGR_Create,,
http_req_blocked,1787520173,0.000731,,,,true,,POST,PGR_Create,HTTP/2.0,main,,200,,tls1.3,PGR_Create,,
http_req_connecting,1787520173,0.000000,,,,true,,POST,PGR_Create,HTTP/2.0,main,,200,,tls1.3,PGR_Create,,
http_req_tls_handshaking,1787520173,0.000000,,,,true,,POST,PGR_Create,HTTP/2.0,main,,200,,tls1.3,PGR_Create,,
http_req_sending,1787520173,0.206875,,,,true,,POST,PGR_Create,HTTP/2.0,main,,200,,tls1.3,PGR_Create,,
http_req_waiting,1787520173,408.841828,,,,true,,POST,PGR_Create,HTTP/2.0,main,,200,,tls1.3,PGR_Create,,
http_req_receiving,1787520173,0.116091,,,,true,,POST,PGR_Create,HTTP/2.0,main,,200,,tls1.3,PGR_Create,,
http_req_failed,1787520173,0.000000,,,,true,,POST,PGR_Create,HTTP/2.0,main,,200,,tls1.3,PGR_Create,,
vus,1787520174,2.000000,,,,,,,,,,,,,,,,
vus_max,1787520174,2.000000,,,,,,,,,,,,,,,,
http_reqs,1787520174,1.000000,,,,true,,POST,PGR_Assign,HTTP/2.0,main,,200,,tls1.3,PGR_Assign,,
http_req_duration,1787520174,387.609937,,,,true,,POST,PGR_Assign,HTTP/2.0,main,,200,,tls1.3,PGR_Assign,,
http_req_blocked,1787520174,0.000270,,,,true,,POST,PGR_Assign,HTTP/2.0,main,,200,,tls1.3,PGR_Assign,,
http_req_connecting,1787520174,0.000000,,,,true,,POST,PGR_Assign,HTTP/2.0,main,,200,,tls1.3,PGR_Assign,,
http_req_tls_handshaking,1787520174,0.000000,,,,true,,POST,PGR_Assign,HTTP/2.0,main,,200,,tls1.3,PGR_Assign,,
http_req_sending,1787520174,0.091575,,,,true,,POST,PGR_Assign,HTTP/2.0,main,,200,,tls1.3,PGR_Assign,,
http_req_waiting,1787520174,375.374544,,,,true,,POST,PGR_Assign,HTTP/2.0,main,,200,,tls1.3,PGR_Assign,,
http_req_receiving,1787520174,12.143818,,,,true,,POST,PGR_Assign,HTTP/2.0,main,,200,,tls1.3,PGR_Assign,,
http_req_failed,1787520174,0.000000,,,,true,,POST,PGR_Assign,HTTP/2.0,main,,200,,tls1.3,PGR_Assign,,
vus,1787520175,2.000000,,,,,,,,,,,,,,,,
vus_max,1787520175,2.000000,,,,,,,,,,,,,,,,
http_reqs,1787520176,1.000000,,,,true,,POST,PGR_Create,HTTP/2.0,main,,200,,tls1.3,PGR_Create,,
http_req_duration,1787520176,438.427200,,,,true,,POST,PGR_Create,HTTP/2.0,main,,200,,tls1.3,PGR_Create,,
http_req_blocked,1787520176,0.000271,,,,true,,POST,PGR_Create,HTTP/2.0,main,,200,,tls1.3,PGR_Create,,
http_req_connecting,1787520176,0.000000,,,,true,,POST,PGR_Create,HTTP/2.0,main,,200,,tls1.3,PGR_Create,,
http_req_tls_handshaking,1787520176,0.000000,,,,true,,POST,PGR_Create,HTTP/2.0,main,,200,,tls1.3,PGR_Create,,
http_req_sending,1787520176,0.073450,,,,true,,POST,PGR_Create,HTTP/2.0,main,,200,,tls1.3,PGR_Create,,
http_req_waiting,1787520176,438.243810,,,,true,,POST,PGR_Create,HTTP/2.0,main,,200,,tls1.3,PGR_Create,,
http_req_receiving,1787520176,0.109940,,,,true,,POST,PGR_Create,HTTP/2.0,main,,200,,tls1.3,PGR_Create,,
http_req_failed,1787520176,0.000000,,,,true,,POST,PGR_Create,HTTP/2.0,main,,200,,tls1.3,PGR_Create,,
vus,1787520176,2.000000,,,,,,,,,,,,,,,,
vus_max,1787520176,2.000000,,,,,,,,,,,,,,,,
http_reqs,1787520176,1.000000,,,,true,,POST,PGR_Resolve,HTTP/2.0,main,,200,,tls1.3,PGR_Resolve,,
http_req_duration,1787520176,388.486929,,,,true,,POST,PGR_Resolve,HTTP/2.0,main,,200,,tls1.3,PGR_Resolve,,
http_req_blocked,1787520176,0.000271,,,,true,,POST,PGR_Resolve,HTTP/2.0,main,,200,,tls1.3,PGR_Resolve,,
http_req_connecting,1787520176,0.000000,,,,true,,POST,PGR_Resolve,HTTP/2.0,main,,200,,tls1.3,PGR_Resolve,,
http_req_tls_handshaking,1787520176,0.000000,,,,true,,POST,PGR_Resolve,HTTP/2.0,main,,200,,tls1.3,PGR_Resolve,,
http_req_sending,1787520176,0.070424,,,,true,,POST,PGR_Resolve,HTTP/2.0,main,,200,,tls1.3,PGR_Resolve,,
http_req_waiting,1787520176,388.350389,,,,true,,POST,PGR_Resolve,HTTP/2.0,main,,200,,tls1.3,PGR_Resolve,,
http_req_receiving,1787520176,0.066116,,,,true,,POST,PGR_Resolve,HTTP/2.0,main,,200,,tls1.3,PGR_Resolve,,
http_req_failed,1787520176,0.000000,,,,true,,POST,PGR_Resolve,HTTP/2.0,main,,200,,tls1.3,PGR_Resolve,,
vus,1787520177,2.000000,,,,,,,,,,,,,,,,
vus_max,1787520177,2.000000,,,,,,,,,,,,,,,,
http_reqs,1787520178,1.000000,,,,true,,POST,PGR_Assign,HTTP/2.0,main,,200,,tls1.3,PGR_Assign,,
http_req_duration,1787520178,425.404684,,,,true,,POST,PGR_Assign,HTTP/2.0,main,,200,,tls1.3,PGR_Assign,,
http_req_blocked,1787520178,0.000271,,,,true,,POST,PGR_Assign,HTTP/2.0,main,,200,,tls1.3,PGR_Assign,,
http_req_connecting,1787520178,0.000000,,,,true,,POST,PGR_Assign,HTTP/2.0,main,,200,,tls1.3,PGR_Assign,,
http_req_tls_handshaking,1787520178,0.000000,,,,true,,POST,PGR_Assign,HTTP/2.0,main,,200,,tls1.3,PGR_Assign,,
http_req_sending,1787520178,0.077818,,,,true,,POST,PGR_Assign,HTTP/2.0,main,,200,,tls1.3,PGR_Assign,,
http_req_waiting,1787520178,425.255089,,,,true,,POST,PGR_Assign,HTTP/2.0,main,,200,,tls1.3,PGR_Assign,,
http_req_receiving,1787520178,0.071777,,,,true,,POST,PGR_Assign,HTTP/2.0,main,,200,,tls1.3,PGR_Assign,,
http_req_failed,1787520178,0.000000,,,,true,,POST,PGR_Assign,HTTP/2.0,main,,200,,tls1.3,PGR_Assign,,
vus,1787520178,2.000000,,,,,,,,,,,,,,,,
vus_max,1787520178,2.000000,,,,,,,,,,,,,,,,
vus,1787520179,2.000000,,,,,,,,,,,,,,,,
vus_max,1787520179,2.000000,,,,,,,,,,,,,,,,
http_reqs,1787520179,1.000000,,,,true,,POST,PGR_Search,HTTP/2.0,main,,200,,tls1.3,PGR_Search,,
http_req_duration,1787520179,316.052946,,,,true,,POST,PGR_Search,HTTP/2.0,main,,200,,tls1.3,PGR_Search,,
http_req_blocked,1787520179,0.000581,,,,true,,POST,PGR_Search,HTTP/2.0,main,,200,,tls1.3,PGR_Search,,
http_req_connecting,1787520179,0.000000,,,,true,,POST,PGR_Search,HTTP/2.0,main,,200,,tls1.3,PGR_Search,,
http_req_tls_handshaking,1787520179,0.000000,,,,true,,POST,PGR_Search,HTTP/2.0,main,,200,,tls1.3,PGR_Search,,
http_req_sending,1787520179,0.083810,,,,true,,POST,PGR_Search,HTTP/2.0,main,,200,,tls1.3,PGR_Search,,
http_req_waiting,1787520179,315.918399,,,,true,,POST,PGR_Search,HTTP/2.0,main,,200,,tls1.3,PGR_Search,,
http_req_receiving,1787520179,0.050737,,,,true,,POST,PGR_Search,HTTP/2.0,main,,200,,tls1.3,PGR_Search,,
http_req_failed,1787520179,0.000000,,,,true,,POST,PGR_Search,HTTP/2.0,main,,200,,tls1.3,PGR_Search,,
transaction_duration,1787520179,9393.000000,,,,,,,,,main,,,,,,,
transaction_success,1787520179,1.000000,,,,,,,,,main,,,,,,,
data_sent,1787520179,14308.000000,,,,,,,,,main,,,,,,,
data_received,1787520179,18752.000000,,,,,,,,,main,,,,,,,
iteration_duration,1787520179,9393.730171,,,,,,,,,main,,,,,,,
iterations,1787520179,1.000000,,,,,,,,,main,,,,,,,
vus,1787520180,2.000000,,,,,,,,,,,,,,,,
vus_max,1787520180,2.000000,,,,,,,,,,,,,,,,
http_reqs,1787520180,1.000000,,,,true,,POST,PGR_Resolve,HTTP/2.0,main,,200,,tls1.3,PGR_Resolve,,
http_req_duration,1787520180,380.092354,,,,true,,POST,PGR_Resolve,HTTP/2.0,main,,200,,tls1.3,PGR_Resolve,,
http_req_blocked,1787520180,0.000311,,,,true,,POST,PGR_Resolve,HTTP/2.0,main,,200,,tls1.3,PGR_Resolve,,
http_req_connecting,1787520180,0.000000,,,,true,,POST,PGR_Resolve,HTTP/2.0,main,,200,,tls1.3,PGR_Resolve,,
http_req_tls_handshaking,1787520180,0.000000,,,,true,,POST,PGR_Resolve,HTTP/2.0,main,,200,,tls1.3,PGR_Resolve,,
http_req_sending,1787520180,0.094951,,,,true,,POST,PGR_Resolve,HTTP/2.0,main,,200,,tls1.3,PGR_Resolve,,
http_req_waiting,1787520180,379.882213,,,,true,,POST,PGR_Resolve,HTTP/2.0,main,,200,,tls1.3,PGR_Resolve,,
http_req_receiving,1787520180,0.115190,,,,true,,POST,PGR_Resolve,HTTP/2.0,main,,200,,tls1.3,PGR_Resolve,,
http_req_failed,1787520180,0.000000,,,,true,,POST,PGR_Resolve,HTTP/2.0,main,,200,,tls1.3,PGR_Resolve,,
vus,1787520181,2.000000,,,,,,,,,,,,,,,,
vus_max,1787520181,2.000000,,,,,,,,,,,,,,,,
vus,1787520182,2.000000,,,,,,,,,,,,,,,,
vus_max,1787520182,2.000000,,,,,,,,,,,,,,,,
http_reqs,1787520183,1.000000,,,,true,,POST,PGR_Create,HTTP/2.0,main,,200,,tls1.3,PGR_Create,,
http_req_duration,1787520183,416.492593,,,,true,,POST,PGR_Create,HTTP/2.0,main,,200,,tls1.3,PGR_Create,,
http_req_blocked,1787520183,0.000281,,,,true,,POST,PGR_Create,HTTP/2.0,main,,200,,tls1.3,PGR_Create,,
http_req_connecting,1787520183,0.000000,,,,true,,POST,PGR_Create,HTTP/2.0,main,,200,,tls1.3,PGR_Create,,
http_req_tls_handshaking,1787520183,0.000000,,,,true,,POST,PGR_Create,HTTP/2.0,main,,200,,tls1.3,PGR_Create,,
http_req_sending,1787520183,0.079602,,,,true,,POST,PGR_Create,HTTP/2.0,main,,200,,tls1.3,PGR_Create,,
http_req_waiting,1787520183,416.352385,,,,true,,POST,PGR_Create,HTTP/2.0,main,,200,,tls1.3,PGR_Create,,
http_req_receiving,1787520183,0.060606,,,,true,,POST,PGR_Create,HTTP/2.0,main,,200,,tls1.3,PGR_Create,,
http_req_failed,1787520183,0.000000,,,,true,,POST,PGR_Create,HTTP/2.0,main,,200,,tls1.3,PGR_Create,,
vus,1787520183,2.000000,,,,,,,,,,,,,,,,
vus_max,1787520183,2.000000,,,,,,,,,,,,,,,,
http_reqs,1787520183,1.000000,,,,true,,POST,PGR_Search,HTTP/2.0,main,,200,,tls1.3,PGR_Search,,
http_req_duration,1787520183,313.719394,,,,true,,POST,PGR_Search,HTTP/2.0,main,,200,,tls1.3,PGR_Search,,
http_req_blocked,1787520183,0.000260,,,,true,,POST,PGR_Search,HTTP/2.0,main,,200,,tls1.3,PGR_Search,,
http_req_connecting,1787520183,0.000000,,,,true,,POST,PGR_Search,HTTP/2.0,main,,200,,tls1.3,PGR_Search,,
http_req_tls_handshaking,1787520183,0.000000,,,,true,,POST,PGR_Search,HTTP/2.0,main,,200,,tls1.3,PGR_Search,,
http_req_sending,1787520183,0.071366,,,,true,,POST,PGR_Search,HTTP/2.0,main,,200,,tls1.3,PGR_Search,,
http_req_waiting,1787520183,313.606639,,,,true,,POST,PGR_Search,HTTP/2.0,main,,200,,tls1.3,PGR_Search,,
http_req_receiving,1787520183,0.041389,,,,true,,POST,PGR_Search,HTTP/2.0,main,,200,,tls1.3,PGR_Search,,
http_req_failed,1787520183,0.000000,,,,true,,POST,PGR_Search,HTTP/2.0,main,,200,,tls1.3,PGR_Search,,
transaction_duration,1787520183,10878.000000,,,,,,,,,main,,,,,,,
transaction_success,1787520183,1.000000,,,,,,,,,main,,,,,,,
data_sent,1787520183,14366.000000,,,,,,,,,main,,,,,,,
data_received,1787520183,18802.000000,,,,,,,,,main,,,,,,,
iteration_duration,1787520183,10878.332141,,,,,,,,,main,,,,,,,
iterations,1787520183,1.000000,,,,,,,,,main,,,,,,,
vus,1787520184,2.000000,,,,,,,,,,,,,,,,
vus_max,1787520184,2.000000,,,,,,,,,,,,,,,,
vus,1787520185,2.000000,,,,,,,,,,,,,,,,
vus_max,1787520185,2.000000,,,,,,,,,,,,,,,,
http_reqs,1787520185,1.000000,,,,true,,POST,PGR_Assign,HTTP/2.0,main,,200,,tls1.3,PGR_Assign,,
http_req_duration,1787520185,395.922780,,,,true,,POST,PGR_Assign,HTTP/2.0,main,,200,,tls1.3,PGR_Assign,,
http_req_blocked,1787520185,0.000331,,,,true,,POST,PGR_Assign,HTTP/2.0,main,,200,,tls1.3,PGR_Assign,,
http_req_connecting,1787520185,0.000000,,,,true,,POST,PGR_Assign,HTTP/2.0,main,,200,,tls1.3,PGR_Assign,,
http_req_tls_handshaking,1787520185,0.000000,,,,true,,POST,PGR_Assign,HTTP/2.0,main,,200,,tls1.3,PGR_Assign,,
http_req_sending,1787520185,0.092657,,,,true,,POST,PGR_Assign,HTTP/2.0,main,,200,,tls1.3,PGR_Assign,,
http_req_waiting,1787520185,395.762193,,,,true,,POST,PGR_Assign,HTTP/2.0,main,,200,,tls1.3,PGR_Assign,,
http_req_receiving,1787520185,0.067930,,,,true,,POST,PGR_Assign,HTTP/2.0,main,,200,,tls1.3,PGR_Assign,,
http_req_failed,1787520185,0.000000,,,,true,,POST,PGR_Assign,HTTP/2.0,main,,200,,tls1.3,PGR_Assign,,
vus,1787520186,2.000000,,,,,,,,,,,,,,,,
vus_max,1787520186,2.000000,,,,,,,,,,,,,,,,
http_reqs,1787520186,1.000000,,,,true,,POST,PGR_Resolve,HTTP/2.0,main,,200,,tls1.3,PGR_Resolve,,
http_req_duration,1787520186,362.677014,,,,true,,POST,PGR_Resolve,HTTP/2.0,main,,200,,tls1.3,PGR_Resolve,,
http_req_blocked,1787520186,0.000271,,,,true,,POST,PGR_Resolve,HTTP/2.0,main,,200,,tls1.3,PGR_Resolve,,
http_req_connecting,1787520186,0.000000,,,,true,,POST,PGR_Resolve,HTTP/2.0,main,,200,,tls1.3,PGR_Resolve,,
http_req_tls_handshaking,1787520186,0.000000,,,,true,,POST,PGR_Resolve,HTTP/2.0,main,,200,,tls1.3,PGR_Resolve,,
http_req_sending,1787520186,0.077999,,,,true,,POST,PGR_Resolve,HTTP/2.0,main,,200,,tls1.3,PGR_Resolve,,
http_req_waiting,1787520186,362.535022,,,,true,,POST,PGR_Resolve,HTTP/2.0,main,,200,,tls1.3,PGR_Resolve,,
http_req_receiving,1787520186,0.063993,,,,true,,POST,PGR_Resolve,HTTP/2.0,main,,200,,tls1.3,PGR_Resolve,,
http_req_failed,1787520186,0.000000,,,,true,,POST,PGR_Resolve,HTTP/2.0,main,,200,,tls1.3,PGR_Resolve,,
http_reqs,1787520186,1.000000,,,,true,,POST,PGR_Create,HTTP/2.0,main,,200,,tls1.3,PGR_Create,,
http_req_duration,1787520186,382.892786,,,,true,,POST,PGR_Create,HTTP/2.0,main,,200,,tls1.3,PGR_Create,,
http_req_blocked,1787520186,0.000551,,,,true,,POST,PGR_Create,HTTP/2.0,main,,200,,tls1.3,PGR_Create,,
http_req_connecting,1787520186,0.000000,,,,true,,POST,PGR_Create,HTTP/2.0,main,,200,,tls1.3,PGR_Create,,
http_req_tls_handshaking,1787520186,0.000000,,,,true,,POST,PGR_Create,HTTP/2.0,main,,200,,tls1.3,PGR_Create,,
http_req_sending,1787520186,0.057680,,,,true,,POST,PGR_Create,HTTP/2.0,main,,200,,tls1.3,PGR_Create,,
http_req_waiting,1787520186,382.727691,,,,true,,POST,PGR_Create,HTTP/2.0,main,,200,,tls1.3,PGR_Create,,
http_req_receiving,1787520186,0.107415,,,,true,,POST,PGR_Create,HTTP/2.0,main,,200,,tls1.3,PGR_Create,,
http_req_failed,1787520186,0.000000,,,,true,,POST,PGR_Create,HTTP/2.0,main,,200,,tls1.3,PGR_Create,,
vus,1787520187,2.000000,,,,,,,,,,,,,,,,
vus_max,1787520187,2.000000,,,,,,,,,,,,,,,,
vus,1787520188,2.000000,,,,,,,,,,,,,,,,
vus_max,1787520188,2.000000,,,,,,,,,,,,,,,,
http_reqs,1787520188,1.000000,,,,true,,POST,PGR_Assign,HTTP/2.0,main,,200,,tls1.3,PGR_Assign,,
http_req_duration,1787520188,399.510367,,,,true,,POST,PGR_Assign,HTTP/2.0,main,,200,,tls1.3,PGR_Assign,,
http_req_blocked,1787520188,0.000191,,,,true,,POST,PGR_Assign,HTTP/2.0,main,,200,,tls1.3,PGR_Assign,,
http_req_connecting,1787520188,0.000000,,,,true,,POST,PGR_Assign,HTTP/2.0,main,,200,,tls1.3,PGR_Assign,,
http_req_tls_handshaking,1787520188,0.000000,,,,true,,POST,PGR_Assign,HTTP/2.0,main,,200,,tls1.3,PGR_Assign,,
http_req_sending,1787520188,0.077598,,,,true,,POST,PGR_Assign,HTTP/2.0,main,,200,,tls1.3,PGR_Assign,,
http_req_waiting,1787520188,399.327719,,,,true,,POST,PGR_Assign,HTTP/2.0,main,,200,,tls1.3,PGR_Assign,,
http_req_receiving,1787520188,0.105050,,,,true,,POST,PGR_Assign,HTTP/2.0,main,,200,,tls1.3,PGR_Assign,,
http_req_failed,1787520188,0.000000,,,,true,,POST,PGR_Assign,HTTP/2.0,main,,200,,tls1.3,PGR_Assign,,
http_reqs,1787520189,1.000000,,,,true,,POST,PGR_Search,HTTP/2.0,main,,200,,tls1.3,PGR_Search,,
http_req_duration,1787520189,302.499098,,,,true,,POST,PGR_Search,HTTP/2.0,main,,200,,tls1.3,PGR_Search,,
http_req_blocked,1787520189,0.000271,,,,true,,POST,PGR_Search,HTTP/2.0,main,,200,,tls1.3,PGR_Search,,
http_req_connecting,1787520189,0.000000,,,,true,,POST,PGR_Search,HTTP/2.0,main,,200,,tls1.3,PGR_Search,,
http_req_tls_handshaking,1787520189,0.000000,,,,true,,POST,PGR_Search,HTTP/2.0,main,,200,,tls1.3,PGR_Search,,
http_req_sending,1787520189,0.071426,,,,true,,POST,PGR_Search,HTTP/2.0,main,,200,,tls1.3,PGR_Search,,
http_req_waiting,1787520189,302.016537,,,,true,,POST,PGR_Search,HTTP/2.0,main,,200,,tls1.3,PGR_Search,,
http_req_receiving,1787520189,0.411135,,,,true,,POST,PGR_Search,HTTP/2.0,main,,200,,tls1.3,PGR_Search,,
http_req_failed,1787520189,0.000000,,,,true,,POST,PGR_Search,HTTP/2.0,main,,200,,tls1.3,PGR_Search,,
transaction_duration,1787520189,9277.000000,,,,,,,,,main,,,,,,,
transaction_success,1787520189,1.000000,,,,,,,,,main,,,,,,,
data_sent,1787520189,14402.000000,,,,,,,,,main,,,,,,,
data_received,1787520189,18848.000000,,,,,,,,,main,,,,,,,
iteration_duration,1787520189,9276.412790,,,,,,,,,main,,,,,,,
iterations,1787520189,1.000000,,,,,,,,,main,,,,,,,
vus,1787520189,2.000000,,,,,,,,,,,,,,,,
vus_max,1787520189,2.000000,,,,,,,,,,,,,,,,
vus,1787520190,2.000000,,,,,,,,,,,,,,,,
vus_max,1787520190,2.000000,,,,,,,,,,,,,,,,
http_reqs,1787520190,1.000000,,,,true,,POST,PGR_Resolve,HTTP/2.0,main,,200,,tls1.3,PGR_Resolve,,
http_req_duration,1787520190,383.266987,,,,true,,POST,PGR_Resolve,HTTP/2.0,main,,200,,tls1.3,PGR_Resolve,,
http_req_blocked,1787520190,0.000381,,,,true,,POST,PGR_Resolve,HTTP/2.0,main,,200,,tls1.3,PGR_Resolve,,
http_req_connecting,1787520190,0.000000,,,,true,,POST,PGR_Resolve,HTTP/2.0,main,,200,,tls1.3,PGR_Resolve,,
http_req_tls_handshaking,1787520190,0.000000,,,,true,,POST,PGR_Resolve,HTTP/2.0,main,,200,,tls1.3,PGR_Resolve,,
http_req_sending,1787520190,0.106403,,,,true,,POST,PGR_Resolve,HTTP/2.0,main,,200,,tls1.3,PGR_Resolve,,
http_req_waiting,1787520190,383.085611,,,,true,,POST,PGR_Resolve,HTTP/2.0,main,,200,,tls1.3,PGR_Resolve,,
http_req_receiving,1787520190,0.074973,,,,true,,POST,PGR_Resolve,HTTP/2.0,main,,200,,tls1.3,PGR_Resolve,,
http_req_failed,1787520190,0.000000,,,,true,,POST,PGR_Resolve,HTTP/2.0,main,,200,,tls1.3,PGR_Resolve,,
http_reqs,1787520190,1.000000,,,,true,,POST,PGR_Create,HTTP/2.0,main,,200,,tls1.3,PGR_Create,,
http_req_duration,1787520190,414.020247,,,,true,,POST,PGR_Create,HTTP/2.0,main,,200,,tls1.3,PGR_Create,,
http_req_blocked,1787520190,0.000190,,,,true,,POST,PGR_Create,HTTP/2.0,main,,200,,tls1.3,PGR_Create,,
http_req_connecting,1787520190,0.000000,,,,true,,POST,PGR_Create,HTTP/2.0,main,,200,,tls1.3,PGR_Create,,
http_req_tls_handshaking,1787520190,0.000000,,,,true,,POST,PGR_Create,HTTP/2.0,main,,200,,tls1.3,PGR_Create,,
http_req_sending,1787520190,0.071397,,,,true,,POST,PGR_Create,HTTP/2.0,main,,200,,tls1.3,PGR_Create,,
http_req_waiting,1787520190,413.871032,,,,true,,POST,PGR_Create,HTTP/2.0,main,,200,,tls1.3,PGR_Create,,
http_req_receiving,1787520190,0.077818,,,,true,,POST,PGR_Create,HTTP/2.0,main,,200,,tls1.3,PGR_Create,,
http_req_failed,1787520190,0.000000,,,,true,,POST,PGR_Create,HTTP/2.0,main,,200,,tls1.3,PGR_Create,,
vus,1787520191,2.000000,,,,,,,,,,,,,,,,
vus_max,1787520191,2.000000,,,,,,,,,,,,,,,,
vus,1787520192,2.000000,,,,,,,,,,,,,,,,
vus_max,1787520192,2.000000,,,,,,,,,,,,,,,,
http_reqs,1787520192,1.000000,,,,true,,POST,PGR_Assign,HTTP/2.0,main,,200,,tls1.3,PGR_Assign,,
http_req_duration,1787520192,375.876561,,,,true,,POST,PGR_Assign,HTTP/2.0,main,,200,,tls1.3,PGR_Assign,,
http_req_blocked,1787520192,0.000190,,,,true,,POST,PGR_Assign,HTTP/2.0,main,,200,,tls1.3,PGR_Assign,,
http_req_connecting,1787520192,0.000000,,,,true,,POST,PGR_Assign,HTTP/2.0,main,,200,,tls1.3,PGR_Assign,,
http_req_tls_handshaking,1787520192,0.000000,,,,true,,POST,PGR_Assign,HTTP/2.0,main,,200,,tls1.3,PGR_Assign,,
http_req_sending,1787520192,0.091414,,,,true,,POST,PGR_Assign,HTTP/2.0,main,,200,,tls1.3,PGR_Assign,,
http_req_waiting,1787520192,375.689394,,,,true,,POST,PGR_Assign,HTTP/2.0,main,,200,,tls1.3,PGR_Assign,,
http_req_receiving,1787520192,0.095753,,,,true,,POST,PGR_Assign,HTTP/2.0,main,,200,,tls1.3,PGR_Assign,,
http_req_failed,1787520192,0.000000,,,,true,,POST,PGR_Assign,HTTP/2.0,main,,200,,tls1.3,PGR_Assign,,
vus,1787520193,2.000000,,,,,,,,,,,,,,,,
vus_max,1787520193,2.000000,,,,,,,,,,,,,,,,
http_reqs,1787520193,1.000000,,,,true,,POST,PGR_Search,HTTP/2.0,main,,200,,tls1.3,PGR_Search,,
http_req_duration,1787520193,327.569929,,,,true,,POST,PGR_Search,HTTP/2.0,main,,200,,tls1.3,PGR_Search,,
http_req_blocked,1787520193,0.000581,,,,true,,POST,PGR_Search,HTTP/2.0,main,,200,,tls1.3,PGR_Search,,
http_req_connecting,1787520193,0.000000,,,,true,,POST,PGR_Search,HTTP/2.0,main,,200,,tls1.3,PGR_Search,,
http_req_tls_handshaking,1787520193,0.000000,,,,true,,POST,PGR_Search,HTTP/2.0,main,,200,,tls1.3,PGR_Search,,
http_req_sending,1787520193,0.081947,,,,true,,POST,PGR_Search,HTTP/2.0,main,,200,,tls1.3,PGR_Search,,
http_req_waiting,1787520193,327.438127,,,,true,,POST,PGR_Search,HTTP/2.0,main,,200,,tls1.3,PGR_Search,,
http_req_receiving,1787520193,0.049855,,,,true,,POST,PGR_Search,HTTP/2.0,main,,200,,tls1.3,PGR_Search,,
http_req_failed,1787520193,0.000000,,,,true,,POST,PGR_Search,HTTP/2.0,main,,200,,tls1.3,PGR_Search,,
transaction_duration,1787520193,9708.000000,,,,,,,,,main,,,,,,,
transaction_success,1787520193,1.000000,,,,,,,,,main,,,,,,,
data_sent,1787520193,14491.000000,,,,,,,,,main,,,,,,,
data_received,1787520193,18905.000000,,,,,,,,,main,,,,,,,
iteration_duration,1787520193,9707.617124,,,,,,,,,main,,,,,,,
iterations,1787520193,1.000000,,,,,,,,,main,,,,,,,
vus,1787520194,2.000000,,,,,,,,,,,,,,,,
vus_max,1787520194,2.000000,,,,,,,,,,,,,,,,
vus,1787520195,2.000000,,,,,,,,,,,,,,,,
vus_max,1787520195,2.000000,,,,,,,,,,,,,,,,
http_reqs,1787520195,1.000000,,,,true,,POST,PGR_Resolve,HTTP/2.0,main,,200,,tls1.3,PGR_Resolve,,
http_req_duration,1787520195,396.071813,,,,true,,POST,PGR_Resolve,HTTP/2.0,main,,200,,tls1.3,PGR_Resolve,,
http_req_blocked,1787520195,0.000521,,,,true,,POST,PGR_Resolve,HTTP/2.0,main,,200,,tls1.3,PGR_Resolve,,
http_req_connecting,1787520195,0.000000,,,,true,,POST,PGR_Resolve,HTTP/2.0,main,,200,,tls1.3,PGR_Resolve,,
http_req_tls_handshaking,1787520195,0.000000,,,,true,,POST,PGR_Resolve,HTTP/2.0,main,,200,,tls1.3,PGR_Resolve,,
http_req_sending,1787520195,0.263122,,,,true,,POST,PGR_Resolve,HTTP/2.0,main,,200,,tls1.3,PGR_Resolve,,
http_req_waiting,1787520195,395.726364,,,,true,,POST,PGR_Resolve,HTTP/2.0,main,,200,,tls1.3,PGR_Resolve,,
http_req_receiving,1787520195,0.082327,,,,true,,POST,PGR_Resolve,HTTP/2.0,main,,200,,tls1.3,PGR_Resolve,,
http_req_failed,1787520195,0.000000,,,,true,,POST,PGR_Resolve,HTTP/2.0,main,,200,,tls1.3,PGR_Resolve,,
vus,1787520196,2.000000,,,,,,,,,,,,,,,,
vus_max,1787520196,2.000000,,,,,,,,,,,,,,,,
http_reqs,1787520196,1.000000,,,,true,,POST,PGR_Create,HTTP/2.0,main,,200,,tls1.3,PGR_Create,,
http_req_duration,1787520196,439.142379,,,,true,,POST,PGR_Create,HTTP/2.0,main,,200,,tls1.3,PGR_Create,,
http_req_blocked,1787520196,0.000260,,,,true,,POST,PGR_Create,HTTP/2.0,main,,200,,tls1.3,PGR_Create,,
http_req_connecting,1787520196,0.000000,,,,true,,POST,PGR_Create,HTTP/2.0,main,,200,,tls1.3,PGR_Create,,
http_req_tls_handshaking,1787520196,0.000000,,,,true,,POST,PGR_Create,HTTP/2.0,main,,200,,tls1.3,PGR_Create,,
http_req_sending,1787520196,0.079913,,,,true,,POST,PGR_Create,HTTP/2.0,main,,200,,tls1.3,PGR_Create,,
http_req_waiting,1787520196,436.575270,,,,true,,POST,PGR_Create,HTTP/2.0,main,,200,,tls1.3,PGR_Create,,
http_req_receiving,1787520196,2.487196,,,,true,,POST,PGR_Create,HTTP/2.0,main,,200,,tls1.3,PGR_Create,,
http_req_failed,1787520196,0.000000,,,,true,,POST,PGR_Create,HTTP/2.0,main,,200,,tls1.3,PGR_Create,,
vus,1787520197,2.000000,,,,,,,,,,,,,,,,
vus_max,1787520197,2.000000,,,,,,,,,,,,,,,,
vus,1787520198,2.000000,,,,,,,,,,,,,,,,
vus_max,1787520198,2.000000,,,,,,,,,,,,,,,,
http_reqs,1787520198,1.000000,,,,true,,POST,PGR_Assign,HTTP/2.0,main,,200,,tls1.3,PGR_Assign,,
http_req_duration,1787520198,405.574161,,,,true,,POST,PGR_Assign,HTTP/2.0,main,,200,,tls1.3,PGR_Assign,,
http_req_blocked,1787520198,0.000270,,,,true,,POST,PGR_Assign,HTTP/2.0,main,,200,,tls1.3,PGR_Assign,,
http_req_connecting,1787520198,0.000000,,,,true,,POST,PGR_Assign,HTTP/2.0,main,,200,,tls1.3,PGR_Assign,,
http_req_tls_handshaking,1787520198,0.000000,,,,true,,POST,PGR_Assign,HTTP/2.0,main,,200,,tls1.3,PGR_Assign,,
http_req_sending,1787520198,0.074412,,,,true,,POST,PGR_Assign,HTTP/2.0,main,,200,,tls1.3,PGR_Assign,,
http_req_waiting,1787520198,405.407834,,,,true,,POST,PGR_Assign,HTTP/2.0,main,,200,,tls1.3,PGR_Assign,,
http_req_receiving,1787520198,0.091915,,,,true,,POST,PGR_Assign,HTTP/2.0,main,,200,,tls1.3,PGR_Assign,,
http_req_failed,1787520198,0.000000,,,,true,,POST,PGR_Assign,HTTP/2.0,main,,200,,tls1.3,PGR_Assign,,
http_reqs,1787520198,1.000000,,,,true,,POST,PGR_Search,HTTP/2.0,main,,200,,tls1.3,PGR_Search,,
http_req_duration,1787520198,303.855781,,,,true,,POST,PGR_Search,HTTP/2.0,main,,200,,tls1.3,PGR_Search,,
http_req_blocked,1787520198,0.000331,,,,true,,POST,PGR_Search,HTTP/2.0,main,,200,,tls1.3,PGR_Search,,
http_req_connecting,1787520198,0.000000,,,,true,,POST,PGR_Search,HTTP/2.0,main,,200,,tls1.3,PGR_Search,,
http_req_tls_handshaking,1787520198,0.000000,,,,true,,POST,PGR_Search,HTTP/2.0,main,,200,,tls1.3,PGR_Search,,
http_req_sending,1787520198,0.083589,,,,true,,POST,PGR_Search,HTTP/2.0,main,,200,,tls1.3,PGR_Search,,
http_req_waiting,1787520198,303.689033,,,,true,,POST,PGR_Search,HTTP/2.0,main,,200,,tls1.3,PGR_Search,,
http_req_receiving,1787520198,0.083159,,,,true,,POST,PGR_Search,HTTP/2.0,main,,200,,tls1.3,PGR_Search,,
http_req_failed,1787520198,0.000000,,,,true,,POST,PGR_Search,HTTP/2.0,main,,200,,tls1.3,PGR_Search,,
transaction_duration,1787520198,9782.000000,,,,,,,,,main,,,,,,,
transaction_success,1787520198,1.000000,,,,,,,,,main,,,,,,,
data_sent,1787520198,14472.000000,,,,,,,,,main,,,,,,,
data_received,1787520198,18892.000000,,,,,,,,,main,,,,,,,
iteration_duration,1787520198,9782.651355,,,,,,,,,main,,,,,,,
iterations,1787520198,1.000000,,,,,,,,,main,,,,,,,
vus,1787520199,2.000000,,,,,,,,,,,,,,,,
vus_max,1787520199,2.000000,,,,,,,,,,,,,,,,
vus,1787520200,2.000000,,,,,,,,,,,,,,,,
vus_max,1787520200,2.000000,,,,,,,,,,,,,,,,
vus,1787520201,2.000000,,,,,,,,,,,,,,,,
vus_max,1787520201,2.000000,,,,,,,,,,,,,,,,
http_reqs,1787520201,1.000000,,,,true,,POST,PGR_Resolve,HTTP/2.0,main,,200,,tls1.3,PGR_Resolve,,
http_req_duration,1787520201,407.539462,,,,true,,POST,PGR_Resolve,HTTP/2.0,main,,200,,tls1.3,PGR_Resolve,,
http_req_blocked,1787520201,0.000270,,,,true,,POST,PGR_Resolve,HTTP/2.0,main,,200,,tls1.3,PGR_Resolve,,
http_req_connecting,1787520201,0.000000,,,,true,,POST,PGR_Resolve,HTTP/2.0,main,,200,,tls1.3,PGR_Resolve,,
http_req_tls_handshaking,1787520201,0.000000,,,,true,,POST,PGR_Resolve,HTTP/2.0,main,,200,,tls1.3,PGR_Resolve,,
http_req_sending,1787520201,0.086716,,,,true,,POST,PGR_Resolve,HTTP/2.0,main,,200,,tls1.3,PGR_Resolve,,
http_req_waiting,1787520201,407.373585,,,,true,,POST,PGR_Resolve,HTTP/2.0,main,,200,,tls1.3,PGR_Resolve,,
http_req_receiving,1787520201,0.079161,,,,true,,POST,PGR_Resolve,HTTP/2.0,main,,200,,tls1.3,PGR_Resolve,,
http_req_failed,1787520201,0.000000,,,,true,,POST,PGR_Resolve,HTTP/2.0,main,,200,,tls1.3,PGR_Resolve,,
http_reqs,1787520201,1.000000,,,,true,,POST,PGR_Create,HTTP/2.0,main,,200,,tls1.3,PGR_Create,,
http_req_duration,1787520201,378.684698,,,,true,,POST,PGR_Create,HTTP/2.0,main,,200,,tls1.3,PGR_Create,,
http_req_blocked,1787520201,0.000391,,,,true,,POST,PGR_Create,HTTP/2.0,main,,200,,tls1.3,PGR_Create,,
http_req_connecting,1787520201,0.000000,,,,true,,POST,PGR_Create,HTTP/2.0,main,,200,,tls1.3,PGR_Create,,
http_req_tls_handshaking,1787520201,0.000000,,,,true,,POST,PGR_Create,HTTP/2.0,main,,200,,tls1.3,PGR_Create,,
http_req_sending,1787520201,0.061177,,,,true,,POST,PGR_Create,HTTP/2.0,main,,200,,tls1.3,PGR_Create,,
http_req_waiting,1787520201,378.554299,,,,true,,POST,PGR_Create,HTTP/2.0,main,,200,,tls1.3,PGR_Create,,
http_req_receiving,1787520201,0.069222,,,,true,,POST,PGR_Create,HTTP/2.0,main,,200,,tls1.3,PGR_Create,,
http_req_failed,1787520201,0.000000,,,,true,,POST,PGR_Create,HTTP/2.0,main,,200,,tls1.3,PGR_Create,,
vus,1787520202,2.000000,,,,,,,,,,,,,,,,
vus_max,1787520202,2.000000,,,,,,,,,,,,,,,,
vus,1787520203,2.000000,,,,,,,,,,,,,,,,
vus_max,1787520203,2.000000,,,,,,,,,,,,,,,,
http_reqs,1787520203,1.000000,,,,true,,POST,PGR_Search,HTTP/2.0,main,,200,,tls1.3,PGR_Search,,
http_req_duration,1787520203,334.087418,,,,true,,POST,PGR_Search,HTTP/2.0,main,,200,,tls1.3,PGR_Search,,
http_req_blocked,1787520203,0.000191,,,,true,,POST,PGR_Search,HTTP/2.0,main,,200,,tls1.3,PGR_Search,,
http_req_connecting,1787520203,0.000000,,,,true,,POST,PGR_Search,HTTP/2.0,main,,200,,tls1.3,PGR_Search,,
http_req_tls_handshaking,1787520203,0.000000,,,,true,,POST,PGR_Search,HTTP/2.0,main,,200,,tls1.3,PGR_Search,,
http_req_sending,1787520203,0.095081,,,,true,,POST,PGR_Search,HTTP/2.0,main,,200,,tls1.3,PGR_Search,,
http_req_waiting,1787520203,333.928234,,,,true,,POST,PGR_Search,HTTP/2.0,main,,200,,tls1.3,PGR_Search,,
http_req_receiving,1787520203,0.064103,,,,true,,POST,PGR_Search,HTTP/2.0,main,,200,,tls1.3,PGR_Search,,
http_req_failed,1787520203,0.000000,,,,true,,POST,PGR_Search,HTTP/2.0,main,,200,,tls1.3,PGR_Search,,
transaction_duration,1787520203,10059.000000,,,,,,,,,main,,,,,,,
transaction_success,1787520203,1.000000,,,,,,,,,main,,,,,,,
data_sent,1787520203,14369.000000,,,,,,,,,main,,,,,,,
data_received,1787520203,18676.000000,,,,,,,,,main,,,,,,,
iteration_duration,1787520203,10058.753938,,,,,,,,,main,,,,,,,
iterations,1787520203,1.000000,,,,,,,,,main,,,,,,,
http_reqs,1787520203,1.000000,,,,true,,POST,PGR_Assign,HTTP/2.0,main,,200,,tls1.3,PGR_Assign,,
http_req_duration,1787520203,393.281091,,,,true,,POST,PGR_Assign,HTTP/2.0,main,,200,,tls1.3,PGR_Assign,,
http_req_blocked,1787520203,0.001804,,,,true,,POST,PGR_Assign,HTTP/2.0,main,,200,,tls1.3,PGR_Assign,,
http_req_connecting,1787520203,0.000000,,,,true,,POST,PGR_Assign,HTTP/2.0,main,,200,,tls1.3,PGR_Assign,,
http_req_tls_handshaking,1787520203,0.000000,,,,true,,POST,PGR_Assign,HTTP/2.0,main,,200,,tls1.3,PGR_Assign,,
http_req_sending,1787520203,0.183490,,,,true,,POST,PGR_Assign,HTTP/2.0,main,,200,,tls1.3,PGR_Assign,,
http_req_waiting,1787520203,393.018170,,,,true,,POST,PGR_Assign,HTTP/2.0,main,,200,,tls1.3,PGR_Assign,,
http_req_receiving,1787520203,0.079431,,,,true,,POST,PGR_Assign,HTTP/2.0,main,,200,,tls1.3,PGR_Assign,,
http_req_failed,1787520203,0.000000,,,,true,,POST,PGR_Assign,HTTP/2.0,main,,200,,tls1.3,PGR_Assign,,
vus,1787520204,2.000000,,,,,,,,,,,,,,,,
vus_max,1787520204,2.000000,,,,,,,,,,,,,,,,
vus,1787520205,2.000000,,,,,,,,,,,,,,,,
vus_max,1787520205,2.000000,,,,,,,,,,,,,,,,
http_reqs,1787520205,1.000000,,,,true,,POST,PGR_Create,HTTP/2.0,main,,200,,tls1.3,PGR_Create,,
http_req_duration,1787520205,378.332748,,,,true,,POST,PGR_Create,HTTP/2.0,main,,200,,tls1.3,PGR_Create,,
http_req_blocked,1787520205,0.000441,,,,true,,POST,PGR_Create,HTTP/2.0,main,,200,,tls1.3,PGR_Create,,
http_req_connecting,1787520205,0.000000,,,,true,,POST,PGR_Create,HTTP/2.0,main,,200,,tls1.3,PGR_Create,,
http_req_tls_handshaking,1787520205,0.000000,,,,true,,POST,PGR_Create,HTTP/2.0,main,,200,,tls1.3,PGR_Create,,
http_req_sending,1787520205,0.076405,,,,true,,POST,PGR_Create,HTTP/2.0,main,,200,,tls1.3,PGR_Create,,
http_req_waiting,1787520205,378.171751,,,,true,,POST,PGR_Create,HTTP/2.0,main,,200,,tls1.3,PGR_Create,,
http_req_receiving,1787520205,0.084592,,,,true,,POST,PGR_Create,HTTP/2.0,main,,200,,tls1.3,PGR_Create,,
http_req_failed,1787520205,0.000000,,,,true,,POST,PGR_Create,HTTP/2.0,main,,200,,tls1.3,PGR_Create,,
http_reqs,1787520206,1.000000,,,,true,,POST,PGR_Resolve,HTTP/2.0,main,,200,,tls1.3,PGR_Resolve,,
http_req_duration,1787520206,363.079990,,,,true,,POST,PGR_Resolve,HTTP/2.0,main,,200,,tls1.3,PGR_Resolve,,
http_req_blocked,1787520206,0.000271,,,,true,,POST,PGR_Resolve,HTTP/2.0,main,,200,,tls1.3,PGR_Resolve,,
http_req_connecting,1787520206,0.000000,,,,true,,POST,PGR_Resolve,HTTP/2.0,main,,200,,tls1.3,PGR_Resolve,,
http_req_tls_handshaking,1787520206,0.000000,,,,true,,POST,PGR_Resolve,HTTP/2.0,main,,200,,tls1.3,PGR_Resolve,,
http_req_sending,1787520206,0.073180,,,,true,,POST,PGR_Resolve,HTTP/2.0,main,,200,,tls1.3,PGR_Resolve,,
http_req_waiting,1787520206,362.891590,,,,true,,POST,PGR_Resolve,HTTP/2.0,main,,200,,tls1.3,PGR_Resolve,,
http_req_receiving,1787520206,0.115220,,,,true,,POST,PGR_Resolve,HTTP/2.0,main,,200,,tls1.3,PGR_Resolve,,
http_req_failed,1787520206,0.000000,,,,true,,POST,PGR_Resolve,HTTP/2.0,main,,200,,tls1.3,PGR_Resolve,,
vus,1787520206,2.000000,,,,,,,,,,,,,,,,
vus_max,1787520206,2.000000,,,,,,,,,,,,,,,,
http_reqs,1787520206,1.000000,,,,true,,POST,PGR_Assign,HTTP/2.0,main,,200,,tls1.3,PGR_Assign,,
http_req_duration,1787520206,365.219669,,,,true,,POST,PGR_Assign,HTTP/2.0,main,,200,,tls1.3,PGR_Assign,,
http_req_blocked,1787520206,0.000301,,,,true,,POST,PGR_Assign,HTTP/2.0,main,,200,,tls1.3,PGR_Assign,,
http_req_connecting,1787520206,0.000000,,,,true,,POST,PGR_Assign,HTTP/2.0,main,,200,,tls1.3,PGR_Assign,,
http_req_tls_handshaking,1787520206,0.000000,,,,true,,POST,PGR_Assign,HTTP/2.0,main,,200,,tls1.3,PGR_Assign,,
http_req_sending,1787520206,0.065144,,,,true,,POST,PGR_Assign,HTTP/2.0,main,,200,,tls1.3,PGR_Assign,,
http_req_waiting,1787520206,365.096755,,,,true,,POST,PGR_Assign,HTTP/2.0,main,,200,,tls1.3,PGR_Assign,,
http_req_receiving,1787520206,0.057770,,,,true,,POST,PGR_Assign,HTTP/2.0,main,,200,,tls1.3,PGR_Assign,,
http_req_failed,1787520206,0.000000,,,,true,,POST,PGR_Assign,HTTP/2.0,main,,200,,tls1.3,PGR_Assign,,
vus,1787520207,2.000000,,,,,,,,,,,,,,,,
vus_max,1787520207,2.000000,,,,,,,,,,,,,,,,
http_reqs,1787520207,1.000000,,,,true,,POST,PGR_Search,HTTP/2.0,main,,200,,tls1.3,PGR_Search,,
http_req_duration,1787520207,302.061327,,,,true,,POST,PGR_Search,HTTP/2.0,main,,200,,tls1.3,PGR_Search,,
http_req_blocked,1787520207,0.000301,,,,true,,POST,PGR_Search,HTTP/2.0,main,,200,,tls1.3,PGR_Search,,
http_req_connecting,1787520207,0.000000,,,,true,,POST,PGR_Search,HTTP/2.0,main,,200,,tls1.3,PGR_Search,,
http_req_tls_handshaking,1787520207,0.000000,,,,true,,POST,PGR_Search,HTTP/2.0,main,,200,,tls1.3,PGR_Search,,
http_req_sending,1787520207,0.079020,,,,true,,POST,PGR_Search,HTTP/2.0,main,,200,,tls1.3,PGR_Search,,
http_req_waiting,1787520207,301.932973,,,,true,,POST,PGR_Search,HTTP/2.0,main,,200,,tls1.3,PGR_Search,,
http_req_receiving,1787520207,0.049334,,,,true,,POST,PGR_Search,HTTP/2.0,main,,200,,tls1.3,PGR_Search,,
http_req_failed,1787520207,0.000000,,,,true,,POST,PGR_Search,HTTP/2.0,main,,200,,tls1.3,PGR_Search,,
transaction_duration,1787520207,8893.000000,,,,,,,,,main,,,,,,,
transaction_success,1787520207,1.000000,,,,,,,,,main,,,,,,,
data_sent,1787520207,14500.000000,,,,,,,,,main,,,,,,,
data_received,1787520207,18990.000000,,,,,,,,,main,,,,,,,
iteration_duration,1787520207,8893.056145,,,,,,,,,main,,,,,,,
iterations,1787520207,1.000000,,,,,,,,,main,,,,,,,
vus,1787520208,2.000000,,,,,,,,,,,,,,,,
vus_max,1787520208,2.000000,,,,,,,,,,,,,,,,
http_reqs,1787520208,1.000000,,,,true,,POST,PGR_Resolve,HTTP/2.0,main,,200,,tls1.3,PGR_Resolve,,
http_req_duration,1787520208,364.269167,,,,true,,POST,PGR_Resolve,HTTP/2.0,main,,200,,tls1.3,PGR_Resolve,,
http_req_blocked,1787520208,0.000301,,,,true,,POST,PGR_Resolve,HTTP/2.0,main,,200,,tls1.3,PGR_Resolve,,
http_req_connecting,1787520208,0.000000,,,,true,,POST,PGR_Resolve,HTTP/2.0,main,,200,,tls1.3,PGR_Resolve,,
http_req_tls_handshaking,1787520208,0.000000,,,,true,,POST,PGR_Resolve,HTTP/2.0,main,,200,,tls1.3,PGR_Resolve,,
http_req_sending,1787520208,0.063882,,,,true,,POST,PGR_Resolve,HTTP/2.0,main,,200,,tls1.3,PGR_Resolve,,
http_req_waiting,1787520208,364.155430,,,,true,,POST,PGR_Resolve,HTTP/2.0,main,,200,,tls1.3,PGR_Resolve,,
http_req_receiving,1787520208,0.049855,,,,true,,POST,PGR_Resolve,HTTP/2.0,main,,200,,tls1.3,PGR_Resolve,,
http_req_failed,1787520208,0.000000,,,,true,,POST,PGR_Resolve,HTTP/2.0,main,,200,,tls1.3,PGR_Resolve,,
vus,1787520209,2.000000,,,,,,,,,,,,,,,,
vus_max,1787520209,2.000000,,,,,,,,,,,,,,,,
http_reqs,1787520209,1.000000,,,,true,,POST,PGR_Create,HTTP/2.0,main,,200,,tls1.3,PGR_Create,,
http_req_duration,1787520209,397.507933,,,,true,,POST,PGR_Create,HTTP/2.0,main,,200,,tls1.3,PGR_Create,,
http_req_blocked,1787520209,0.000301,,,,true,,POST,PGR_Create,HTTP/2.0,main,,200,,tls1.3,PGR_Create,,
http_req_connecting,1787520209,0.000000,,,,true,,POST,PGR_Create,HTTP/2.0,main,,200,,tls1.3,PGR_Create,,
http_req_tls_handshaking,1787520209,0.000000,,,,true,,POST,PGR_Create,HTTP/2.0,main,,200,,tls1.3,PGR_Create,,
http_req_sending,1787520209,0.059984,,,,true,,POST,PGR_Create,HTTP/2.0,main,,200,,tls1.3,PGR_Create,,
http_req_waiting,1787520209,397.370030,,,,true,,POST,PGR_Create,HTTP/2.0,main,,200,,tls1.3,PGR_Create,,
http_req_receiving,1787520209,0.077919,,,,true,,POST,PGR_Create,HTTP/2.0,main,,200,,tls1.3,PGR_Create,,
http_req_failed,1787520209,0.000000,,,,true,,POST,PGR_Create,HTTP/2.0,main,,200,,tls1.3,PGR_Create,,
vus,1787520210,2.000000,,,,,,,,,,,,,,,,
vus_max,1787520210,2.000000,,,,,,,,,,,,,,,,
http_reqs,1787520210,1.000000,,,,true,,POST,PGR_Search,HTTP/2.0,main,,200,,tls1.3,PGR_Search,,
http_req_duration,1787520210,311.273673,,,,true,,POST,PGR_Search,HTTP/2.0,main,,200,,tls1.3,PGR_Search,,
http_req_blocked,1787520210,0.000331,,,,true,,POST,PGR_Search,HTTP/2.0,main,,200,,tls1.3,PGR_Search,,
http_req_connecting,1787520210,0.000000,,,,true,,POST,PGR_Search,HTTP/2.0,main,,200,,tls1.3,PGR_Search,,
http_req_tls_handshaking,1787520210,0.000000,,,,true,,POST,PGR_Search,HTTP/2.0,main,,200,,tls1.3,PGR_Search,,
http_req_sending,1787520210,0.058582,,,,true,,POST,PGR_Search,HTTP/2.0,main,,200,,tls1.3,PGR_Search,,
http_req_waiting,1787520210,310.999740,,,,true,,POST,PGR_Search,HTTP/2.0,main,,200,,tls1.3,PGR_Search,,
http_req_receiving,1787520210,0.215351,,,,true,,POST,PGR_Search,HTTP/2.0,main,,200,,tls1.3,PGR_Search,,
http_req_failed,1787520210,0.000000,,,,true,,POST,PGR_Search,HTTP/2.0,main,,200,,tls1.3,PGR_Search,,
transaction_duration,1787520210,7567.000000,,,,,,,,,main,,,,,,,
transaction_success,1787520210,1.000000,,,,,,,,,main,,,,,,,
data_sent,1787520210,14392.000000,,,,,,,,,main,,,,,,,
data_received,1787520210,18810.000000,,,,,,,,,main,,,,,,,
iteration_duration,1787520210,7567.613152,,,,,,,,,main,,,,,,,
iterations,1787520210,1.000000,,,,,,,,,main,,,,,,,
vus,1787520211,2.000000,,,,,,,,,,,,,,,,
vus_max,1787520211,2.000000,,,,,,,,,,,,,,,,
vus,1787520212,2.000000,,,,,,,,,,,,,,,,
vus_max,1787520212,2.000000,,,,,,,,,,,,,,,,
http_reqs,1787520212,1.000000,,,,true,,POST,PGR_Assign,HTTP/2.0,main,,200,,tls1.3,PGR_Assign,,
http_req_duration,1787520212,358.169495,,,,true,,POST,PGR_Assign,HTTP/2.0,main,,200,,tls1.3,PGR_Assign,,
http_req_blocked,1787520212,0.000271,,,,true,,POST,PGR_Assign,HTTP/2.0,main,,200,,tls1.3,PGR_Assign,,
http_req_connecting,1787520212,0.000000,,,,true,,POST,PGR_Assign,HTTP/2.0,main,,200,,tls1.3,PGR_Assign,,
http_req_tls_handshaking,1787520212,0.000000,,,,true,,POST,PGR_Assign,HTTP/2.0,main,,200,,tls1.3,PGR_Assign,,
http_req_sending,1787520212,0.070895,,,,true,,POST,PGR_Assign,HTTP/2.0,main,,200,,tls1.3,PGR_Assign,,
http_req_waiting,1787520212,358.017816,,,,true,,POST,PGR_Assign,HTTP/2.0,main,,200,,tls1.3,PGR_Assign,,
http_req_receiving,1787520212,0.080784,,,,true,,POST,PGR_Assign,HTTP/2.0,main,,200,,tls1.3,PGR_Assign,,
http_req_failed,1787520212,0.000000,,,,true,,POST,PGR_Assign,HTTP/2.0,main,,200,,tls1.3,PGR_Assign,,
http_reqs,1787520213,1.000000,,,,true,,POST,PGR_Create,HTTP/2.0,main,,200,,tls1.3,PGR_Create,,
http_req_duration,1787520213,397.299739,,,,true,,POST,PGR_Create,HTTP/2.0,main,,200,,tls1.3,PGR_Create,,
http_req_blocked,1787520213,0.000421,,,,true,,POST,PGR_Create,HTTP/2.0,main,,200,,tls1.3,PGR_Create,,
http_req_connecting,1787520213,0.000000,,,,true,,POST,PGR_Create,HTTP/2.0,main,,200,,tls1.3,PGR_Create,,
http_req_tls_handshaking,1787520213,0.000000,,,,true,,POST,PGR_Create,HTTP/2.0,main,,200,,tls1.3,PGR_Create,,
http_req_sending,1787520213,0.046359,,,,true,,POST,PGR_Create,HTTP/2.0,main,,200,,tls1.3,PGR_Create,,
http_req_waiting,1787520213,397.141807,,,,true,,POST,PGR_Create,HTTP/2.0,main,,200,,tls1.3,PGR_Create,,
http_req_receiving,1787520213,0.111573,,,,true,,POST,PGR_Create,HTTP/2.0,main,,200,,tls1.3,PGR_Create,,
http_req_failed,1787520213,0.000000,,,,true,,POST,PGR_Create,HTTP/2.0,main,,200,,tls1.3,PGR_Create,,
vus,1787520213,2.000000,,,,,,,,,,,,,,,,
vus_max,1787520213,2.000000,,,,,,,,,,,,,,,,
vus,1787520214,2.000000,,,,,,,,,,,,,,,,
vus_max,1787520214,2.000000,,,,,,,,,,,,,,,,
http_reqs,1787520215,1.000000,,,,true,,POST,PGR_Resolve,HTTP/2.0,main,,200,,tls1.3,PGR_Resolve,,
http_req_duration,1787520215,377.738030,,,,true,,POST,PGR_Resolve,HTTP/2.0,main,,200,,tls1.3,PGR_Resolve,,
http_req_blocked,1787520215,0.000281,,,,true,,POST,PGR_Resolve,HTTP/2.0,main,,200,,tls1.3,PGR_Resolve,,
http_req_connecting,1787520215,0.000000,,,,true,,POST,PGR_Resolve,HTTP/2.0,main,,200,,tls1.3,PGR_Resolve,,
http_req_tls_handshaking,1787520215,0.000000,,,,true,,POST,PGR_Resolve,HTTP/2.0,main,,200,,tls1.3,PGR_Resolve,,
http_req_sending,1787520215,0.059353,,,,true,,POST,PGR_Resolve,HTTP/2.0,main,,200,,tls1.3,PGR_Resolve,,
http_req_waiting,1787520215,377.602031,,,,true,,POST,PGR_Resolve,HTTP/2.0,main,,200,,tls1.3,PGR_Resolve,,
http_req_receiving,1787520215,0.076646,,,,true,,POST,PGR_Resolve,HTTP/2.0,main,,200,,tls1.3,PGR_Resolve,,
http_req_failed,1787520215,0.000000,,,,true,,POST,PGR_Resolve,HTTP/2.0,main,,200,,tls1.3,PGR_Resolve,,
vus,1787520215,2.000000,,,,,,,,,,,,,,,,
vus_max,1787520215,2.000000,,,,,,,,,,,,,,,,
http_reqs,1787520216,1.000000,,,,true,,POST,PGR_Assign,HTTP/2.0,main,,200,,tls1.3,PGR_Assign,,
http_req_duration,1787520216,376.579257,,,,true,,POST,PGR_Assign,HTTP/2.0,main,,200,,tls1.3,PGR_Assign,,
http_req_blocked,1787520216,0.000341,,,,true,,POST,PGR_Assign,HTTP/2.0,main,,200,,tls1.3,PGR_Assign,,
http_req_connecting,1787520216,0.000000,,,,true,,POST,PGR_Assign,HTTP/2.0,main,,200,,tls1.3,PGR_Assign,,
http_req_tls_handshaking,1787520216,0.000000,,,,true,,POST,PGR_Assign,HTTP/2.0,main,,200,,tls1.3,PGR_Assign,,
http_req_sending,1787520216,0.062610,,,,true,,POST,PGR_Assign,HTTP/2.0,main,,200,,tls1.3,PGR_Assign,,
http_req_waiting,1787520216,376.433348,,,,true,,POST,PGR_Assign,HTTP/2.0,main,,200,,tls1.3,PGR_Assign,,
http_req_receiving,1787520216,0.083299,,,,true,,POST,PGR_Assign,HTTP/2.0,main,,200,,tls1.3,PGR_Assign,,
http_req_failed,1787520216,0.000000,,,,true,,POST,PGR_Assign,HTTP/2.0,main,,200,,tls1.3,PGR_Assign,,
vus,1787520216,2.000000,,,,,,,,,,,,,,,,
vus_max,1787520216,2.000000,,,,,,,,,,,,,,,,
vus,1787520217,2.000000,,,,,,,,,,,,,,,,
vus_max,1787520217,2.000000,,,,,,,,,,,,,,,,
http_reqs,1787520217,1.000000,,,,true,,POST,PGR_Resolve,HTTP/2.0,main,,200,,tls1.3,PGR_Resolve,,
http_req_duration,1787520217,363.871740,,,,true,,POST,PGR_Resolve,HTTP/2.0,main,,200,,tls1.3,PGR_Resolve,,
http_req_blocked,1787520217,0.000160,,,,true,,POST,PGR_Resolve,HTTP/2.0,main,,200,,tls1.3,PGR_Resolve,,
http_req_connecting,1787520217,0.000000,,,,true,,POST,PGR_Resolve,HTTP/2.0,main,,200,,tls1.3,PGR_Resolve,,
http_req_tls_handshaking,1787520217,0.000000,,,,true,,POST,PGR_Resolve,HTTP/2.0,main,,200,,tls1.3,PGR_Resolve,,
http_req_sending,1787520217,0.071787,,,,true,,POST,PGR_Resolve,HTTP/2.0,main,,200,,tls1.3,PGR_Resolve,,
http_req_waiting,1787520217,363.751240,,,,true,,POST,PGR_Resolve,HTTP/2.0,main,,200,,tls1.3,PGR_Resolve,,
http_req_receiving,1787520217,0.048713,,,,true,,POST,PGR_Resolve,HTTP/2.0,main,,200,,tls1.3,PGR_Resolve,,
http_req_failed,1787520217,0.000000,,,,true,,POST,PGR_Resolve,HTTP/2.0,main,,200,,tls1.3,PGR_Resolve,,
http_reqs,1787520218,1.000000,,,,true,,POST,PGR_Search,HTTP/2.0,main,,200,,tls1.3,PGR_Search,,
http_req_duration,1787520218,319.750686,,,,true,,POST,PGR_Search,HTTP/2.0,main,,200,,tls1.3,PGR_Search,,
http_req_blocked,1787520218,0.000601,,,,true,,POST,PGR_Search,HTTP/2.0,main,,200,,tls1.3,PGR_Search,,
http_req_connecting,1787520218,0.000000,,,,true,,POST,PGR_Search,HTTP/2.0,main,,200,,tls1.3,PGR_Search,,
http_req_tls_handshaking,1787520218,0.000000,,,,true,,POST,PGR_Search,HTTP/2.0,main,,200,,tls1.3,PGR_Search,,
http_req_sending,1787520218,0.057941,,,,true,,POST,PGR_Search,HTTP/2.0,main,,200,,tls1.3,PGR_Search,,
http_req_waiting,1787520218,319.642429,,,,true,,POST,PGR_Search,HTTP/2.0,main,,200,,tls1.3,PGR_Search,,
http_req_receiving,1787520218,0.050316,,,,true,,POST,PGR_Search,HTTP/2.0,main,,200,,tls1.3,PGR_Search,,
http_req_failed,1787520218,0.000000,,,,true,,POST,PGR_Search,HTTP/2.0,main,,200,,tls1.3,PGR_Search,,
transaction_duration,1787520218,10347.000000,,,,,,,,,main,,,,,,,
transaction_success,1787520218,1.000000,,,,,,,,,main,,,,,,,
data_sent,1787520218,14342.000000,,,,,,,,,main,,,,,,,
data_received,1787520218,18716.000000,,,,,,,,,main,,,,,,,
iteration_duration,1787520218,10346.711528,,,,,,,,,main,,,,,,,
iterations,1787520218,1.000000,,,,,,,,,main,,,,,,,
vus,1787520218,2.000000,,,,,,,,,,,,,,,,
vus_max,1787520218,2.000000,,,,,,,,,,,,,,,,
vus,1787520219,2.000000,,,,,,,,,,,,,,,,
vus_max,1787520219,2.000000,,,,,,,,,,,,,,,,
vus,1787520220,2.000000,,,,,,,,,,,,,,,,
vus_max,1787520220,2.000000,,,,,,,,,,,,,,,,
http_reqs,1787520220,1.000000,,,,true,,POST,PGR_Search,HTTP/2.0,main,,200,,tls1.3,PGR_Search,,
http_req_duration,1787520220,318.129991,,,,true,,POST,PGR_Search,HTTP/2.0,main,,200,,tls1.3,PGR_Search,,
http_req_blocked,1787520220,0.000561,,,,true,,POST,PGR_Search,HTTP/2.0,main,,200,,tls1.3,PGR_Search,,
http_req_connecting,1787520220,0.000000,,,,true,,POST,PGR_Search,HTTP/2.0,main,,200,,tls1.3,PGR_Search,,
http_req_tls_handshaking,1787520220,0.000000,,,,true,,POST,PGR_Search,HTTP/2.0,main,,200,,tls1.3,PGR_Search,,
http_req_sending,1787520220,0.060736,,,,true,,POST,PGR_Search,HTTP/2.0,main,,200,,tls1.3,PGR_Search,,
http_req_waiting,1787520220,318.030110,,,,true,,POST,PGR_Search,HTTP/2.0,main,,200,,tls1.3,PGR_Search,,
http_req_receiving,1787520220,0.039145,,,,true,,POST,PGR_Search,HTTP/2.0,main,,200,,tls1.3,PGR_Search,,
http_req_failed,1787520220,0.000000,,,,true,,POST,PGR_Search,HTTP/2.0,main,,200,,tls1.3,PGR_Search,,
transaction_duration,1787520220,10037.000000,,,,,,,,,main,,,,,,,
transaction_success,1787520220,1.000000,,,,,,,,,main,,,,,,,
data_sent,1787520220,14382.000000,,,,,,,,,main,,,,,,,
data_received,1787520220,18790.000000,,,,,,,,,main,,,,,,,
iteration_duration,1787520220,10036.985038,,,,,,,,,main,,,,,,,
iterations,1787520220,1.000000,,,,,,,,,main,,,,,,,
vus,1787520221,2.000000,,,,,,,,,,,,,,,,
vus_max,1787520221,2.000000,,,,,,,,,,,,,,,,
http_reqs,1787520221,1.000000,,,,true,,POST,PGR_Create,HTTP/2.0,main,,200,,tls1.3,PGR_Create,,
http_req_duration,1787520221,385.319262,,,,true,,POST,PGR_Create,HTTP/2.0,main,,200,,tls1.3,PGR_Create,,
http_req_blocked,1787520221,0.000271,,,,true,,POST,PGR_Create,HTTP/2.0,main,,200,,tls1.3,PGR_Create,,
http_req_connecting,1787520221,0.000000,,,,true,,POST,PGR_Create,HTTP/2.0,main,,200,,tls1.3,PGR_Create,,
http_req_tls_handshaking,1787520221,0.000000,,,,true,,POST,PGR_Create,HTTP/2.0,main,,200,,tls1.3,PGR_Create,,
http_req_sending,1787520221,0.047771,,,,true,,POST,PGR_Create,HTTP/2.0,main,,200,,tls1.3,PGR_Create,,
http_req_waiting,1787520221,385.214843,,,,true,,POST,PGR_Create,HTTP/2.0,main,,200,,tls1.3,PGR_Create,,
http_req_receiving,1787520221,0.056648,,,,true,,POST,PGR_Create,HTTP/2.0,main,,200,,tls1.3,PGR_Create,,
http_req_failed,1787520221,0.000000,,,,true,,POST,PGR_Create,HTTP/2.0,main,,200,,tls1.3,PGR_Create,,
vus,1787520222,2.000000,,,,,,,,,,,,,,,,
vus_max,1787520222,2.000000,,,,,,,,,,,,,,,,
vus,1787520223,2.000000,,,,,,,,,,,,,,,,
vus_max,1787520223,2.000000,,,,,,,,,,,,,,,,
http_reqs,1787520224,1.000000,,,,true,,POST,PGR_Create,HTTP/2.0,main,,200,,tls1.3,PGR_Create,,
http_req_duration,1787520224,405.848588,,,,true,,POST,PGR_Create,HTTP/2.0,main,,200,,tls1.3,PGR_Create,,
http_req_blocked,1787520224,0.000400,,,,true,,POST,PGR_Create,HTTP/2.0,main,,200,,tls1.3,PGR_Create,,
http_req_connecting,1787520224,0.000000,,,,true,,POST,PGR_Create,HTTP/2.0,main,,200,,tls1.3,PGR_Create,,
http_req_tls_handshaking,1787520224,0.000000,,,,true,,POST,PGR_Create,HTTP/2.0,main,,200,,tls1.3,PGR_Create,,
http_req_sending,1787520224,0.098619,,,,true,,POST,PGR_Create,HTTP/2.0,main,,200,,tls1.3,PGR_Create,,
http_req_waiting,1787520224,405.694593,,,,true,,POST,PGR_Create,HTTP/2.0,main,,200,,tls1.3,PGR_Create,,
http_req_receiving,1787520224,0.055376,,,,true,,POST,PGR_Create,HTTP/2.0,main,,200,,tls1.3,PGR_Create,,
http_req_failed,1787520224,0.000000,,,,true,,POST,PGR_Create,HTTP/2.0,main,,200,,tls1.3,PGR_Create,,
vus,1787520224,2.000000,,,,,,,,,,,,,,,,
vus_max,1787520224,2.000000,,,,,,,,,,,,,,,,
http_reqs,1787520224,1.000000,,,,true,,POST,PGR_Assign,HTTP/2.0,main,,200,,tls1.3,PGR_Assign,,
http_req_duration,1787520224,362.042457,,,,true,,POST,PGR_Assign,HTTP/2.0,main,,200,,tls1.3,PGR_Assign,,
http_req_blocked,1787520224,0.000331,,,,true,,POST,PGR_Assign,HTTP/2.0,main,,200,,tls1.3,PGR_Assign,,
http_req_connecting,1787520224,0.000000,,,,true,,POST,PGR_Assign,HTTP/2.0,main,,200,,tls1.3,PGR_Assign,,
http_req_tls_handshaking,1787520224,0.000000,,,,true,,POST,PGR_Assign,HTTP/2.0,main,,200,,tls1.3,PGR_Assign,,
http_req_sending,1787520224,0.101884,,,,true,,POST,PGR_Assign,HTTP/2.0,main,,200,,tls1.3,PGR_Assign,,
http_req_waiting,1787520224,361.844099,,,,true,,POST,PGR_Assign,HTTP/2.0,main,,200,,tls1.3,PGR_Assign,,
http_req_receiving,1787520224,0.096474,,,,true,,POST,PGR_Assign,HTTP/2.0,main,,200,,tls1.3,PGR_Assign,,
http_req_failed,1787520224,0.000000,,,,true,,POST,PGR_Assign,HTTP/2.0,main,,200,,tls1.3,PGR_Assign,,
vus,1787520225,2.000000,,,,,,,,,,,,,,,,
vus_max,1787520225,2.000000,,,,,,,,,,,,,,,,
vus,1787520226,2.000000,,,,,,,,,,,,,,,,
vus_max,1787520226,2.000000,,,,,,,,,,,,,,,,
http_reqs,1787520226,1.000000,,,,true,,POST,PGR_Resolve,HTTP/2.0,main,,200,,tls1.3,PGR_Resolve,,
http_req_duration,1787520226,401.611039,,,,true,,POST,PGR_Resolve,HTTP/2.0,main,,200,,tls1.3,PGR_Resolve,,
http_req_blocked,1787520226,0.000271,,,,true,,POST,PGR_Resolve,HTTP/2.0,main,,200,,tls1.3,PGR_Resolve,,
http_req_connecting,1787520226,0.000000,,,,true,,POST,PGR_Resolve,HTTP/2.0,main,,200,,tls1.3,PGR_Resolve,,
http_req_tls_handshaking,1787520226,0.000000,,,,true,,POST,PGR_Resolve,HTTP/2.0,main,,200,,tls1.3,PGR_Resolve,,
http_req_sending,1787520226,0.114137,,,,true,,POST,PGR_Resolve,HTTP/2.0,main,,200,,tls1.3,PGR_Resolve,,
http_req_waiting,1787520226,401.385459,,,,true,,POST,PGR_Resolve,HTTP/2.0,main,,200,,tls1.3,PGR_Resolve,,
http_req_receiving,1787520226,0.111443,,,,true,,POST,PGR_Resolve,HTTP/2.0,main,,200,,tls1.3,PGR_Resolve,,
http_req_failed,1787520226,0.000000,,,,true,,POST,PGR_Resolve,HTTP/2.0,main,,200,,tls1.3,PGR_Resolve,,
http_reqs,1787520226,1.000000,,,,true,,POST,PGR_Assign,HTTP/2.0,main,,200,,tls1.3,PGR_Assign,,
http_req_duration,1787520226,401.375368,,,,true,,POST,PGR_Assign,HTTP/2.0,main,,200,,tls1.3,PGR_Assign,,
http_req_blocked,1787520226,0.000271,,,,true,,POST,PGR_Assign,HTTP/2.0,main,,200,,tls1.3,PGR_Assign,,
http_req_connecting,1787520226,0.000000,,,,true,,POST,PGR_Assign,HTTP/2.0,main,,200,,tls1.3,PGR_Assign,,
http_req_tls_handshaking,1787520226,0.000000,,,,true,,POST,PGR_Assign,HTTP/2.0,main,,200,,tls1.3,PGR_Assign,,
http_req_sending,1787520226,0.090332,,,,true,,POST,PGR_Assign,HTTP/2.0,main,,200,,tls1.3,PGR_Assign,,
http_req_waiting,1787520226,401.165979,,,,true,,POST,PGR_Assign,HTTP/2.0,main,,200,,tls1.3,PGR_Assign,,
http_req_receiving,1787520226,0.119057,,,,true,,POST,PGR_Assign,HTTP/2.0,main,,200,,tls1.3,PGR_Assign,,
http_req_failed,1787520226,0.000000,,,,true,,POST,PGR_Assign,HTTP/2.0,main,,200,,tls1.3,PGR_Assign,,
vus,1787520227,2.000000,,,,,,,,,,,,,,,,
vus_max,1787520227,2.000000,,,,,,,,,,,,,,,,
http_reqs,1787520228,1.000000,,,,true,,POST,PGR_Search,HTTP/2.0,main,,200,,tls1.3,PGR_Search,,
http_req_duration,1787520228,319.212493,,,,true,,POST,PGR_Search,HTTP/2.0,main,,200,,tls1.3,PGR_Search,,
http_req_blocked,1787520228,0.000321,,,,true,,POST,PGR_Search,HTTP/2.0,main,,200,,tls1.3,PGR_Search,,
http_req_connecting,1787520228,0.000000,,,,true,,POST,PGR_Search,HTTP/2.0,main,,200,,tls1.3,PGR_Search,,
http_req_tls_handshaking,1787520228,0.000000,,,,true,,POST,PGR_Search,HTTP/2.0,main,,200,,tls1.3,PGR_Search,,
http_req_sending,1787520228,0.104579,,,,true,,POST,PGR_Search,HTTP/2.0,main,,200,,tls1.3,PGR_Search,,
http_req_waiting,1787520228,318.964841,,,,true,,POST,PGR_Search,HTTP/2.0,main,,200,,tls1.3,PGR_Search,,
http_req_receiving,1787520228,0.143073,,,,true,,POST,PGR_Search,HTTP/2.0,main,,200,,tls1.3,PGR_Search,,
http_req_failed,1787520228,0.000000,,,,true,,POST,PGR_Search,HTTP/2.0,main,,200,,tls1.3,PGR_Search,,
transaction_duration,1787520228,10049.000000,,,,,,,,,main,,,,,,,
transaction_success,1787520228,1.000000,,,,,,,,,main,,,,,,,
data_sent,1787520228,14382.000000,,,,,,,,,main,,,,,,,
data_received,1787520228,18750.000000,,,,,,,,,main,,,,,,,
iteration_duration,1787520228,10048.571795,,,,,,,,,main,,,,,,,
iterations,1787520228,1.000000,,,,,,,,,main,,,,,,,
vus,1787520228,2.000000,,,,,,,,,,,,,,,,
vus_max,1787520228,2.000000,,,,,,,,,,,,,,,,
http_reqs,1787520228,1.000000,,,,true,,POST,PGR_Resolve,HTTP/2.0,main,,200,,tls1.3,PGR_Resolve,,
http_req_duration,1787520228,362.242699,,,,true,,POST,PGR_Resolve,HTTP/2.0,main,,200,,tls1.3,PGR_Resolve,,
http_req_blocked,1787520228,0.000561,,,,true,,POST,PGR_Resolve,HTTP/2.0,main,,200,,tls1.3,PGR_Resolve,,
http_req_connecting,1787520228,0.000000,,,,true,,POST,PGR_Resolve,HTTP/2.0,main,,200,,tls1.3,PGR_Resolve,,
http_req_tls_handshaking,1787520228,0.000000,,,,true,,POST,PGR_Resolve,HTTP/2.0,main,,200,,tls1.3,PGR_Resolve,,
http_req_sending,1787520228,0.100812,,,,true,,POST,PGR_Resolve,HTTP/2.0,main,,200,,tls1.3,PGR_Resolve,,
http_req_waiting,1787520228,362.034612,,,,true,,POST,PGR_Resolve,HTTP/2.0,main,,200,,tls1.3,PGR_Resolve,,
http_req_receiving,1787520228,0.107275,,,,true,,POST,PGR_Resolve,HTTP/2.0,main,,200,,tls1.3,PGR_Resolve,,
http_req_failed,1787520228,0.000000,,,,true,,POST,PGR_Resolve,HTTP/2.0,main,,200,,tls1.3,PGR_Resolve,,
vus,1787520229,2.000000,,,,,,,,,,,,,,,,
vus_max,1787520229,2.000000,,,,,,,,,,,,,,,,
http_reqs,1787520229,1.000000,,,,true,,POST,PGR_Search,HTTP/2.0,main,,200,,tls1.3,PGR_Search,,
http_req_duration,1787520229,306.714703,,,,true,,POST,PGR_Search,HTTP/2.0,main,,200,,tls1.3,PGR_Search,,
http_req_blocked,1787520229,0.000641,,,,true,,POST,PGR_Search,HTTP/2.0,main,,200,,tls1.3,PGR_Search,,
http_req_connecting,1787520229,0.000000,,,,true,,POST,PGR_Search,HTTP/2.0,main,,200,,tls1.3,PGR_Search,,
http_req_tls_handshaking,1787520229,0.000000,,,,true,,POST,PGR_Search,HTTP/2.0,main,,200,,tls1.3,PGR_Search,,
http_req_sending,1787520229,0.075825,,,,true,,POST,PGR_Search,HTTP/2.0,main,,200,,tls1.3,PGR_Search,,
http_req_waiting,1787520229,306.588021,,,,true,,POST,PGR_Search,HTTP/2.0,main,,200,,tls1.3,PGR_Search,,
http_req_receiving,1787520229,0.050857,,,,true,,POST,PGR_Search,HTTP/2.0,main,,200,,tls1.3,PGR_Search,,
http_req_failed,1787520229,0.000000,,,,true,,POST,PGR_Search,HTTP/2.0,main,,200,,tls1.3,PGR_Search,,
transaction_duration,1787520229,9011.000000,,,,,,,,,main,,,,,,,
transaction_success,1787520229,1.000000,,,,,,,,,main,,,,,,,
data_sent,1787520229,14374.000000,,,,,,,,,main,,,,,,,
data_received,1787520229,18821.000000,,,,,,,,,main,,,,,,,
iteration_duration,1787520229,9011.003105,,,,,,,,,main,,,,,,,
iterations,1787520229,1.000000,,,,,,,,,main,,,,,,,
vus,1787520230,2.000000,,,,,,,,,,,,,,,,
vus_max,1787520230,2.000000,,,,,,,,,,,,,,,,
vus,1787520231,2.000000,,,,,,,,,,,,,,,,
vus_max,1787520231,2.000000,,,,,,,,,,,,,,,,
http_reqs,1787520231,1.000000,,,,true,,POST,PGR_Create,HTTP/2.0,main,,200,,tls1.3,PGR_Create,,
http_req_duration,1787520231,383.995923,,,,true,,POST,PGR_Create,HTTP/2.0,main,,200,,tls1.3,PGR_Create,,
http_req_blocked,1787520231,0.000281,,,,true,,POST,PGR_Create,HTTP/2.0,main,,200,,tls1.3,PGR_Create,,
http_req_connecting,1787520231,0.000000,,,,true,,POST,PGR_Create,HTTP/2.0,main,,200,,tls1.3,PGR_Create,,
http_req_tls_handshaking,1787520231,0.000000,,,,true,,POST,PGR_Create,HTTP/2.0,main,,200,,tls1.3,PGR_Create,,
http_req_sending,1787520231,0.089521,,,,true,,POST,PGR_Create,HTTP/2.0,main,,200,,tls1.3,PGR_Create,,
http_req_waiting,1787520231,383.811871,,,,true,,POST,PGR_Create,HTTP/2.0,main,,200,,tls1.3,PGR_Create,,
http_req_receiving,1787520231,0.094531,,,,true,,POST,PGR_Create,HTTP/2.0,main,,200,,tls1.3,PGR_Create,,
http_req_failed,1787520231,0.000000,,,,true,,POST,PGR_Create,HTTP/2.0,main,,200,,tls1.3,PGR_Create,,
vus,1787520232,2.000000,,,,,,,,,,,,,,,,
vus_max,1787520232,2.000000,,,,,,,,,,,,,,,,
http_reqs,1787520233,1.000000,,,,true,,POST,PGR_Assign,HTTP/2.0,main,,200,,tls1.3,PGR_Assign,,
http_req_duration,1787520233,374.776448,,,,true,,POST,PGR_Assign,HTTP/2.0,main,,200,,tls1.3,PGR_Assign,,
http_req_blocked,1787520233,0.000320,,,,true,,POST,PGR_Assign,HTTP/2.0,main,,200,,tls1.3,PGR_Assign,,
http_req_connecting,1787520233,0.000000,,,,true,,POST,PGR_Assign,HTTP/2.0,main,,200,,tls1.3,PGR_Assign,,
http_req_tls_handshaking,1787520233,0.000000,,,,true,,POST,PGR_Assign,HTTP/2.0,main,,200,,tls1.3,PGR_Assign,,
http_req_sending,1787520233,0.115631,,,,true,,POST,PGR_Assign,HTTP/2.0,main,,200,,tls1.3,PGR_Assign,,
http_req_waiting,1787520233,374.593378,,,,true,,POST,PGR_Assign,HTTP/2.0,main,,200,,tls1.3,PGR_Assign,,
http_req_receiving,1787520233,0.067439,,,,true,,POST,PGR_Assign,HTTP/2.0,main,,200,,tls1.3,PGR_Assign,,
http_req_failed,1787520233,0.000000,,,,true,,POST,PGR_Assign,HTTP/2.0,main,,200,,tls1.3,PGR_Assign,,
vus,1787520233,2.000000,,,,,,,,,,,,,,,,
vus_max,1787520233,2.000000,,,,,,,,,,,,,,,,
http_reqs,1787520233,1.000000,,,,true,,POST,PGR_Create,HTTP/2.0,main,,200,,tls1.3,PGR_Create,,
http_req_duration,1787520233,413.273540,,,,true,,POST,PGR_Create,HTTP/2.0,main,,200,,tls1.3,PGR_Create,,
http_req_blocked,1787520233,0.000310,,,,true,,POST,PGR_Create,HTTP/2.0,main,,200,,tls1.3,PGR_Create,,
http_req_connecting,1787520233,0.000000,,,,true,,POST,PGR_Create,HTTP/2.0,main,,200,,tls1.3,PGR_Create,,
http_req_tls_handshaking,1787520233,0.000000,,,,true,,POST,PGR_Create,HTTP/2.0,main,,200,,tls1.3,PGR_Create,,
http_req_sending,1787520233,0.097196,,,,true,,POST,PGR_Create,HTTP/2.0,main,,200,,tls1.3,PGR_Create,,
http_req_waiting,1787520233,413.117922,,,,true,,POST,PGR_Create,HTTP/2.0,main,,200,,tls1.3,PGR_Create,,
http_req_receiving,1787520233,0.058422,,,,true,,POST,PGR_Create,HTTP/2.0,main,,200,,tls1.3,PGR_Create,,
http_req_failed,1787520233,0.000000,,,,true,,POST,PGR_Create,HTTP/2.0,main,,200,,tls1.3,PGR_Create,,
vus,1787520234,2.000000,,,,,,,,,,,,,,,,
vus_max,1787520234,2.000000,,,,,,,,,,,,,,,,
http_reqs,1787520234,1.000000,,,,true,,POST,PGR_Resolve,HTTP/2.0,main,,200,,tls1.3,PGR_Resolve,,
http_req_duration,1787520234,387.477911,,,,true,,POST,PGR_Resolve,HTTP/2.0,main,,200,,tls1.3,PGR_Resolve,,
http_req_blocked,1787520234,0.000611,,,,true,,POST,PGR_Resolve,HTTP/2.0,main,,200,,tls1.3,PGR_Resolve,,
http_req_connecting,1787520234,0.000000,,,,true,,POST,PGR_Resolve,HTTP/2.0,main,,200,,tls1.3,PGR_Resolve,,
http_req_tls_handshaking,1787520234,0.000000,,,,true,,POST,PGR_Resolve,HTTP/2.0,main,,200,,tls1.3,PGR_Resolve,,
http_req_sending,1787520234,0.104720,,,,true,,POST,PGR_Resolve,HTTP/2.0,main,,200,,tls1.3,PGR_Resolve,,
http_req_waiting,1787520234,387.275795,,,,true,,POST,PGR_Resolve,HTTP/2.0,main,,200,,tls1.3,PGR_Resolve,,
http_req_receiving,1787520234,0.097396,,,,true,,POST,PGR_Resolve,HTTP/2.0,main,,200,,tls1.3,PGR_Resolve,,
http_req_failed,1787520234,0.000000,,,,true,,POST,PGR_Resolve,HTTP/2.0,main,,200,,tls1.3,PGR_Resolve,,
vus,1787520235,2.000000,,,,,,,,,,,,,,,,
vus_max,1787520235,2.000000,,,,,,,,,,,,,,,,
vus,1787520236,2.000000,,,,,,,,,,,,,,,,
vus_max,1787520236,2.000000,,,,,,,,,,,,,,,,
http_reqs,1787520236,1.000000,,,,true,,POST,PGR_Search,HTTP/2.0,main,,200,,tls1.3,PGR_Search,,
http_req_duration,1787520236,311.821327,,,,true,,POST,PGR_Search,HTTP/2.0,main,,200,,tls1.3,PGR_Search,,
http_req_blocked,1787520236,0.000350,,,,true,,POST,PGR_Search,HTTP/2.0,main,,200,,tls1.3,PGR_Search,,
http_req_connecting,1787520236,0.000000,,,,true,,POST,PGR_Search,HTTP/2.0,main,,200,,tls1.3,PGR_Search,,
http_req_tls_handshaking,1787520236,0.000000,,,,true,,POST,PGR_Search,HTTP/2.0,main,,200,,tls1.3,PGR_Search,,
http_req_sending,1787520236,0.076296,,,,true,,POST,PGR_Search,HTTP/2.0,main,,200,,tls1.3,PGR_Search,,
http_req_waiting,1787520236,311.687141,,,,true,,POST,PGR_Search,HTTP/2.0,main,,200,,tls1.3,PGR_Search,,
http_req_receiving,1787520236,0.057890,,,,true,,POST,PGR_Search,HTTP/2.0,main,,200,,tls1.3,PGR_Search,,
http_req_failed,1787520236,0.000000,,,,true,,POST,PGR_Search,HTTP/2.0,main,,200,,tls1.3,PGR_Search,,
transaction_duration,1787520236,8069.000000,,,,,,,,,main,,,,,,,
transaction_success,1787520236,1.000000,,,,,,,,,main,,,,,,,
data_sent,1787520236,14474.000000,,,,,,,,,main,,,,,,,
data_received,1787520236,18934.000000,,,,,,,,,main,,,,,,,
iteration_duration,1787520236,8069.417656,,,,,,,,,main,,,,,,,
iterations,1787520236,1.000000,,,,,,,,,main,,,,,,,
http_reqs,1787520236,1.000000,,,,true,,POST,PGR_Assign,HTTP/2.0,main,,200,,tls1.3,PGR_Assign,,
http_req_duration,1787520236,407.007477,,,,true,,POST,PGR_Assign,HTTP/2.0,main,,200,,tls1.3,PGR_Assign,,
http_req_blocked,1787520236,0.000350,,,,true,,POST,PGR_Assign,HTTP/2.0,main,,200,,tls1.3,PGR_Assign,,
http_req_connecting,1787520236,0.000000,,,,true,,POST,PGR_Assign,HTTP/2.0,main,,200,,tls1.3,PGR_Assign,,
http_req_tls_handshaking,1787520236,0.000000,,,,true,,POST,PGR_Assign,HTTP/2.0,main,,200,,tls1.3,PGR_Assign,,
http_req_sending,1787520236,0.102035,,,,true,,POST,PGR_Assign,HTTP/2.0,main,,200,,tls1.3,PGR_Assign,,
http_req_waiting,1787520236,406.842532,,,,true,,POST,PGR_Assign,HTTP/2.0,main,,200,,tls1.3,PGR_Assign,,
http_req_receiving,1787520236,0.062910,,,,true,,POST,PGR_Assign,HTTP/2.0,main,,200,,tls1.3,PGR_Assign,,
http_req_failed,1787520236,0.000000,,,,true,,POST,PGR_Assign,HTTP/2.0,main,,200,,tls1.3,PGR_Assign,,
vus,1787520237,2.000000,,,,,,,,,,,,,,,,
vus_max,1787520237,2.000000,,,,,,,,,,,,,,,,
http_reqs,1787520238,1.000000,,,,true,,POST,PGR_Resolve,HTTP/2.0,main,,200,,tls1.3,PGR_Resolve,,
http_req_duration,1787520238,386.021303,,,,true,,POST,PGR_Resolve,HTTP/2.0,main,,200,,tls1.3,PGR_Resolve,,
http_req_blocked,1787520238,0.000321,,,,true,,POST,PGR_Resolve,HTTP/2.0,main,,200,,tls1.3,PGR_Resolve,,
http_req_connecting,1787520238,0.000000,,,,true,,POST,PGR_Resolve,HTTP/2.0,main,,200,,tls1.3,PGR_Resolve,,
http_req_tls_handshaking,1787520238,0.000000,,,,true,,POST,PGR_Resolve,HTTP/2.0,main,,200,,tls1.3,PGR_Resolve,,
http_req_sending,1787520238,0.078519,,,,true,,POST,PGR_Resolve,HTTP/2.0,main,,200,,tls1.3,PGR_Resolve,,
http_req_waiting,1787520238,385.876328,,,,true,,POST,PGR_Resolve,HTTP/2.0,main,,200,,tls1.3,PGR_Resolve,,
http_req_receiving,1787520238,0.066456,,,,true,,POST,PGR_Resolve,HTTP/2.0,main,,200,,tls1.3,PGR_Resolve,,
http_req_failed,1787520238,0.000000,,,,true,,POST,PGR_Resolve,HTTP/2.0,main,,200,,tls1.3,PGR_Resolve,,
vus,1787520238,2.000000,,,,,,,,,,,,,,,,
vus_max,1787520238,2.000000,,,,,,,,,,,,,,,,
http_reqs,1787520239,1.000000,,,,true,,POST,PGR_Create,HTTP/2.0,main,,200,,tls1.3,PGR_Create,,
http_req_duration,1787520239,416.635472,,,,true,,POST,PGR_Create,HTTP/2.0,main,,200,,tls1.3,PGR_Create,,
http_req_blocked,1787520239,0.000280,,,,true,,POST,PGR_Create,HTTP/2.0,main,,200,,tls1.3,PGR_Create,,
http_req_connecting,1787520239,0.000000,,,,true,,POST,PGR_Create,HTTP/2.0,main,,200,,tls1.3,PGR_Create,,
http_req_tls_handshaking,1787520239,0.000000,,,,true,,POST,PGR_Create,HTTP/2.0,main,,200,,tls1.3,PGR_Create,,
http_req_sending,1787520239,0.102155,,,,true,,POST,PGR_Create,HTTP/2.0,main,,200,,tls1.3,PGR_Create,,
http_req_waiting,1787520239,416.460118,,,,true,,POST,PGR_Create,HTTP/2.0,main,,200,,tls1.3,PGR_Create,,
http_req_receiving,1787520239,0.073199,,,,true,,POST,PGR_Create,HTTP/2.0,main,,200,,tls1.3,PGR_Create,,
http_req_failed,1787520239,0.000000,,,,true,,POST,PGR_Create,HTTP/2.0,main,,200,,tls1.3,PGR_Create,,
vus,1787520239,2.000000,,,,,,,,,,,,,,,,
vus_max,1787520239,2.000000,,,,,,,,,,,,,,,,
vus,1787520240,2.000000,,,,,,,,,,,,,,,,
vus_max,1787520240,2.000000,,,,,,,,,,,,,,,,
http_reqs,1787520241,1.000000,,,,true,,POST,PGR_Search,HTTP/2.0,main,,200,,tls1.3,PGR_Search,,
http_req_duration,1787520241,336.980353,,,,true,,POST,PGR_Search,HTTP/2.0,main,,200,,tls1.3,PGR_Search,,
http_req_blocked,1787520241,0.000320,,,,true,,POST,PGR_Search,HTTP/2.0,main,,200,,tls1.3,PGR_Search,,
http_req_connecting,1787520241,0.000000,,,,true,,POST,PGR_Search,HTTP/2.0,main,,200,,tls1.3,PGR_Search,,
http_req_tls_handshaking,1787520241,0.000000,,,,true,,POST,PGR_Search,HTTP/2.0,main,,200,,tls1.3,PGR_Search,,
http_req_sending,1787520241,0.106734,,,,true,,POST,PGR_Search,HTTP/2.0,main,,200,,tls1.3,PGR_Search,,
http_req_waiting,1787520241,336.792895,,,,true,,POST,PGR_Search,HTTP/2.0,main,,200,,tls1.3,PGR_Search,,
http_req_receiving,1787520241,0.080724,,,,true,,POST,PGR_Search,HTTP/2.0,main,,200,,tls1.3,PGR_Search,,
http_req_failed,1787520241,0.000000,,,,true,,POST,PGR_Search,HTTP/2.0,main,,200,,tls1.3,PGR_Search,,
transaction_duration,1787520241,11189.000000,,,,,,,,,main,,,,,,,
transaction_success,1787520241,1.000000,,,,,,,,,main,,,,,,,
data_sent,1787520241,14304.000000,,,,,,,,,main,,,,,,,
data_received,1787520241,18689.000000,,,,,,,,,main,,,,,,,
iteration_duration,1787520241,11188.425903,,,,,,,,,main,,,,,,,
iterations,1787520241,1.000000,,,,,,,,,main,,,,,,,
vus,1787520241,2.000000,,,,,,,,,,,,,,,,
vus_max,1787520241,2.000000,,,,,,,,,,,,,,,,
http_reqs,1787520242,1.000000,,,,true,,POST,PGR_Assign,HTTP/2.0,main,,200,,tls1.3,PGR_Assign,,
http_req_duration,1787520242,385.613015,,,,true,,POST,PGR_Assign,HTTP/2.0,main,,200,,tls1.3,PGR_Assign,,
http_req_blocked,1787520242,0.000331,,,,true,,POST,PGR_Assign,HTTP/2.0,main,,200,,tls1.3,PGR_Assign,,
http_req_connecting,1787520242,0.000000,,,,true,,POST,PGR_Assign,HTTP/2.0,main,,200,,tls1.3,PGR_Assign,,
http_req_tls_handshaking,1787520242,0.000000,,,,true,,POST,PGR_Assign,HTTP/2.0,main,,200,,tls1.3,PGR_Assign,,
http_req_sending,1787520242,0.094069,,,,true,,POST,PGR_Assign,HTTP/2.0,main,,200,,tls1.3,PGR_Assign,,
http_req_waiting,1787520242,385.444845,,,,true,,POST,PGR_Assign,HTTP/2.0,main,,200,,tls1.3,PGR_Assign,,
http_req_receiving,1787520242,0.074101,,,,true,,POST,PGR_Assign,HTTP/2.0,main,,200,,tls1.3,PGR_Assign,,
http_req_failed,1787520242,0.000000,,,,true,,POST,PGR_Assign,HTTP/2.0,main,,200,,tls1.3,PGR_Assign,,
vus,1787520242,2.000000,,,,,,,,,,,,,,,,
vus_max,1787520242,2.000000,,,,,,,,,,,,,,,,
http_reqs,1787520242,1.000000,,,,true,,POST,PGR_Create,HTTP/2.0,main,,200,,tls1.3,PGR_Create,,
http_req_duration,1787520242,367.857099,,,,true,,POST,PGR_Create,HTTP/2.0,main,,200,,tls1.3,PGR_Create,,
http_req_blocked,1787520242,0.000410,,,,true,,POST,PGR_Create,HTTP/2.0,main,,200,,tls1.3,PGR_Create,,
http_req_connecting,1787520242,0.000000,,,,true,,POST,PGR_Create,HTTP/2.0,main,,200,,tls1.3,PGR_Create,,
http_req_tls_handshaking,1787520242,0.000000,,,,true,,POST,PGR_Create,HTTP/2.0,main,,200,,tls1.3,PGR_Create,,
http_req_sending,1787520242,0.094881,,,,true,,POST,PGR_Create,HTTP/2.0,main,,200,,tls1.3,PGR_Create,,
http_req_waiting,1787520242,367.680482,,,,true,,POST,PGR_Create,HTTP/2.0,main,,200,,tls1.3,PGR_Create,,
http_req_receiving,1787520242,0.081736,,,,true,,POST,PGR_Create,HTTP/2.0,main,,200,,tls1.3,PGR_Create,,
http_req_failed,1787520242,0.000000,,,,true,,POST,PGR_Create,HTTP/2.0,main,,200,,tls1.3,PGR_Create,,
vus,1787520243,2.000000,,,,,,,,,,,,,,,,
vus_max,1787520243,2.000000,,,,,,,,,,,,,,,,
http_reqs,1787520243,1.000000,,,,true,,POST,PGR_Resolve,HTTP/2.0,main,,200,,tls1.3,PGR_Resolve,,
http_req_duration,1787520243,378.024470,,,,true,,POST,PGR_Resolve,HTTP/2.0,main,,200,,tls1.3,PGR_Resolve,,
http_req_blocked,1787520243,0.000361,,,,true,,POST,PGR_Resolve,HTTP/2.0,main,,200,,tls1.3,PGR_Resolve,,
http_req_connecting,1787520243,0.000000,,,,true,,POST,PGR_Resolve,HTTP/2.0,main,,200,,tls1.3,PGR_Resolve,,
http_req_tls_handshaking,1787520243,0.000000,,,,true,,POST,PGR_Resolve,HTTP/2.0,main,,200,,tls1.3,PGR_Resolve,,
http_req_sending,1787520243,0.113717,,,,true,,POST,PGR_Resolve,HTTP/2.0,main,,200,,tls1.3,PGR_Resolve,,
http_req_waiting,1787520243,377.806534,,,,true,,POST,PGR_Resolve,HTTP/2.0,main,,200,,tls1.3,PGR_Resolve,,
http_req_receiving,1787520243,0.104219,,,,true,,POST,PGR_Resolve,HTTP/2.0,main,,200,,tls1.3,PGR_Resolve,,
http_req_failed,1787520243,0.000000,,,,true,,POST,PGR_Resolve,HTTP/2.0,main,,200,,tls1.3,PGR_Resolve,,
vus,1787520244,2.000000,,,,,,,,,,,,,,,,
vus_max,1787520244,2.000000,,,,,,,,,,,,,,,,
http_reqs,1787520244,1.000000,,,,true,,POST,PGR_Assign,HTTP/2.0,main,,200,,tls1.3,PGR_Assign,,
http_req_duration,1787520244,385.056700,,,,true,,POST,PGR_Assign,HTTP/2.0,main,,200,,tls1.3,PGR_Assign,,
http_req_blocked,1787520244,0.000371,,,,true,,POST,PGR_Assign,HTTP/2.0,main,,200,,tls1.3,PGR_Assign,,
http_req_connecting,1787520244,0.000000,,,,true,,POST,PGR_Assign,HTTP/2.0,main,,200,,tls1.3,PGR_Assign,,
http_req_tls_handshaking,1787520244,0.000000,,,,true,,POST,PGR_Assign,HTTP/2.0,main,,200,,tls1.3,PGR_Assign,,
http_req_sending,1787520244,0.102846,,,,true,,POST,PGR_Assign,HTTP/2.0,main,,200,,tls1.3,PGR_Assign,,
http_req_waiting,1787520244,384.878019,,,,true,,POST,PGR_Assign,HTTP/2.0,main,,200,,tls1.3,PGR_Assign,,
http_req_receiving,1787520244,0.075835,,,,true,,POST,PGR_Assign,HTTP/2.0,main,,200,,tls1.3,PGR_Assign,,
http_req_failed,1787520244,0.000000,,,,true,,POST,PGR_Assign,HTTP/2.0,main,,200,,tls1.3,PGR_Assign,,
vus,1787520245,2.000000,,,,,,,,,,,,,,,,
vus_max,1787520245,2.000000,,,,,,,,,,,,,,,,
vus,1787520246,2.000000,,,,,,,,,,,,,,,,
vus_max,1787520246,2.000000,,,,,,,,,,,,,,,,
http_reqs,1787520247,1.000000,,,,true,,POST,PGR_Search,HTTP/2.0,main,,200,,tls1.3,PGR_Search,,
http_req_duration,1787520247,335.602219,,,,true,,POST,PGR_Search,HTTP/2.0,main,,200,,tls1.3,PGR_Search,,
http_req_blocked,1787520247,0.000331,,,,true,,POST,PGR_Search,HTTP/2.0,main,,200,,tls1.3,PGR_Search,,
http_req_connecting,1787520247,0.000000,,,,true,,POST,PGR_Search,HTTP/2.0,main,,200,,tls1.3,PGR_Search,,
http_req_tls_handshaking,1787520247,0.000000,,,,true,,POST,PGR_Search,HTTP/2.0,main,,200,,tls1.3,PGR_Search,,
http_req_sending,1787520247,0.108757,,,,true,,POST,PGR_Search,HTTP/2.0,main,,200,,tls1.3,PGR_Search,,
http_req_waiting,1787520247,335.318197,,,,true,,POST,PGR_Search,HTTP/2.0,main,,200,,tls1.3,PGR_Search,,
http_req_receiving,1787520247,0.175265,,,,true,,POST,PGR_Search,HTTP/2.0,main,,200,,tls1.3,PGR_Search,,
http_req_failed,1787520247,0.000000,,,,true,,POST,PGR_Search,HTTP/2.0,main,,200,,tls1.3,PGR_Search,,
transaction_duration,1787520247,10795.000000,,,,,,,,,main,,,,,,,
transaction_success,1787520247,1.000000,,,,,,,,,main,,,,,,,
data_sent,1787520247,14406.000000,,,,,,,,,main,,,,,,,
data_received,1787520247,18826.000000,,,,,,,,,main,,,,,,,
iteration_duration,1787520247,10794.544214,,,,,,,,,main,,,,,,,
iterations,1787520247,1.000000,,,,,,,,,main,,,,,,,
http_reqs,1787520247,1.000000,,,,true,,POST,PGR_Resolve,HTTP/2.0,main,,200,,tls1.3,PGR_Resolve,,
http_req_duration,1787520247,387.321638,,,,true,,POST,PGR_Resolve,HTTP/2.0,main,,200,,tls1.3,PGR_Resolve,,
http_req_blocked,1787520247,0.000411,,,,true,,POST,PGR_Resolve,HTTP/2.0,main,,200,,tls1.3,PGR_Resolve,,
http_req_connecting,1787520247,0.000000,,,,true,,POST,PGR_Resolve,HTTP/2.0,main,,200,,tls1.3,PGR_Resolve,,
http_req_tls_handshaking,1787520247,0.000000,,,,true,,POST,PGR_Resolve,HTTP/2.0,main,,200,,tls1.3,PGR_Resolve,,
http_req_sending,1787520247,0.159444,,,,true,,POST,PGR_Resolve,HTTP/2.0,main,,200,,tls1.3,PGR_Resolve,,
http_req_waiting,1787520247,387.089525,,,,true,,POST,PGR_Resolve,HTTP/2.0,main,,200,,tls1.3,PGR_Resolve,,
http_req_receiving,1787520247,0.072669,,,,true,,POST,PGR_Resolve,HTTP/2.0,main,,200,,tls1.3,PGR_Resolve,,
http_req_failed,1787520247,0.000000,,,,true,,POST,PGR_Resolve,HTTP/2.0,main,,200,,tls1.3,PGR_Resolve,,
vus,1787520247,2.000000,,,,,,,,,,,,,,,,
vus_max,1787520247,2.000000,,,,,,,,,,,,,,,,
vus,1787520248,2.000000,,,,,,,,,,,,,,,,
vus_max,1787520248,2.000000,,,,,,,,,,,,,,,,
vus,1787520249,2.000000,,,,,,,,,,,,,,,,
vus_max,1787520249,2.000000,,,,,,,,,,,,,,,,
http_reqs,1787520249,1.000000,,,,true,,POST,PGR_Create,HTTP/2.0,main,,200,,tls1.3,PGR_Create,,
http_req_duration,1787520249,392.306856,,,,true,,POST,PGR_Create,HTTP/2.0,main,,200,,tls1.3,PGR_Create,,
http_req_blocked,1787520249,0.000270,,,,true,,POST,PGR_Create,HTTP/2.0,main,,200,,tls1.3,PGR_Create,,
http_req_connecting,1787520249,0.000000,,,,true,,POST,PGR_Create,HTTP/2.0,main,,200,,tls1.3,PGR_Create,,
http_req_tls_handshaking,1787520249,0.000000,,,,true,,POST,PGR_Create,HTTP/2.0,main,,200,,tls1.3,PGR_Create,,
http_req_sending,1787520249,0.058221,,,,true,,POST,PGR_Create,HTTP/2.0,main,,200,,tls1.3,PGR_Create,,
http_req_waiting,1787520249,392.151821,,,,true,,POST,PGR_Create,HTTP/2.0,main,,200,,tls1.3,PGR_Create,,
http_req_receiving,1787520249,0.096814,,,,true,,POST,PGR_Create,HTTP/2.0,main,,200,,tls1.3,PGR_Create,,
http_req_failed,1787520249,0.000000,,,,true,,POST,PGR_Create,HTTP/2.0,main,,200,,tls1.3,PGR_Create,,
http_reqs,1787520250,1.000000,,,,true,,POST,PGR_Search,HTTP/2.0,main,,200,,tls1.3,PGR_Search,,
http_req_duration,1787520250,318.011289,,,,true,,POST,PGR_Search,HTTP/2.0,main,,200,,tls1.3,PGR_Search,,
http_req_blocked,1787520250,0.000311,,,,true,,POST,PGR_Search,HTTP/2.0,main,,200,,tls1.3,PGR_Search,,
http_req_connecting,1787520250,0.000000,,,,true,,POST,PGR_Search,HTTP/2.0,main,,200,,tls1.3,PGR_Search,,
http_req_tls_handshaking,1787520250,0.000000,,,,true,,POST,PGR_Search,HTTP/2.0,main,,200,,tls1.3,PGR_Search,,
http_req_sending,1787520250,0.099860,,,,true,,POST,PGR_Search,HTTP/2.0,main,,200,,tls1.3,PGR_Search,,
http_req_waiting,1787520250,317.859961,,,,true,,POST,PGR_Search,HTTP/2.0,main,,200,,tls1.3,PGR_Search,,
http_req_receiving,1787520250,0.051468,,,,true,,POST,PGR_Search,HTTP/2.0,main,,200,,tls1.3,PGR_Search,,
http_req_failed,1787520250,0.000000,,,,true,,POST,PGR_Search,HTTP/2.0,main,,200,,tls1.3,PGR_Search,,
transaction_duration,1787520250,8850.000000,,,,,,,,,main,,,,,,,
transaction_success,1787520250,1.000000,,,,,,,,,main,,,,,,,
data_sent,1787520250,14398.000000,,,,,,,,,main,,,,,,,
data_received,1787520250,18819.000000,,,,,,,,,main,,,,,,,
iteration_duration,1787520250,8850.247253,,,,,,,,,main,,,,,,,
iterations,1787520250,1.000000,,,,,,,,,main,,,,,,,
vus,1787520250,2.000000,,,,,,,,,,,,,,,,
vus_max,1787520250,2.000000,,,,,,,,,,,,,,,,
vus,1787520251,2.000000,,,,,,,,,,,,,,,,
vus_max,1787520251,2.000000,,,,,,,,,,,,,,,,
http_reqs,1787520251,1.000000,,,,true,,POST,PGR_Create,HTTP/2.0,main,,200,,tls1.3,PGR_Create,,
http_req_duration,1787520251,412.695395,,,,true,,POST,PGR_Create,HTTP/2.0,main,,200,,tls1.3,PGR_Create,,
http_req_blocked,1787520251,0.000270,,,,true,,POST,PGR_Create,HTTP/2.0,main,,200,,tls1.3,PGR_Create,,
http_req_connecting,1787520251,0.000000,,,,true,,POST,PGR_Create,HTTP/2.0,main,,200,,tls1.3,PGR_Create,,
http_req_tls_handshaking,1787520251,0.000000,,,,true,,POST,PGR_Create,HTTP/2.0,main,,200,,tls1.3,PGR_Create,,
http_req_sending,1787520251,0.087647,,,,true,,POST,PGR_Create,HTTP/2.0,main,,200,,tls1.3,PGR_Create,,
http_req_waiting,1787520251,412.528978,,,,true,,POST,PGR_Create,HTTP/2.0,main,,200,,tls1.3,PGR_Create,,
http_req_receiving,1787520251,0.078770,,,,true,,POST,PGR_Create,HTTP/2.0,main,,200,,tls1.3,PGR_Create,,
http_req_failed,1787520251,0.000000,,,,true,,POST,PGR_Create,HTTP/2.0,main,,200,,tls1.3,PGR_Create,,
http_reqs,1787520252,1.000000,,,,true,,POST,PGR_Assign,HTTP/2.0,main,,200,,tls1.3,PGR_Assign,,
http_req_duration,1787520252,374.721558,,,,true,,POST,PGR_Assign,HTTP/2.0,main,,200,,tls1.3,PGR_Assign,,
http_req_blocked,1787520252,0.000321,,,,true,,POST,PGR_Assign,HTTP/2.0,main,,200,,tls1.3,PGR_Assign,,
http_req_connecting,1787520252,0.000000,,,,true,,POST,PGR_Assign,HTTP/2.0,main,,200,,tls1.3,PGR_Assign,,
http_req_tls_handshaking,1787520252,0.000000,,,,true,,POST,PGR_Assign,HTTP/2.0,main,,200,,tls1.3,PGR_Assign,,
http_req_sending,1787520252,0.087126,,,,true,,POST,PGR_Assign,HTTP/2.0,main,,200,,tls1.3,PGR_Assign,,
http_req_waiting,1787520252,374.577954,,,,true,,POST,PGR_Assign,HTTP/2.0,main,,200,,tls1.3,PGR_Assign,,
http_req_receiving,1787520252,0.056478,,,,true,,POST,PGR_Assign,HTTP/2.0,main,,200,,tls1.3,PGR_Assign,,
http_req_failed,1787520252,0.000000,,,,true,,POST,PGR_Assign,HTTP/2.0,main,,200,,tls1.3,PGR_Assign,,
vus,1787520252,2.000000,,,,,,,,,,,,,,,,
vus_max,1787520252,2.000000,,,,,,,,,,,,,,,,
vus,1787520253,2.000000,,,,,,,,,,,,,,,,
vus_max,1787520253,2.000000,,,,,,,,,,,,,,,,
http_reqs,1787520253,1.000000,,,,true,,POST,PGR_Assign,HTTP/2.0,main,,200,,tls1.3,PGR_Assign,,
http_req_duration,1787520253,396.378841,,,,true,,POST,PGR_Assign,HTTP/2.0,main,,200,,tls1.3,PGR_Assign,,
http_req_blocked,1787520253,0.000271,,,,true,,POST,PGR_Assign,HTTP/2.0,main,,200,,tls1.3,PGR_Assign,,
http_req_connecting,1787520253,0.000000,,,,true,,POST,PGR_Assign,HTTP/2.0,main,,200,,tls1.3,PGR_Assign,,
http_req_tls_handshaking,1787520253,0.000000,,,,true,,POST,PGR_Assign,HTTP/2.0,main,,200,,tls1.3,PGR_Assign,,
http_req_sending,1787520253,0.110260,,,,true,,POST,PGR_Assign,HTTP/2.0,main,,200,,tls1.3,PGR_Assign,,
http_req_waiting,1787520253,396.201903,,,,true,,POST,PGR_Assign,HTTP/2.0,main,,200,,tls1.3,PGR_Assign,,
http_req_receiving,1787520253,0.066678,,,,true,,POST,PGR_Assign,HTTP/2.0,main,,200,,tls1.3,PGR_Assign,,
http_req_failed,1787520253,0.000000,,,,true,,POST,PGR_Assign,HTTP/2.0,main,,200,,tls1.3,PGR_Assign,,
http_reqs,1787520254,1.000000,,,,true,,POST,PGR_Resolve,HTTP/2.0,main,,200,,tls1.3,PGR_Resolve,,
http_req_duration,1787520254,359.939952,,,,true,,POST,PGR_Resolve,HTTP/2.0,main,,200,,tls1.3,PGR_Resolve,,
http_req_blocked,1787520254,0.000280,,,,true,,POST,PGR_Resolve,HTTP/2.0,main,,200,,tls1.3,PGR_Resolve,,
http_req_connecting,1787520254,0.000000,,,,true,,POST,PGR_Resolve,HTTP/2.0,main,,200,,tls1.3,PGR_Resolve,,
http_req_tls_handshaking,1787520254,0.000000,,,,true,,POST,PGR_Resolve,HTTP/2.0,main,,200,,tls1.3,PGR_Resolve,,
http_req_sending,1787520254,0.058251,,,,true,,POST,PGR_Resolve,HTTP/2.0,main,,200,,tls1.3,PGR_Resolve,,
http_req_waiting,1787520254,359.821586,,,,true,,POST,PGR_Resolve,HTTP/2.0,main,,200,,tls1.3,PGR_Resolve,,
http_req_receiving,1787520254,0.060115,,,,true,,POST,PGR_Resolve,HTTP/2.0,main,,200,,tls1.3,PGR_Resolve,,
http_req_failed,1787520254,0.000000,,,,true,,POST,PGR_Resolve,HTTP/2.0,main,,200,,tls1.3,PGR_Resolve,,
vus,1787520254,2.000000,,,,,,,,,,,,,,,,
vus_max,1787520254,2.000000,,,,,,,,,,,,,,,,
vus,1787520255,2.000000,,,,,,,,,,,,,,,,
vus_max,1787520255,2.000000,,,,,,,,,,,,,,,,
http_reqs,1787520255,1.000000,,,,true,,POST,PGR_Resolve,HTTP/2.0,main,,200,,tls1.3,PGR_Resolve,,
http_req_duration,1787520255,385.682979,,,,true,,POST,PGR_Resolve,HTTP/2.0,main,,200,,tls1.3,PGR_Resolve,,
http_req_blocked,1787520255,0.000330,,,,true,,POST,PGR_Resolve,HTTP/2.0,main,,200,,tls1.3,PGR_Resolve,,
http_req_connecting,1787520255,0.000000,,,,true,,POST,PGR_Resolve,HTTP/2.0,main,,200,,tls1.3,PGR_Resolve,,
http_req_tls_handshaking,1787520255,0.000000,,,,true,,POST,PGR_Resolve,HTTP/2.0,main,,200,,tls1.3,PGR_Resolve,,
http_req_sending,1787520255,0.109579,,,,true,,POST,PGR_Resolve,HTTP/2.0,main,,200,,tls1.3,PGR_Resolve,,
http_req_waiting,1787520255,385.491684,,,,true,,POST,PGR_Resolve,HTTP/2.0,main,,200,,tls1.3,PGR_Resolve,,
http_req_receiving,1787520255,0.081716,,,,true,,POST,PGR_Resolve,HTTP/2.0,main,,200,,tls1.3,PGR_Resolve,,
http_req_failed,1787520255,0.000000,,,,true,,POST,PGR_Resolve,HTTP/2.0,main,,200,,tls1.3,PGR_Resolve,,
http_reqs,1787520255,1.000000,,,,true,,POST,PGR_Search,HTTP/2.0,main,,200,,tls1.3,PGR_Search,,
http_req_duration,1787520255,314.635856,,,,true,,POST,PGR_Search,HTTP/2.0,main,,200,,tls1.3,PGR_Search,,
http_req_blocked,1787520255,0.000340,,,,true,,POST,PGR_Search,HTTP/2.0,main,,200,,tls1.3,PGR_Search,,
http_req_connecting,1787520255,0.000000,,,,true,,POST,PGR_Search,HTTP/2.0,main,,200,,tls1.3,PGR_Search,,
http_req_tls_handshaking,1787520255,0.000000,,,,true,,POST,PGR_Search,HTTP/2.0,main,,200,,tls1.3,PGR_Search,,
http_req_sending,1787520255,0.090723,,,,true,,POST,PGR_Search,HTTP/2.0,main,,200,,tls1.3,PGR_Search,,
http_req_waiting,1787520255,314.495458,,,,true,,POST,PGR_Search,HTTP/2.0,main,,200,,tls1.3,PGR_Search,,
http_req_receiving,1787520255,0.049675,,,,true,,POST,PGR_Search,HTTP/2.0,main,,200,,tls1.3,PGR_Search,,
http_req_failed,1787520255,0.000000,,,,true,,POST,PGR_Search,HTTP/2.0,main,,200,,tls1.3,PGR_Search,,
transaction_duration,1787520255,8541.000000,,,,,,,,,main,,,,,,,
transaction_success,1787520255,1.000000,,,,,,,,,main,,,,,,,
data_sent,1787520255,14500.000000,,,,,,,,,main,,,,,,,
data_received,1787520255,18817.000000,,,,,,,,,main,,,,,,,
iteration_duration,1787520255,8541.159477,,,,,,,,,main,,,,,,,
iterations,1787520255,1.000000,,,,,,,,,main,,,,,,,
vus,1787520256,2.000000,,,,,,,,,,,,,,,,
vus_max,1787520256,2.000000,,,,,,,,,,,,,,,,
vus,1787520257,2.000000,,,,,,,,,,,,,,,,
vus_max,1787520257,2.000000,,,,,,,,,,,,,,,,
http_reqs,1787520257,1.000000,,,,true,,POST,PGR_Search,HTTP/2.0,main,,200,,tls1.3,PGR_Search,,
http_req_duration,1787520257,321.823479,,,,true,,POST,PGR_Search,HTTP/2.0,main,,200,,tls1.3,PGR_Search,,
http_req_blocked,1787520257,0.000350,,,,true,,POST,PGR_Search,HTTP/2.0,main,,200,,tls1.3,PGR_Search,,
http_req_connecting,1787520257,0.000000,,,,true,,POST,PGR_Search,HTTP/2.0,main,,200,,tls1.3,PGR_Search,,
http_req_tls_handshaking,1787520257,0.000000,,,,true,,POST,PGR_Search,HTTP/2.0,main,,200,,tls1.3,PGR_Search,,
http_req_sending,1787520257,0.100923,,,,true,,POST,PGR_Search,HTTP/2.0,main,,200,,tls1.3,PGR_Search,,
http_req_waiting,1787520257,321.588991,,,,true,,POST,PGR_Search,HTTP/2.0,main,,200,,tls1.3,PGR_Search,,
http_req_receiving,1787520257,0.133565,,,,true,,POST,PGR_Search,HTTP/2.0,main,,200,,tls1.3,PGR_Search,,
http_req_failed,1787520257,0.000000,,,,true,,POST,PGR_Search,HTTP/2.0,main,,200,,tls1.3,PGR_Search,,
transaction_duration,1787520257,7290.000000,,,,,,,,,main,,,,,,,
transaction_success,1787520257,1.000000,,,,,,,,,main,,,,,,,
data_sent,1787520257,14450.000000,,,,,,,,,main,,,,,,,
data_received,1787520257,18891.000000,,,,,,,,,main,,,,,,,
iteration_duration,1787520257,7290.277204,,,,,,,,,main,,,,,,,
iterations,1787520257,1.000000,,,,,,,,,main,,,,,,,
http_reqs,1787520258,1.000000,,,,true,,POST,PGR_Create,HTTP/2.0,main,,200,,tls1.3,PGR_Create,,
http_req_duration,1787520258,397.495400,,,,true,,POST,PGR_Create,HTTP/2.0,main,,200,,tls1.3,PGR_Create,,
http_req_blocked,1787520258,0.000340,,,,true,,POST,PGR_Create,HTTP/2.0,main,,200,,tls1.3,PGR_Create,,
http_req_connecting,1787520258,0.000000,,,,true,,POST,PGR_Create,HTTP/2.0,main,,200,,tls1.3,PGR_Create,,
http_req_tls_handshaking,1787520258,0.000000,,,,true,,POST,PGR_Create,HTTP/2.0,main,,200,,tls1.3,PGR_Create,,
http_req_sending,1787520258,0.089952,,,,true,,POST,PGR_Create,HTTP/2.0,main,,200,,tls1.3,PGR_Create,,
http_req_waiting,1787520258,397.330114,,,,true,,POST,PGR_Create,HTTP/2.0,main,,200,,tls1.3,PGR_Create,,
http_req_receiving,1787520258,0.075334,,,,true,,POST,PGR_Create,HTTP/2.0,main,,200,,tls1.3,PGR_Create,,
http_req_failed,1787520258,0.000000,,,,true,,POST,PGR_Create,HTTP/2.0,main,,200,,tls1.3,PGR_Create,,
vus,1787520258,2.000000,,,,,,,,,,,,,,,,
vus_max,1787520258,2.000000,,,,,,,,,,,,,,,,
vus,1787520259,2.000000,,,,,,,,,,,,,,,,
vus_max,1787520259,2.000000,,,,,,,,,,,,,,,,
http_reqs,1787520259,1.000000,,,,true,,POST,PGR_Create,HTTP/2.0,main,,200,,tls1.3,PGR_Create,,
http_req_duration,1787520259,394.313180,,,,true,,POST,PGR_Create,HTTP/2.0,main,,200,,tls1.3,PGR_Create,,
http_req_blocked,1787520259,0.000310,,,,true,,POST,PGR_Create,HTTP/2.0,main,,200,,tls1.3,PGR_Create,,
http_req_connecting,1787520259,0.000000,,,,true,,POST,PGR_Create,HTTP/2.0,main,,200,,tls1.3,PGR_Create,,
http_req_tls_handshaking,1787520259,0.000000,,,,true,,POST,PGR_Create,HTTP/2.0,main,,200,,tls1.3,PGR_Create,,
http_req_sending,1787520259,0.114088,,,,true,,POST,PGR_Create,HTTP/2.0,main,,200,,tls1.3,PGR_Create,,
http_req_waiting,1787520259,394.124279,,,,true,,POST,PGR_Create,HTTP/2.0,main,,200,,tls1.3,PGR_Create,,
http_req_receiving,1787520259,0.074813,,,,true,,POST,PGR_Create,HTTP/2.0,main,,200,,tls1.3,PGR_Create,,
http_req_failed,1787520259,0.000000,,,,true,,POST,PGR_Create,HTTP/2.0,main,,200,,tls1.3,PGR_Create,,
vus,1787520260,2.000000,,,,,,,,,,,,,,,,
vus_max,1787520260,2.000000,,,,,,,,,,,,,,,,
http_reqs,1787520261,1.000000,,,,true,,POST,PGR_Assign,HTTP/2.0,main,,200,,tls1.3,PGR_Assign,,
http_req_duration,1787520261,369.217035,,,,true,,POST,PGR_Assign,HTTP/2.0,main,,200,,tls1.3,PGR_Assign,,
http_req_blocked,1787520261,0.000271,,,,true,,POST,PGR_Assign,HTTP/2.0,main,,200,,tls1.3,PGR_Assign,,
http_req_connecting,1787520261,0.000000,,,,true,,POST,PGR_Assign,HTTP/2.0,main,,200,,tls1.3,PGR_Assign,,
http_req_tls_handshaking,1787520261,0.000000,,,,true,,POST,PGR_Assign,HTTP/2.0,main,,200,,tls1.3,PGR_Assign,,
http_req_sending,1787520261,0.103187,,,,true,,POST,PGR_Assign,HTTP/2.0,main,,200,,tls1.3,PGR_Assign,,
http_req_waiting,1787520261,369.042773,,,,true,,POST,PGR_Assign,HTTP/2.0,main,,200,,tls1.3,PGR_Assign,,
http_req_receiving,1787520261,0.071075,,,,true,,POST,PGR_Assign,HTTP/2.0,main,,200,,tls1.3,PGR_Assign,,
http_req_failed,1787520261,0.000000,,,,true,,POST,PGR_Assign,HTTP/2.0,main,,200,,tls1.3,PGR_Assign,,
vus,1787520261,2.000000,,,,,,,,,,,,,,,,
vus_max,1787520261,2.000000,,,,,,,,,,,,,,,,
vus,1787520262,2.000000,,,,,,,,,,,,,,,,
vus_max,1787520262,2.000000,,,,,,,,,,,,,,,,
http_reqs,1787520262,1.000000,,,,true,,POST,PGR_Assign,HTTP/2.0,main,,200,,tls1.3,PGR_Assign,,
http_req_duration,1787520262,372.568349,,,,true,,POST,PGR_Assign,HTTP/2.0,main,,200,,tls1.3,PGR_Assign,,
http_req_blocked,1787520262,0.000631,,,,true,,POST,PGR_Assign,HTTP/2.0,main,,200,,tls1.3,PGR_Assign,,
http_req_connecting,1787520262,0.000000,,,,true,,POST,PGR_Assign,HTTP/2.0,main,,200,,tls1.3,PGR_Assign,,
http_req_tls_handshaking,1787520262,0.000000,,,,true,,POST,PGR_Assign,HTTP/2.0,main,,200,,tls1.3,PGR_Assign,,
http_req_sending,1787520262,0.108047,,,,true,,POST,PGR_Assign,HTTP/2.0,main,,200,,tls1.3,PGR_Assign,,
http_req_waiting,1787520262,372.378867,,,,true,,POST,PGR_Assign,HTTP/2.0,main,,200,,tls1.3,PGR_Assign,,
http_req_receiving,1787520262,0.081435,,,,true,,POST,PGR_Assign,HTTP/2.0,main,,200,,tls1.3,PGR_Assign,,
http_req_failed,1787520262,0.000000,,,,true,,POST,PGR_Assign,HTTP/2.0,main,,200,,tls1.3,PGR_Assign,,
vus,1787520263,2.000000,,,,,,,,,,,,,,,,
vus_max,1787520263,2.000000,,,,,,,,,,,,,,,,
vus,1787520264,2.000000,,,,,,,,,,,,,,,,
vus_max,1787520264,2.000000,,,,,,,,,,,,,,,,
http_reqs,1787520264,1.000000,,,,true,,POST,PGR_Resolve,HTTP/2.0,main,,200,,tls1.3,PGR_Resolve,,
http_req_duration,1787520264,389.036542,,,,true,,POST,PGR_Resolve,HTTP/2.0,main,,200,,tls1.3,PGR_Resolve,,
http_req_blocked,1787520264,0.000310,,,,true,,POST,PGR_Resolve,HTTP/2.0,main,,200,,tls1.3,PGR_Resolve,,
http_req_connecting,1787520264,0.000000,,,,true,,POST,PGR_Resolve,HTTP/2.0,main,,200,,tls1.3,PGR_Resolve,,
http_req_tls_handshaking,1787520264,0.000000,,,,true,,POST,PGR_Resolve,HTTP/2.0,main,,200,,tls1.3,PGR_Resolve,,
http_req_sending,1787520264,0.111864,,,,true,,POST,PGR_Resolve,HTTP/2.0,main,,200,,tls1.3,PGR_Resolve,,
http_req_waiting,1787520264,388.857279,,,,true,,POST,PGR_Resolve,HTTP/2.0,main,,200,,tls1.3,PGR_Resolve,,
http_req_receiving,1787520264,0.067399,,,,true,,POST,PGR_Resolve,HTTP/2.0,main,,200,,tls1.3,PGR_Resolve,,
http_req_failed,1787520264,0.000000,,,,true,,POST,PGR_Resolve,HTTP/2.0,main,,200,,tls1.3,PGR_Resolve,,
vus,1787520265,2.000000,,,,,,,,,,,,,,,,
vus_max,1787520265,2.000000,,,,,,,,,,,,,,,,
http_reqs,1787520265,1.000000,,,,true,,POST,PGR_Resolve,HTTP/2.0,main,,200,,tls1.3,PGR_Resolve,,
http_req_duration,1787520265,375.242234,,,,true,,POST,PGR_Resolve,HTTP/2.0,main,,200,,tls1.3,PGR_Resolve,,
http_req_blocked,1787520265,0.000411,,,,true,,POST,PGR_Resolve,HTTP/2.0,main,,200,,tls1.3,PGR_Resolve,,
http_req_connecting,1787520265,0.000000,,,,true,,POST,PGR_Resolve,HTTP/2.0,main,,200,,tls1.3,PGR_Resolve,,
http_req_tls_handshaking,1787520265,0.000000,,,,true,,POST,PGR_Resolve,HTTP/2.0,main,,200,,tls1.3,PGR_Resolve,,
http_req_sending,1787520265,0.104018,,,,true,,POST,PGR_Resolve,HTTP/2.0,main,,200,,tls1.3,PGR_Resolve,,
http_req_waiting,1787520265,375.035790,,,,true,,POST,PGR_Resolve,HTTP/2.0,main,,200,,tls1.3,PGR_Resolve,,
http_req_receiving,1787520265,0.102426,,,,true,,POST,PGR_Resolve,HTTP/2.0,main,,200,,tls1.3,PGR_Resolve,,
http_req_failed,1787520265,0.000000,,,,true,,POST,PGR_Resolve,HTTP/2.0,main,,200,,tls1.3,PGR_Resolve,,
vus,1787520266,2.000000,,,,,,,,,,,,,,,,
vus_max,1787520266,2.000000,,,,,,,,,,,,,,,,
http_reqs,1787520267,1.000000,,,,true,,POST,PGR_Search,HTTP/2.0,main,,200,,tls1.3,PGR_Search,,
http_req_duration,1787520267,326.308385,,,,true,,POST,PGR_Search,HTTP/2.0,main,,200,,tls1.3,PGR_Search,,
http_req_blocked,1787520267,0.000280,,,,true,,POST,PGR_Search,HTTP/2.0,main,,200,,tls1.3,PGR_Search,,
http_req_connecting,1787520267,0.000000,,,,true,,POST,PGR_Search,HTTP/2.0,main,,200,,tls1.3,PGR_Search,,
http_req_tls_handshaking,1787520267,0.000000,,,,true,,POST,PGR_Search,HTTP/2.0,main,,200,,tls1.3,PGR_Search,,
http_req_sending,1787520267,0.097136,,,,true,,POST,PGR_Search,HTTP/2.0,main,,200,,tls1.3,PGR_Search,,
http_req_waiting,1787520267,326.149351,,,,true,,POST,PGR_Search,HTTP/2.0,main,,200,,tls1.3,PGR_Search,,
http_req_receiving,1787520267,0.061898,,,,true,,POST,PGR_Search,HTTP/2.0,main,,200,,tls1.3,PGR_Search,,
http_req_failed,1787520267,0.000000,,,,true,,POST,PGR_Search,HTTP/2.0,main,,200,,tls1.3,PGR_Search,,
transaction_duration,1787520267,9723.000000,,,,,,,,,main,,,,,,,
transaction_success,1787520267,1.000000,,,,,,,,,main,,,,,,,
data_sent,1787520267,14500.000000,,,,,,,,,main,,,,,,,
data_received,1787520267,18960.000000,,,,,,,,,main,,,,,,,
iteration_duration,1787520267,9722.483745,,,,,,,,,main,,,,,,,
iterations,1787520267,1.000000,,,,,,,,,main,,,,,,,
vus,1787520267,2.000000,,,,,,,,,,,,,,,,
vus_max,1787520267,2.000000,,,,,,,,,,,,,,,,
http_reqs,1787520267,1.000000,,,,true,,POST,PGR_Search,HTTP/2.0,main,,200,,tls1.3,PGR_Search,,
http_req_duration,1787520267,309.422996,,,,true,,POST,PGR_Search,HTTP/2.0,main,,200,,tls1.3,PGR_Search,,
http_req_blocked,1787520267,0.000351,,,,true,,POST,PGR_Search,HTTP/2.0,main,,200,,tls1.3,PGR_Search,,
http_req_connecting,1787520267,0.000000,,,,true,,POST,PGR_Search,HTTP/2.0,main,,200,,tls1.3,PGR_Search,,
http_req_tls_handshaking,1787520267,0.000000,,,,true,,POST,PGR_Search,HTTP/2.0,main,,200,,tls1.3,PGR_Search,,
http_req_sending,1787520267,0.115520,,,,true,,POST,PGR_Search,HTTP/2.0,main,,200,,tls1.3,PGR_Search,,
http_req_waiting,1787520267,309.258182,,,,true,,POST,PGR_Search,HTTP/2.0,main,,200,,tls1.3,PGR_Search,,
http_req_receiving,1787520267,0.049294,,,,true,,POST,PGR_Search,HTTP/2.0,main,,200,,tls1.3,PGR_Search,,
http_req_failed,1787520267,0.000000,,,,true,,POST,PGR_Search,HTTP/2.0,main,,200,,tls1.3,PGR_Search,,
transaction_duration,1787520267,11684.000000,,,,,,,,,main,,,,,,,
transaction_success,1787520267,1.000000,,,,,,,,,main,,,,,,,
data_sent,1787520267,14316.000000,,,,,,,,,main,,,,,,,
data_received,1787520267,18703.000000,,,,,,,,,main,,,,,,,
iteration_duration,1787520267,11684.092348,,,,,,,,,main,,,,,,,
iterations,1787520267,1.000000,,,,,,,,,main,,,,,,,
vus,1787520268,2.000000,,,,,,,,,,,,,,,,
vus_max,1787520268,2.000000,,,,,,,,,,,,,,,,
http_reqs,1787520268,1.000000,,,,true,,POST,PGR_Create,HTTP/2.0,main,,200,,tls1.3,PGR_Create,,
http_req_duration,1787520268,386.637304,,,,true,,POST,PGR_Create,HTTP/2.0,main,,200,,tls1.3,PGR_Create,,
http_req_blocked,1787520268,0.000621,,,,true,,POST,PGR_Create,HTTP/2.0,main,,200,,tls1.3,PGR_Create,,
http_req_connecting,1787520268,0.000000,,,,true,,POST,PGR_Create,HTTP/2.0,main,,200,,tls1.3,PGR_Create,,
http_req_tls_handshaking,1787520268,0.000000,,,,true,,POST,PGR_Create,HTTP/2.0,main,,200,,tls1.3,PGR_Create,,
http_req_sending,1787520268,0.107565,,,,true,,POST,PGR_Create,HTTP/2.0,main,,200,,tls1.3,PGR_Create,,
http_req_waiting,1787520268,386.456389,,,,true,,POST,PGR_Create,HTTP/2.0,main,,200,,tls1.3,PGR_Create,,
http_req_receiving,1787520268,0.073350,,,,true,,POST,PGR_Create,HTTP/2.0,main,,200,,tls1.3,PGR_Create,,
http_req_failed,1787520268,0.000000,,,,true,,POST,PGR_Create,HTTP/2.0,main,,200,,tls1.3,PGR_Create,,
vus,1787520269,2.000000,,,,,,,,,,,,,,,,
vus_max,1787520269,2.000000,,,,,,,,,,,,,,,,
vus,1787520270,2.000000,,,,,,,,,,,,,,,,
vus_max,1787520270,2.000000,,,,,,,,,,,,,,,,
http_reqs,1787520270,1.000000,,,,true,,POST,PGR_Create,HTTP/2.0,main,,200,,tls1.3,PGR_Create,,
http_req_duration,1787520270,402.042789,,,,true,,POST,PGR_Create,HTTP/2.0,main,,200,,tls1.3,PGR_Create,,
http_req_blocked,1787520270,0.000320,,,,true,,POST,PGR_Create,HTTP/2.0,main,,200,,tls1.3,PGR_Create,,
http_req_connecting,1787520270,0.000000,,,,true,,POST,PGR_Create,HTTP/2.0,main,,200,,tls1.3,PGR_Create,,
http_req_tls_handshaking,1787520270,0.000000,,,,true,,POST,PGR_Create,HTTP/2.0,main,,200,,tls1.3,PGR_Create,,
http_req_sending,1787520270,0.101283,,,,true,,POST,PGR_Create,HTTP/2.0,main,,200,,tls1.3,PGR_Create,,
http_req_waiting,1787520270,401.856364,,,,true,,POST,PGR_Create,HTTP/2.0,main,,200,,tls1.3,PGR_Create,,
http_req_receiving,1787520270,0.085142,,,,true,,POST,PGR_Create,HTTP/2.0,main,,200,,tls1.3,PGR_Create,,
http_req_failed,1787520270,0.000000,,,,true,,POST,PGR_Create,HTTP/2.0,main,,200,,tls1.3,PGR_Create,,
http_reqs,1787520271,1.000000,,,,true,,POST,PGR_Assign,HTTP/2.0,main,,200,,tls1.3,PGR_Assign,,
http_req_duration,1787520271,381.079212,,,,true,,POST,PGR_Assign,HTTP/2.0,main,,200,,tls1.3,PGR_Assign,,
http_req_blocked,1787520271,0.000331,,,,true,,POST,PGR_Assign,HTTP/2.0,main,,200,,tls1.3,PGR_Assign,,
http_req_connecting,1787520271,0.000000,,,,true,,POST,PGR_Assign,HTTP/2.0,main,,200,,tls1.3,PGR_Assign,,
http_req_tls_handshaking,1787520271,0.000000,,,,true,,POST,PGR_Assign,HTTP/2.0,main,,200,,tls1.3,PGR_Assign,,
http_req_sending,1787520271,0.128374,,,,true,,POST,PGR_Assign,HTTP/2.0,main,,200,,tls1.3,PGR_Assign,,
http_req_waiting,1787520271,380.828885,,,,true,,POST,PGR_Assign,HTTP/2.0,main,,200,,tls1.3,PGR_Assign,,
http_req_receiving,1787520271,0.121953,,,,true,,POST,PGR_Assign,HTTP/2.0,main,,200,,tls1.3,PGR_Assign,,
http_req_failed,1787520271,0.000000,,,,true,,POST,PGR_Assign,HTTP/2.0,main,,200,,tls1.3,PGR_Assign,,
vus,1787520271,2.000000,,,,,,,,,,,,,,,,
vus_max,1787520271,2.000000,,,,,,,,,,,,,,,,
vus,1787520272,2.000000,,,,,,,,,,,,,,,,
vus_max,1787520272,2.000000,,,,,,,,,,,,,,,,
http_reqs,1787520273,1.000000,,,,true,,POST,PGR_Resolve,HTTP/2.0,main,,200,,tls1.3,PGR_Resolve,,
http_req_duration,1787520273,396.248214,,,,true,,POST,PGR_Resolve,HTTP/2.0,main,,200,,tls1.3,PGR_Resolve,,
http_req_blocked,1787520273,0.000331,,,,true,,POST,PGR_Resolve,HTTP/2.0,main,,200,,tls1.3,PGR_Resolve,,
http_req_connecting,1787520273,0.000000,,,,true,,POST,PGR_Resolve,HTTP/2.0,main,,200,,tls1.3,PGR_Resolve,,
http_req_tls_handshaking,1787520273,0.000000,,,,true,,POST,PGR_Resolve,HTTP/2.0,main,,200,,tls1.3,PGR_Resolve,,
http_req_sending,1787520273,0.175525,,,,true,,POST,PGR_Resolve,HTTP/2.0,main,,200,,tls1.3,PGR_Resolve,,
http_req_waiting,1787520273,395.997635,,,,true,,POST,PGR_Resolve,HTTP/2.0,main,,200,,tls1.3,PGR_Resolve,,
http_req_receiving,1787520273,0.075054,,,,true,,POST,PGR_Resolve,HTTP/2.0,main,,200,,tls1.3,PGR_Resolve,,
http_req_failed,1787520273,0.000000,,,,true,,POST,PGR_Resolve,HTTP/2.0,main,,200,,tls1.3,PGR_Resolve,,
vus,1787520273,2.000000,,,,,,,,,,,,,,,,
vus_max,1787520273,2.000000,,,,,,,,,,,,,,,,
http_reqs,1787520273,1.000000,,,,true,,POST,PGR_Assign,HTTP/2.0,main,,200,,tls1.3,PGR_Assign,,
http_req_duration,1787520273,348.990379,,,,true,,POST,PGR_Assign,HTTP/2.0,main,,200,,tls1.3,PGR_Assign,,
http_req_blocked,1787520273,0.000381,,,,true,,POST,PGR_Assign,HTTP/2.0,main,,200,,tls1.3,PGR_Assign,,
http_req_connecting,1787520273,0.000000,,,,true,,POST,PGR_Assign,HTTP/2.0,main,,200,,tls1.3,PGR_Assign,,
http_req_tls_handshaking,1787520273,0.000000,,,,true,,POST,PGR_Assign,HTTP/2.0,main,,200,,tls1.3,PGR_Assign,,
http_req_sending,1787520273,0.103748,,,,true,,POST,PGR_Assign,HTTP/2.0,main,,200,,tls1.3,PGR_Assign,,
http_req_waiting,1787520273,348.812019,,,,true,,POST,PGR_Assign,HTTP/2.0,main,,200,,tls1.3,PGR_Assign,,
http_req_receiving,1787520273,0.074612,,,,true,,POST,PGR_Assign,HTTP/2.0,main,,200,,tls1.3,PGR_Assign,,
http_req_failed,1787520273,0.000000,,,,true,,POST,PGR_Assign,HTTP/2.0,main,,200,,tls1.3,PGR_Assign,,
vus,1787520274,2.000000,,,,,,,,,,,,,,,,
vus_max,1787520274,2.000000,,,,,,,,,,,,,,,,
vus,1787520275,2.000000,,,,,,,,,,,,,,,,
vus_max,1787520275,2.000000,,,,,,,,,,,,,,,,
http_reqs,1787520275,1.000000,,,,true,,POST,PGR_Search,HTTP/2.0,main,,200,,tls1.3,PGR_Search,,
http_req_duration,1787520275,323.220448,,,,true,,POST,PGR_Search,HTTP/2.0,main,,200,,tls1.3,PGR_Search,,
http_req_blocked,1787520275,0.000321,,,,true,,POST,PGR_Search,HTTP/2.0,main,,200,,tls1.3,PGR_Search,,
http_req_connecting,1787520275,0.000000,,,,true,,POST,PGR_Search,HTTP/2.0,main,,200,,tls1.3,PGR_Search,,
http_req_tls_handshaking,1787520275,0.000000,,,,true,,POST,PGR_Search,HTTP/2.0,main,,200,,tls1.3,PGR_Search,,
http_req_sending,1787520275,0.109960,,,,true,,POST,PGR_Search,HTTP/2.0,main,,200,,tls1.3,PGR_Search,,
http_req_waiting,1787520275,322.981843,,,,true,,POST,PGR_Search,HTTP/2.0,main,,200,,tls1.3,PGR_Search,,
http_req_receiving,1787520275,0.128645,,,,true,,POST,PGR_Search,HTTP/2.0,main,,200,,tls1.3,PGR_Search,,
http_req_failed,1787520275,0.000000,,,,true,,POST,PGR_Search,HTTP/2.0,main,,200,,tls1.3,PGR_Search,,
transaction_duration,1787520275,8268.000000,,,,,,,,,main,,,,,,,
transaction_success,1787520275,1.000000,,,,,,,,,main,,,,,,,
data_sent,1787520275,14398.000000,,,,,,,,,main,,,,,,,
data_received,1787520275,18858.000000,,,,,,,,,main,,,,,,,
iteration_duration,1787520275,8268.039422,,,,,,,,,main,,,,,,,
iterations,1787520275,1.000000,,,,,,,,,main,,,,,,,
http_reqs,1787520275,1.000000,,,,true,,POST,PGR_Resolve,HTTP/2.0,main,,200,,tls1.3,PGR_Resolve,,
http_req_duration,1787520275,384.777562,,,,true,,POST,PGR_Resolve,HTTP/2.0,main,,200,,tls1.3,PGR_Resolve,,
http_req_blocked,1787520275,0.000321,,,,true,,POST,PGR_Resolve,HTTP/2.0,main,,200,,tls1.3,PGR_Resolve,,
http_req_connecting,1787520275,0.000000,,,,true,,POST,PGR_Resolve,HTTP/2.0,main,,200,,tls1.3,PGR_Resolve,,
http_req_tls_handshaking,1787520275,0.000000,,,,true,,POST,PGR_Resolve,HTTP/2.0,main,,200,,tls1.3,PGR_Resolve,,
http_req_sending,1787520275,0.068390,,,,true,,POST,PGR_Resolve,HTTP/2.0,main,,200,,tls1.3,PGR_Resolve,,
http_req_waiting,1787520275,384.631203,,,,true,,POST,PGR_Resolve,HTTP/2.0,main,,200,,tls1.3,PGR_Resolve,,
http_req_receiving,1787520275,0.077969,,,,true,,POST,PGR_Resolve,HTTP/2.0,main,,200,,tls1.3,PGR_Resolve,,
http_req_failed,1787520275,0.000000,,,,true,,POST,PGR_Resolve,HTTP/2.0,main,,200,,tls1.3,PGR_Resolve,,
vus,1787520276,2.000000,,,,,,,,,,,,,,,,
vus_max,1787520276,2.000000,,,,,,,,,,,,,,,,
vus,1787520277,2.000000,,,,,,,,,,,,,,,,
vus_max,1787520277,2.000000,,,,,,,,,,,,,,,,
http_reqs,1787520277,1.000000,,,,true,,POST,PGR_Create,HTTP/2.0,main,,200,,tls1.3,PGR_Create,,
http_req_duration,1787520277,390.035350,,,,true,,POST,PGR_Create,HTTP/2.0,main,,200,,tls1.3,PGR_Create,,
http_req_blocked,1787520277,0.000431,,,,true,,POST,PGR_Create,HTTP/2.0,main,,200,,tls1.3,PGR_Create,,
http_req_connecting,1787520277,0.000000,,,,true,,POST,PGR_Create,HTTP/2.0,main,,200,,tls1.3,PGR_Create,,
http_req_tls_handshaking,1787520277,0.000000,,,,true,,POST,PGR_Create,HTTP/2.0,main,,200,,tls1.3,PGR_Create,,
http_req_sending,1787520277,0.101744,,,,true,,POST,PGR_Create,HTTP/2.0,main,,200,,tls1.3,PGR_Create,,
http_req_waiting,1787520277,389.868622,,,,true,,POST,PGR_Create,HTTP/2.0,main,,200,,tls1.3,PGR_Create,,
http_req_receiving,1787520277,0.064984,,,,true,,POST,PGR_Create,HTTP/2.0,main,,200,,tls1.3,PGR_Create,,
http_req_failed,1787520277,0.000000,,,,true,,POST,PGR_Create,HTTP/2.0,main,,200,,tls1.3,PGR_Create,,
vus,1787520278,2.000000,,,,,,,,,,,,,,,,
vus_max,1787520278,2.000000,,,,,,,,,,,,,,,,
http_reqs,1787520278,1.000000,,,,true,,POST,PGR_Search,HTTP/2.0,main,,200,,tls1.3,PGR_Search,,
http_req_duration,1787520278,328.004851,,,,true,,POST,PGR_Search,HTTP/2.0,main,,200,,tls1.3,PGR_Search,,
http_req_blocked,1787520278,0.000341,,,,true,,POST,PGR_Search,HTTP/2.0,main,,200,,tls1.3,PGR_Search,,
http_req_connecting,1787520278,0.000000,,,,true,,POST,PGR_Search,HTTP/2.0,main,,200,,tls1.3,PGR_Search,,
http_req_tls_handshaking,1787520278,0.000000,,,,true,,POST,PGR_Search,HTTP/2.0,main,,200,,tls1.3,PGR_Search,,
http_req_sending,1787520278,0.088017,,,,true,,POST,PGR_Search,HTTP/2.0,main,,200,,tls1.3,PGR_Search,,
http_req_waiting,1787520278,327.861368,,,,true,,POST,PGR_Search,HTTP/2.0,main,,200,,tls1.3,PGR_Search,,
http_req_receiving,1787520278,0.055466,,,,true,,POST,PGR_Search,HTTP/2.0,main,,200,,tls1.3,PGR_Search,,
http_req_failed,1787520278,0.000000,,,,true,,POST,PGR_Search,HTTP/2.0,main,,200,,tls1.3,PGR_Search,,
transaction_duration,1787520278,11470.000000,,,,,,,,,main,,,,,,,
transaction_success,1787520278,1.000000,,,,,,,,,main,,,,,,,
data_sent,1787520278,14421.000000,,,,,,,,,main,,,,,,,
data_received,1787520278,18745.000000,,,,,,,,,main,,,,,,,
iteration_duration,1787520278,11470.418870,,,,,,,,,main,,,,,,,
iterations,1787520278,1.000000,,,,,,,,,main,,,,,,,
vus,1787520279,2.000000,,,,,,,,,,,,,,,,
vus_max,1787520279,2.000000,,,,,,,,,,,,,,,,
http_reqs,1787520279,1.000000,,,,true,,POST,PGR_Assign,HTTP/2.0,main,,200,,tls1.3,PGR_Assign,,
http_req_duration,1787520279,391.452945,,,,true,,POST,PGR_Assign,HTTP/2.0,main,,200,,tls1.3,PGR_Assign,,
http_req_blocked,1787520279,0.000231,,,,true,,POST,PGR_Assign,HTTP/2.0,main,,200,,tls1.3,PGR_Assign,,
http_req_connecting,1787520279,0.000000,,,,true,,POST,PGR_Assign,HTTP/2.0,main,,200,,tls1.3,PGR_Assign,,
http_req_tls_handshaking,1787520279,0.000000,,,,true,,POST,PGR_Assign,HTTP/2.0,main,,200,,tls1.3,PGR_Assign,,
http_req_sending,1787520279,0.082477,,,,true,,POST,PGR_Assign,HTTP/2.0,main,,200,,tls1.3,PGR_Assign,,
http_req_waiting,1787520279,391.262703,,,,true,,POST,PGR_Assign,HTTP/2.0,main,,200,,tls1.3,PGR_Assign,,
http_req_receiving,1787520279,0.107765,,,,true,,POST,PGR_Assign,HTTP/2.0,main,,200,,tls1.3,PGR_Assign,,
http_req_failed,1787520279,0.000000,,,,true,,POST,PGR_Assign,HTTP/2.0,main,,200,,tls1.3,PGR_Assign,,
vus,1787520280,2.000000,,,,,,,,,,,,,,,,
vus_max,1787520280,2.000000,,,,,,,,,,,,,,,,
vus,1787520281,2.000000,,,,,,,,,,,,,,,,
vus_max,1787520281,2.000000,,,,,,,,,,,,,,,,
http_reqs,1787520281,1.000000,,,,true,,POST,PGR_Resolve,HTTP/2.0,main,,200,,tls1.3,PGR_Resolve,,
http_req_duration,1787520281,410.558142,,,,true,,POST,PGR_Resolve,HTTP/2.0,main,,200,,tls1.3,PGR_Resolve,,
http_req_blocked,1787520281,0.000331,,,,true,,POST,PGR_Resolve,HTTP/2.0,main,,200,,tls1.3,PGR_Resolve,,
http_req_connecting,1787520281,0.000000,,,,true,,POST,PGR_Resolve,HTTP/2.0,main,,200,,tls1.3,PGR_Resolve,,
http_req_tls_handshaking,1787520281,0.000000,,,,true,,POST,PGR_Resolve,HTTP/2.0,main,,200,,tls1.3,PGR_Resolve,,
http_req_sending,1787520281,0.105391,,,,true,,POST,PGR_Resolve,HTTP/2.0,main,,200,,tls1.3,PGR_Resolve,,
http_req_waiting,1787520281,410.391845,,,,true,,POST,PGR_Resolve,HTTP/2.0,main,,200,,tls1.3,PGR_Resolve,,
http_req_receiving,1787520281,0.060906,,,,true,,POST,PGR_Resolve,HTTP/2.0,main,,200,,tls1.3,PGR_Resolve,,
http_req_failed,1787520281,0.000000,,,,true,,POST,PGR_Resolve,HTTP/2.0,main,,200,,tls1.3,PGR_Resolve,,
http_reqs,1787520281,1.000000,,,,true,,POST,PGR_Create,HTTP/2.0,main,,200,,tls1.3,PGR_Create,,
http_req_duration,1787520281,410.673402,,,,true,,POST,PGR_Create,HTTP/2.0,main,,200,,tls1.3,PGR_Create,,
http_req_blocked,1787520281,0.000440,,,,true,,POST,PGR_Create,HTTP/2.0,main,,200,,tls1.3,PGR_Create,,
http_req_connecting,1787520281,0.000000,,,,true,,POST,PGR_Create,HTTP/2.0,main,,200,,tls1.3,PGR_Create,,
http_req_tls_handshaking,1787520281,0.000000,,,,true,,POST,PGR_Create,HTTP/2.0,main,,200,,tls1.3,PGR_Create,,
http_req_sending,1787520281,0.094090,,,,true,,POST,PGR_Create,HTTP/2.0,main,,200,,tls1.3,PGR_Create,,
http_req_waiting,1787520281,410.461367,,,,true,,POST,PGR_Create,HTTP/2.0,main,,200,,tls1.3,PGR_Create,,
http_req_receiving,1787520281,0.117945,,,,true,,POST,PGR_Create,HTTP/2.0,main,,200,,tls1.3,PGR_Create,,
http_req_failed,1787520281,0.000000,,,,true,,POST,PGR_Create,HTTP/2.0,main,,200,,tls1.3,PGR_Create,,
vus,1787520282,2.000000,,,,,,,,,,,,,,,,
vus_max,1787520282,2.000000,,,,,,,,,,,,,,,,
vus,1787520283,2.000000,,,,,,,,,,,,,,,,
vus_max,1787520283,2.000000,,,,,,,,,,,,,,,,
http_reqs,1787520283,1.000000,,,,true,,POST,PGR_Assign,HTTP/2.0,main,,200,,tls1.3,PGR_Assign,,
http_req_duration,1787520283,388.216324,,,,true,,POST,PGR_Assign,HTTP/2.0,main,,200,,tls1.3,PGR_Assign,,
http_req_blocked,1787520283,0.000561,,,,true,,POST,PGR_Assign,HTTP/2.0,main,,200,,tls1.3,PGR_Assign,,
http_req_connecting,1787520283,0.000000,,,,true,,POST,PGR_Assign,HTTP/2.0,main,,200,,tls1.3,PGR_Assign,,
http_req_tls_handshaking,1787520283,0.000000,,,,true,,POST,PGR_Assign,HTTP/2.0,main,,200,,tls1.3,PGR_Assign,,
http_req_sending,1787520283,0.111082,,,,true,,POST,PGR_Assign,HTTP/2.0,main,,200,,tls1.3,PGR_Assign,,
http_req_waiting,1787520283,388.042843,,,,true,,POST,PGR_Assign,HTTP/2.0,main,,200,,tls1.3,PGR_Assign,,
http_req_receiving,1787520283,0.062399,,,,true,,POST,PGR_Assign,HTTP/2.0,main,,200,,tls1.3,PGR_Assign,,
http_req_failed,1787520283,0.000000,,,,true,,POST,PGR_Assign,HTTP/2.0,main,,200,,tls1.3,PGR_Assign,,
http_reqs,1787520284,1.000000,,,,true,,POST,PGR_Search,HTTP/2.0,main,,200,,tls1.3,PGR_Search,,
http_req_duration,1787520284,317.276389,,,,true,,POST,PGR_Search,HTTP/2.0,main,,200,,tls1.3,PGR_Search,,
http_req_blocked,1787520284,0.000281,,,,true,,POST,PGR_Search,HTTP/2.0,main,,200,,tls1.3,PGR_Search,,
http_req_connecting,1787520284,0.000000,,,,true,,POST,PGR_Search,HTTP/2.0,main,,200,,tls1.3,PGR_Search,,
http_req_tls_handshaking,1787520284,0.000000,,,,true,,POST,PGR_Search,HTTP/2.0,main,,200,,tls1.3,PGR_Search,,
http_req_sending,1787520284,0.075584,,,,true,,POST,PGR_Search,HTTP/2.0,main,,200,,tls1.3,PGR_Search,,
http_req_waiting,1787520284,317.152493,,,,true,,POST,PGR_Search,HTTP/2.0,main,,200,,tls1.3,PGR_Search,,
http_req_receiving,1787520284,0.048312,,,,true,,POST,PGR_Search,HTTP/2.0,main,,200,,tls1.3,PGR_Search,,
http_req_failed,1787520284,0.000000,,,,true,,POST,PGR_Search,HTTP/2.0,main,,200,,tls1.3,PGR_Search,,
transaction_duration,1787520284,8523.000000,,,,,,,,,main,,,,,,,
transaction_success,1787520284,1.000000,,,,,,,,,main,,,,,,,
data_sent,1787520284,14340.000000,,,,,,,,,main,,,,,,,
data_received,1787520284,18788.000000,,,,,,,,,main,,,,,,,
iteration_duration,1787520284,8523.160094,,,,,,,,,main,,,,,,,
iterations,1787520284,1.000000,,,,,,,,,main,,,,,,,
vus,1787520284,2.000000,,,,,,,,,,,,,,,,
vus_max,1787520284,2.000000,,,,,,,,,,,,,,,,
vus,1787520285,2.000000,,,,,,,,,,,,,,,,
vus_max,1787520285,2.000000,,,,,,,,,,,,,,,,
http_reqs,1787520285,1.000000,,,,true,,POST,PGR_Resolve,HTTP/2.0,main,,200,,tls1.3,PGR_Resolve,,
http_req_duration,1787520285,395.456220,,,,true,,POST,PGR_Resolve,HTTP/2.0,main,,200,,tls1.3,PGR_Resolve,,
http_req_blocked,1787520285,0.000561,,,,true,,POST,PGR_Resolve,HTTP/2.0,main,,200,,tls1.3,PGR_Resolve,,
http_req_connecting,1787520285,0.000000,,,,true,,POST,PGR_Resolve,HTTP/2.0,main,,200,,tls1.3,PGR_Resolve,,
http_req_tls_handshaking,1787520285,0.000000,,,,true,,POST,PGR_Resolve,HTTP/2.0,main,,200,,tls1.3,PGR_Resolve,,
http_req_sending,1787520285,0.103608,,,,true,,POST,PGR_Resolve,HTTP/2.0,main,,200,,tls1.3,PGR_Resolve,,
http_req_waiting,1787520285,395.279142,,,,true,,POST,PGR_Resolve,HTTP/2.0,main,,200,,tls1.3,PGR_Resolve,,
http_req_receiving,1787520285,0.073470,,,,true,,POST,PGR_Resolve,HTTP/2.0,main,,200,,tls1.3,PGR_Resolve,,
http_req_failed,1787520285,0.000000,,,,true,,POST,PGR_Resolve,HTTP/2.0,main,,200,,tls1.3,PGR_Resolve,,
vus,1787520286,2.000000,,,,,,,,,,,,,,,,
vus_max,1787520286,2.000000,,,,,,,,,,,,,,,,
http_reqs,1787520286,1.000000,,,,true,,POST,PGR_Create,HTTP/2.0,main,,200,,tls1.3,PGR_Create,,
http_req_duration,1787520286,410.078482,,,,true,,POST,PGR_Create,HTTP/2.0,main,,200,,tls1.3,PGR_Create,,
http_req_blocked,1787520286,0.000321,,,,true,,POST,PGR_Create,HTTP/2.0,main,,200,,tls1.3,PGR_Create,,
http_req_connecting,1787520286,0.000000,,,,true,,POST,PGR_Create,HTTP/2.0,main,,200,,tls1.3,PGR_Create,,
http_req_tls_handshaking,1787520286,0.000000,,,,true,,POST,PGR_Create,HTTP/2.0,main,,200,,tls1.3,PGR_Create,,
http_req_sending,1787520286,0.101624,,,,true,,POST,PGR_Create,HTTP/2.0,main,,200,,tls1.3,PGR_Create,,
http_req_waiting,1787520286,409.848373,,,,true,,POST,PGR_Create,HTTP/2.0,main,,200,,tls1.3,PGR_Create,,
http_req_receiving,1787520286,0.128485,,,,true,,POST,PGR_Create,HTTP/2.0,main,,200,,tls1.3,PGR_Create,,
http_req_failed,1787520286,0.000000,,,,true,,POST,PGR_Create,HTTP/2.0,main,,200,,tls1.3,PGR_Create,,
vus,1787520287,2.000000,,,,,,,,,,,,,,,,
vus_max,1787520287,2.000000,,,,,,,,,,,,,,,,
http_reqs,1787520287,1.000000,,,,true,,POST,PGR_Search,HTTP/2.0,main,,200,,tls1.3,PGR_Search,,
http_req_duration,1787520287,327.810785,,,,true,,POST,PGR_Search,HTTP/2.0,main,,200,,tls1.3,PGR_Search,,
http_req_blocked,1787520287,0.000321,,,,true,,POST,PGR_Search,HTTP/2.0,main,,200,,tls1.3,PGR_Search,,
http_req_connecting,1787520287,0.000000,,,,true,,POST,PGR_Search,HTTP/2.0,main,,200,,tls1.3,PGR_Search,,
http_req_tls_handshaking,1787520287,0.000000,,,,true,,POST,PGR_Search,HTTP/2.0,main,,200,,tls1.3,PGR_Search,,
http_req_sending,1787520287,0.097566,,,,true,,POST,PGR_Search,HTTP/2.0,main,,200,,tls1.3,PGR_Search,,
http_req_waiting,1787520287,327.664506,,,,true,,POST,PGR_Search,HTTP/2.0,main,,200,,tls1.3,PGR_Search,,
http_req_receiving,1787520287,0.048713,,,,true,,POST,PGR_Search,HTTP/2.0,main,,200,,tls1.3,PGR_Search,,
http_req_failed,1787520287,0.000000,,,,true,,POST,PGR_Search,HTTP/2.0,main,,200,,tls1.3,PGR_Search,,
transaction_duration,1787520287,9032.000000,,,,,,,,,main,,,,,,,
transaction_success,1787520287,1.000000,,,,,,,,,main,,,,,,,
data_sent,1787520287,14360.000000,,,,,,,,,main,,,,,,,
data_received,1787520287,18747.000000,,,,,,,,,main,,,,,,,
iteration_duration,1787520287,9032.090778,,,,,,,,,main,,,,,,,
iterations,1787520287,1.000000,,,,,,,,,main,,,,,,,
vus,1787520288,2.000000,,,,,,,,,,,,,,,,
vus_max,1787520288,2.000000,,,,,,,,,,,,,,,,
vus,1787520289,2.000000,,,,,,,,,,,,,,,,
vus_max,1787520289,2.000000,,,,,,,,,,,,,,,,
http_reqs,1787520289,1.000000,,,,true,,POST,PGR_Create,HTTP/2.0,main,,200,,tls1.3,PGR_Create,,
http_req_duration,1787520289,456.099775,,,,true,,POST,PGR_Create,HTTP/2.0,main,,200,,tls1.3,PGR_Create,,
http_req_blocked,1787520289,0.000481,,,,true,,POST,PGR_Create,HTTP/2.0,main,,200,,tls1.3,PGR_Create,,
http_req_connecting,1787520289,0.000000,,,,true,,POST,PGR_Create,HTTP/2.0,main,,200,,tls1.3,PGR_Create,,
http_req_tls_handshaking,1787520289,0.000000,,,,true,,POST,PGR_Create,HTTP/2.0,main,,200,,tls1.3,PGR_Create,,
http_req_sending,1787520289,0.060696,,,,true,,POST,PGR_Create,HTTP/2.0,main,,200,,tls1.3,PGR_Create,,
http_req_waiting,1787520289,455.962673,,,,true,,POST,PGR_Create,HTTP/2.0,main,,200,,tls1.3,PGR_Create,,
http_req_receiving,1787520289,0.076406,,,,true,,POST,PGR_Create,HTTP/2.0,main,,200,,tls1.3,PGR_Create,,
http_req_failed,1787520289,0.000000,,,,true,,POST,PGR_Create,HTTP/2.0,main,,200,,tls1.3,PGR_Create,,
http_reqs,1787520289,1.000000,,,,true,,POST,PGR_Assign,HTTP/2.0,main,,200,,tls1.3,PGR_Assign,,
http_req_duration,1787520289,384.443990,,,,true,,POST,PGR_Assign,HTTP/2.0,main,,200,,tls1.3,PGR_Assign,,
http_req_blocked,1787520289,0.000501,,,,true,,POST,PGR_Assign,HTTP/2.0,main,,200,,tls1.3,PGR_Assign,,
http_req_connecting,1787520289,0.000000,,,,true,,POST,PGR_Assign,HTTP/2.0,main,,200,,tls1.3,PGR_Assign,,
http_req_tls_handshaking,1787520289,0.000000,,,,true,,POST,PGR_Assign,HTTP/2.0,main,,200,,tls1.3,PGR_Assign,,
http_req_sending,1787520289,0.073961,,,,true,,POST,PGR_Assign,HTTP/2.0,main,,200,,tls1.3,PGR_Assign,,
http_req_waiting,1787520289,384.288283,,,,true,,POST,PGR_Assign,HTTP/2.0,main,,200,,tls1.3,PGR_Assign,,
http_req_receiving,1787520289,0.081746,,,,true,,POST,PGR_Assign,HTTP/2.0,main,,200,,tls1.3,PGR_Assign,,
http_req_failed,1787520289,0.000000,,,,true,,POST,PGR_Assign,HTTP/2.0,main,,200,,tls1.3,PGR_Assign,,
vus,1787520290,2.000000,,,,,,,,,,,,,,,,
vus_max,1787520290,2.000000,,,,,,,,,,,,,,,,
vus,1787520291,2.000000,,,,,,,,,,,,,,,,
vus_max,1787520291,2.000000,,,,,,,,,,,,,,,,
http_reqs,1787520291,1.000000,,,,true,,POST,PGR_Assign,HTTP/2.0,main,,200,,tls1.3,PGR_Assign,,
http_req_duration,1787520291,385.680659,,,,true,,POST,PGR_Assign,HTTP/2.0,main,,200,,tls1.3,PGR_Assign,,
http_req_blocked,1787520291,0.000652,,,,true,,POST,PGR_Assign,HTTP/2.0,main,,200,,tls1.3,PGR_Assign,,
http_req_connecting,1787520291,0.000000,,,,true,,POST,PGR_Assign,HTTP/2.0,main,,200,,tls1.3,PGR_Assign,,
http_req_tls_handshaking,1787520291,0.000000,,,,true,,POST,PGR_Assign,HTTP/2.0,main,,200,,tls1.3,PGR_Assign,,
http_req_sending,1787520291,0.106402,,,,true,,POST,PGR_Assign,HTTP/2.0,main,,200,,tls1.3,PGR_Assign,,
http_req_waiting,1787520291,385.476741,,,,true,,POST,PGR_Assign,HTTP/2.0,main,,200,,tls1.3,PGR_Assign,,
http_req_receiving,1787520291,0.097516,,,,true,,POST,PGR_Assign,HTTP/2.0,main,,200,,tls1.3,PGR_Assign,,
http_req_failed,1787520291,0.000000,,,,true,,POST,PGR_Assign,HTTP/2.0,main,,200,,tls1.3,PGR_Assign,,
http_reqs,1787520291,1.000000,,,,true,,POST,PGR_Resolve,HTTP/2.0,main,,200,,tls1.3,PGR_Resolve,,
http_req_duration,1787520291,361.194544,,,,true,,POST,PGR_Resolve,HTTP/2.0,main,,200,,tls1.3,PGR_Resolve,,
http_req_blocked,1787520291,0.000310,,,,true,,POST,PGR_Resolve,HTTP/2.0,main,,200,,tls1.3,PGR_Resolve,,
http_req_connecting,1787520291,0.000000,,,,true,,POST,PGR_Resolve,HTTP/2.0,main,,200,,tls1.3,PGR_Resolve,,
http_req_tls_handshaking,1787520291,0.000000,,,,true,,POST,PGR_Resolve,HTTP/2.0,main,,200,,tls1.3,PGR_Resolve,,
http_req_sending,1787520291,0.100452,,,,true,,POST,PGR_Resolve,HTTP/2.0,main,,200,,tls1.3,PGR_Resolve,,
http_req_waiting,1787520291,361.021734,,,,true,,POST,PGR_Resolve,HTTP/2.0,main,,200,,tls1.3,PGR_Resolve,,
http_req_receiving,1787520291,0.072358,,,,true,,POST,PGR_Resolve,HTTP/2.0,main,,200,,tls1.3,PGR_Resolve,,
http_req_failed,1787520291,0.000000,,,,true,,POST,PGR_Resolve,HTTP/2.0,main,,200,,tls1.3,PGR_Resolve,,
vus,1787520292,2.000000,,,,,,,,,,,,,,,,
vus_max,1787520292,2.000000,,,,,,,,,,,,,,,,
vus,1787520293,2.000000,,,,,,,,,,,,,,,,
vus_max,1787520293,2.000000,,,,,,,,,,,,,,,,
http_reqs,1787520293,1.000000,,,,true,,POST,PGR_Resolve,HTTP/2.0,main,,200,,tls1.3,PGR_Resolve,,
http_req_duration,1787520293,361.193834,,,,true,,POST,PGR_Resolve,HTTP/2.0,main,,200,,tls1.3,PGR_Resolve,,
http_req_blocked,1787520293,0.000270,,,,true,,POST,PGR_Resolve,HTTP/2.0,main,,200,,tls1.3,PGR_Resolve,,
http_req_connecting,1787520293,0.000000,,,,true,,POST,PGR_Resolve,HTTP/2.0,main,,200,,tls1.3,PGR_Resolve,,
http_req_tls_handshaking,1787520293,0.000000,,,,true,,POST,PGR_Resolve,HTTP/2.0,main,,200,,tls1.3,PGR_Resolve,,
http_req_sending,1787520293,0.114659,,,,true,,POST,PGR_Resolve,HTTP/2.0,main,,200,,tls1.3,PGR_Resolve,,
http_req_waiting,1787520293,360.038801,,,,true,,POST,PGR_Resolve,HTTP/2.0,main,,200,,tls1.3,PGR_Resolve,,
http_req_receiving,1787520293,1.040374,,,,true,,POST,PGR_Resolve,HTTP/2.0,main,,200,,tls1.3,PGR_Resolve,,
http_req_failed,1787520293,0.000000,,,,true,,POST,PGR_Resolve,HTTP/2.0,main,,200,,tls1.3,PGR_Resolve,,
vus,1787520294,2.000000,,,,,,,,,,,,,,,,
vus_max,1787520294,2.000000,,,,,,,,,,,,,,,,
http_reqs,1787520294,1.000000,,,,true,,POST,PGR_Search,HTTP/2.0,main,,200,,tls1.3,PGR_Search,,
http_req_duration,1787520294,335.360886,,,,true,,POST,PGR_Search,HTTP/2.0,main,,200,,tls1.3,PGR_Search,,
http_req_blocked,1787520294,0.000341,,,,true,,POST,PGR_Search,HTTP/2.0,main,,200,,tls1.3,PGR_Search,,
http_req_connecting,1787520294,0.000000,,,,true,,POST,PGR_Search,HTTP/2.0,main,,200,,tls1.3,PGR_Search,,
http_req_tls_handshaking,1787520294,0.000000,,,,true,,POST,PGR_Search,HTTP/2.0,main,,200,,tls1.3,PGR_Search,,
http_req_sending,1787520294,0.104870,,,,true,,POST,PGR_Search,HTTP/2.0,main,,200,,tls1.3,PGR_Search,,
http_req_waiting,1787520294,335.193717,,,,true,,POST,PGR_Search,HTTP/2.0,main,,200,,tls1.3,PGR_Search,,
http_req_receiving,1787520294,0.062299,,,,true,,POST,PGR_Search,HTTP/2.0,main,,200,,tls1.3,PGR_Search,,
http_req_failed,1787520294,0.000000,,,,true,,POST,PGR_Search,HTTP/2.0,main,,200,,tls1.3,PGR_Search,,
transaction_duration,1787520294,10262.000000,,,,,,,,,main,,,,,,,
transaction_success,1787520294,1.000000,,,,,,,,,main,,,,,,,
data_sent,1787520294,14454.000000,,,,,,,,,main,,,,,,,
data_received,1787520294,18899.000000,,,,,,,,,main,,,,,,,
iteration_duration,1787520294,10261.677821,,,,,,,,,main,,,,,,,
iterations,1787520294,1.000000,,,,,,,,,main,,,,,,,
http_reqs,1787520295,1.000000,,,,true,,POST,PGR_Search,HTTP/2.0,main,,200,,tls1.3,PGR_Search,,
http_req_duration,1787520295,324.785527,,,,true,,POST,PGR_Search,HTTP/2.0,main,,200,,tls1.3,PGR_Search,,
http_req_blocked,1787520295,0.000331,,,,true,,POST,PGR_Search,HTTP/2.0,main,,200,,tls1.3,PGR_Search,,
http_req_connecting,1787520295,0.000000,,,,true,,POST,PGR_Search,HTTP/2.0,main,,200,,tls1.3,PGR_Search,,
http_req_tls_handshaking,1787520295,0.000000,,,,true,,POST,PGR_Search,HTTP/2.0,main,,200,,tls1.3,PGR_Search,,
http_req_sending,1787520295,0.106653,,,,true,,POST,PGR_Search,HTTP/2.0,main,,200,,tls1.3,PGR_Search,,
http_req_waiting,1787520295,324.600193,,,,true,,POST,PGR_Search,HTTP/2.0,main,,200,,tls1.3,PGR_Search,,
http_req_receiving,1787520295,0.078681,,,,true,,POST,PGR_Search,HTTP/2.0,main,,200,,tls1.3,PGR_Search,,
http_req_failed,1787520295,0.000000,,,,true,,POST,PGR_Search,HTTP/2.0,main,,200,,tls1.3,PGR_Search,,
transaction_duration,1787520295,7606.000000,,,,,,,,,main,,,,,,,
transaction_success,1787520295,1.000000,,,,,,,,,main,,,,,,,
data_sent,1787520295,14474.000000,,,,,,,,,main,,,,,,,
data_received,1787520295,18932.000000,,,,,,,,,main,,,,,,,
iteration_duration,1787520295,7605.452866,,,,,,,,,main,,,,,,,
iterations,1787520295,1.000000,,,,,,,,,main,,,,,,,
vus,1787520295,2.000000,,,,,,,,,,,,,,,,
vus_max,1787520295,2.000000,,,,,,,,,,,,,,,,
http_reqs,1787520295,1.000000,,,,true,,POST,PGR_Create,HTTP/2.0,main,,200,,tls1.3,PGR_Create,,
http_req_duration,1787520295,432.172197,,,,true,,POST,PGR_Create,HTTP/2.0,main,,200,,tls1.3,PGR_Create,,
http_req_blocked,1787520295,0.000361,,,,true,,POST,PGR_Create,HTTP/2.0,main,,200,,tls1.3,PGR_Create,,
http_req_connecting,1787520295,0.000000,,,,true,,POST,PGR_Create,HTTP/2.0,main,,200,,tls1.3,PGR_Create,,
http_req_tls_handshaking,1787520295,0.000000,,,,true,,POST,PGR_Create,HTTP/2.0,main,,200,,tls1.3,PGR_Create,,
http_req_sending,1787520295,0.102816,,,,true,,POST,PGR_Create,HTTP/2.0,main,,200,,tls1.3,PGR_Create,,
http_req_waiting,1787520295,431.977536,,,,true,,POST,PGR_Create,HTTP/2.0,main,,200,,tls1.3,PGR_Create,,
http_req_receiving,1787520295,0.091845,,,,true,,POST,PGR_Create,HTTP/2.0,main,,200,,tls1.3,PGR_Create,,
http_req_failed,1787520295,0.000000,,,,true,,POST,PGR_Create,HTTP/2.0,main,,200,,tls1.3,PGR_Create,,
vus,1787520296,2.000000,,,,,,,,,,,,,,,,
vus_max,1787520296,2.000000,,,,,,,,,,,,,,,,
vus,1787520297,2.000000,,,,,,,,,,,,,,,,
vus_max,1787520297,2.000000,,,,,,,,,,,,,,,,
http_reqs,1787520297,1.000000,,,,true,,POST,PGR_Create,HTTP/2.0,main,,200,,tls1.3,PGR_Create,,
http_req_duration,1787520297,404.940288,,,,true,,POST,PGR_Create,HTTP/2.0,main,,200,,tls1.3,PGR_Create,,
http_req_blocked,1787520297,0.000270,,,,true,,POST,PGR_Create,HTTP/2.0,main,,200,,tls1.3,PGR_Create,,
http_req_connecting,1787520297,0.000000,,,,true,,POST,PGR_Create,HTTP/2.0,main,,200,,tls1.3,PGR_Create,,
http_req_tls_handshaking,1787520297,0.000000,,,,true,,POST,PGR_Create,HTTP/2.0,main,,200,,tls1.3,PGR_Create,,
http_req_sending,1787520297,0.089371,,,,true,,POST,PGR_Create,HTTP/2.0,main,,200,,tls1.3,PGR_Create,,
http_req_waiting,1787520297,404.771536,,,,true,,POST,PGR_Create,HTTP/2.0,main,,200,,tls1.3,PGR_Create,,
http_req_receiving,1787520297,0.079381,,,,true,,POST,PGR_Create,HTTP/2.0,main,,200,,tls1.3,PGR_Create,,
http_req_failed,1787520297,0.000000,,,,true,,POST,PGR_Create,HTTP/2.0,main,,200,,tls1.3,PGR_Create,,
http_reqs,1787520298,1.000000,,,,true,,POST,PGR_Assign,HTTP/2.0,main,,200,,tls1.3,PGR_Assign,,
http_req_duration,1787520298,371.263226,,,,true,,POST,PGR_Assign,HTTP/2.0,main,,200,,tls1.3,PGR_Assign,,
http_req_blocked,1787520298,0.000451,,,,true,,POST,PGR_Assign,HTTP/2.0,main,,200,,tls1.3,PGR_Assign,,
http_req_connecting,1787520298,0.000000,,,,true,,POST,PGR_Assign,HTTP/2.0,main,,200,,tls1.3,PGR_Assign,,
http_req_tls_handshaking,1787520298,0.000000,,,,true,,POST,PGR_Assign,HTTP/2.0,main,,200,,tls1.3,PGR_Assign,,
http_req_sending,1787520298,0.107324,,,,true,,POST,PGR_Assign,HTTP/2.0,main,,200,,tls1.3,PGR_Assign,,
http_req_waiting,1787520298,371.076120,,,,true,,POST,PGR_Assign,HTTP/2.0,main,,200,,tls1.3,PGR_Assign,,
http_req_receiving,1787520298,0.079782,,,,true,,POST,PGR_Assign,HTTP/2.0,main,,200,,tls1.3,PGR_Assign,,
http_req_failed,1787520298,0.000000,,,,true,,POST,PGR_Assign,HTTP/2.0,main,,200,,tls1.3,PGR_Assign,,
vus,1787520298,2.000000,,,,,,,,,,,,,,,,
vus_max,1787520298,2.000000,,,,,,,,,,,,,,,,
vus,1787520299,2.000000,,,,,,,,,,,,,,,,
vus_max,1787520299,2.000000,,,,,,,,,,,,,,,,
http_reqs,1787520299,1.000000,,,,true,,POST,PGR_Resolve,HTTP/2.0,main,,200,,tls1.3,PGR_Resolve,,
http_req_duration,1787520299,361.672629,,,,true,,POST,PGR_Resolve,HTTP/2.0,main,,200,,tls1.3,PGR_Resolve,,
http_req_blocked,1787520299,0.000351,,,,true,,POST,PGR_Resolve,HTTP/2.0,main,,200,,tls1.3,PGR_Resolve,,
http_req_connecting,1787520299,0.000000,,,,true,,POST,PGR_Resolve,HTTP/2.0,main,,200,,tls1.3,PGR_Resolve,,
http_req_tls_handshaking,1787520299,0.000000,,,,true,,POST,PGR_Resolve,HTTP/2.0,main,,200,,tls1.3,PGR_Resolve,,
http_req_sending,1787520299,0.100752,,,,true,,POST,PGR_Resolve,HTTP/2.0,main,,200,,tls1.3,PGR_Resolve,,
http_req_waiting,1787520299,361.497676,,,,true,,POST,PGR_Resolve,HTTP/2.0,main,,200,,tls1.3,PGR_Resolve,,
http_req_receiving,1787520299,0.074201,,,,true,,POST,PGR_Resolve,HTTP/2.0,main,,200,,tls1.3,PGR_Resolve,,
http_req_failed,1787520299,0.000000,,,,true,,POST,PGR_Resolve,HTTP/2.0,main,,200,,tls1.3,PGR_Resolve,,
vus,1787520300,2.000000,,,,,,,,,,,,,,,,
vus_max,1787520300,2.000000,,,,,,,,,,,,,,,,
http_reqs,1787520300,1.000000,,,,true,,POST,PGR_Assign,HTTP/2.0,main,,200,,tls1.3,PGR_Assign,,
http_req_duration,1787520300,387.156600,,,,true,,POST,PGR_Assign,HTTP/2.0,main,,200,,tls1.3,PGR_Assign,,
http_req_blocked,1787520300,0.000280,,,,true,,POST,PGR_Assign,HTTP/2.0,main,,200,,tls1.3,PGR_Assign,,
http_req_connecting,1787520300,0.000000,,,,true,,POST,PGR_Assign,HTTP/2.0,main,,200,,tls1.3,PGR_Assign,,
http_req_tls_handshaking,1787520300,0.000000,,,,true,,POST,PGR_Assign,HTTP/2.0,main,,200,,tls1.3,PGR_Assign,,
http_req_sending,1787520300,0.096925,,,,true,,POST,PGR_Assign,HTTP/2.0,main,,200,,tls1.3,PGR_Assign,,
http_req_waiting,1787520300,386.967971,,,,true,,POST,PGR_Assign,HTTP/2.0,main,,200,,tls1.3,PGR_Assign,,
http_req_receiving,1787520300,0.091704,,,,true,,POST,PGR_Assign,HTTP/2.0,main,,200,,tls1.3,PGR_Assign,,
http_req_failed,1787520300,0.000000,,,,true,,POST,PGR_Assign,HTTP/2.0,main,,200,,tls1.3,PGR_Assign,,
vus,1787520301,2.000000,,,,,,,,,,,,,,,,
vus_max,1787520301,2.000000,,,,,,,,,,,,,,,,
http_reqs,1787520301,1.000000,,,,true,,POST,PGR_Search,HTTP/2.0,main,,200,,tls1.3,PGR_Search,,
http_req_duration,1787520301,323.926452,,,,true,,POST,PGR_Search,HTTP/2.0,main,,200,,tls1.3,PGR_Search,,
http_req_blocked,1787520301,0.000561,,,,true,,POST,PGR_Search,HTTP/2.0,main,,200,,tls1.3,PGR_Search,,
http_req_connecting,1787520301,0.000000,,,,true,,POST,PGR_Search,HTTP/2.0,main,,200,,tls1.3,PGR_Search,,
http_req_tls_handshaking,1787520301,0.000000,,,,true,,POST,PGR_Search,HTTP/2.0,main,,200,,tls1.3,PGR_Search,,
http_req_sending,1787520301,0.091505,,,,true,,POST,PGR_Search,HTTP/2.0,main,,200,,tls1.3,PGR_Search,,
http_req_waiting,1787520301,323.787577,,,,true,,POST,PGR_Search,HTTP/2.0,main,,200,,tls1.3,PGR_Search,,
http_req_receiving,1787520301,0.047370,,,,true,,POST,PGR_Search,HTTP/2.0,main,,200,,tls1.3,PGR_Search,,
http_req_failed,1787520301,0.000000,,,,true,,POST,PGR_Search,HTTP/2.0,main,,200,,tls1.3,PGR_Search,,
transaction_duration,1787520301,7536.000000,,,,,,,,,main,,,,,,,
transaction_success,1787520301,1.000000,,,,,,,,,main,,,,,,,
data_sent,1787520301,14350.000000,,,,,,,,,main,,,,,,,
data_received,1787520301,18746.000000,,,,,,,,,main,,,,,,,
iteration_duration,1787520301,7536.313311,,,,,,,,,main,,,,,,,
iterations,1787520301,1.000000,,,,,,,,,main,,,,,,,
vus,1787520302,2.000000,,,,,,,,,,,,,,,,
vus_max,1787520302,2.000000,,,,,,,,,,,,,,,,
http_reqs,1787520302,1.000000,,,,true,,POST,PGR_Resolve,HTTP/2.0,main,,200,,tls1.3,PGR_Resolve,,
http_req_duration,1787520302,402.472389,,,,true,,POST,PGR_Resolve,HTTP/2.0,main,,200,,tls1.3,PGR_Resolve,,
http_req_blocked,1787520302,0.000180,,,,true,,POST,PGR_Resolve,HTTP/2.0,main,,200,,tls1.3,PGR_Resolve,,
http_req_connecting,1787520302,0.000000,,,,true,,POST,PGR_Resolve,HTTP/2.0,main,,200,,tls1.3,PGR_Resolve,,
http_req_tls_handshaking,1787520302,0.000000,,,,true,,POST,PGR_Resolve,HTTP/2.0,main,,200,,tls1.3,PGR_Resolve,,
http_req_sending,1787520302,0.077839,,,,true,,POST,PGR_Resolve,HTTP/2.0,main,,200,,tls1.3,PGR_Resolve,,
http_req_waiting,1787520302,402.341759,,,,true,,POST,PGR_Resolve,HTTP/2.0,main,,200,,tls1.3,PGR_Resolve,,
http_req_receiving,1787520302,0.052791,,,,true,,POST,PGR_Resolve,HTTP/2.0,main,,200,,tls1.3,PGR_Resolve,,
http_req_failed,1787520302,0.000000,,,,true,,POST,PGR_Resolve,HTTP/2.0,main,,200,,tls1.3,PGR_Resolve,,
vus,1787520303,2.000000,,,,,,,,,,,,,,,,
vus_max,1787520303,2.000000,,,,,,,,,,,,,,,,
vus,1787520304,2.000000,,,,,,,,,,,,,,,,
vus_max,1787520304,2.000000,,,,,,,,,,,,,,,,
http_reqs,1787520304,1.000000,,,,true,,POST,PGR_Search,HTTP/2.0,main,,200,,tls1.3,PGR_Search,,
http_req_duration,1787520304,343.204782,,,,true,,POST,PGR_Search,HTTP/2.0,main,,200,,tls1.3,PGR_Search,,
http_req_blocked,1787520304,0.000281,,,,true,,POST,PGR_Search,HTTP/2.0,main,,200,,tls1.3,PGR_Search,,
http_req_connecting,1787520304,0.000000,,,,true,,POST,PGR_Search,HTTP/2.0,main,,200,,tls1.3,PGR_Search,,
http_req_tls_handshaking,1787520304,0.000000,,,,true,,POST,PGR_Search,HTTP/2.0,main,,200,,tls1.3,PGR_Search,,
http_req_sending,1787520304,0.081375,,,,true,,POST,PGR_Search,HTTP/2.0,main,,200,,tls1.3,PGR_Search,,
http_req_waiting,1787520304,343.079974,,,,true,,POST,PGR_Search,HTTP/2.0,main,,200,,tls1.3,PGR_Search,,
http_req_receiving,1787520304,0.043433,,,,true,,POST,PGR_Search,HTTP/2.0,main,,200,,tls1.3,PGR_Search,,
http_req_failed,1787520304,0.000000,,,,true,,POST,PGR_Search,HTTP/2.0,main,,200,,tls1.3,PGR_Search,,
transaction_duration,1787520304,9534.000000,,,,,,,,,main,,,,,,,
transaction_success,1787520304,1.000000,,,,,,,,,main,,,,,,,
data_sent,1787520304,14406.000000,,,,,,,,,main,,,,,,,
data_received,1787520304,18824.000000,,,,,,,,,main,,,,,,,
iteration_duration,1787520304,9534.542689,,,,,,,,,main,,,,,,,
iterations,1787520304,1.000000,,,,,,,,,main,,,,,,,
http_reqs,1787520304,1.000000,,,,true,,POST,PGR_Create,HTTP/2.0,main,,200,,tls1.3,PGR_Create,,
http_req_duration,1787520304,385.850442,,,,true,,POST,PGR_Create,HTTP/2.0,main,,200,,tls1.3,PGR_Create,,
http_req_blocked,1787520304,0.000260,,,,true,,POST,PGR_Create,HTTP/2.0,main,,200,,tls1.3,PGR_Create,,
http_req_connecting,1787520304,0.000000,,,,true,,POST,PGR_Create,HTTP/2.0,main,,200,,tls1.3,PGR_Create,,
http_req_tls_handshaking,1787520304,0.000000,,,,true,,POST,PGR_Create,HTTP/2.0,main,,200,,tls1.3,PGR_Create,,
http_req_sending,1787520304,0.060125,,,,true,,POST,PGR_Create,HTTP/2.0,main,,200,,tls1.3,PGR_Create,,
http_req_waiting,1787520304,385.691639,,,,true,,POST,PGR_Create,HTTP/2.0,main,,200,,tls1.3,PGR_Create,,
http_req_receiving,1787520304,0.098678,,,,true,,POST,PGR_Create,HTTP/2.0,main,,200,,tls1.3,PGR_Create,,
http_req_failed,1787520304,0.000000,,,,true,,POST,PGR_Create,HTTP/2.0,main,,200,,tls1.3,PGR_Create,,
vus,1787520305,2.000000,,,,,,,,,,,,,,,,
vus_max,1787520305,2.000000,,,,,,,,,,,,,,,,
vus,1787520306,2.000000,,,,,,,,,,,,,,,,
vus_max,1787520306,2.000000,,,,,,,,,,,,,,,,
http_reqs,1787520307,1.000000,,,,true,,POST,PGR_Create,HTTP/2.0,main,,200,,tls1.3,PGR_Create,,
http_req_duration,1787520307,409.083575,,,,true,,POST,PGR_Create,HTTP/2.0,main,,200,,tls1.3,PGR_Create,,
http_req_blocked,1787520307,0.000330,,,,true,,POST,PGR_Create,HTTP/2.0,main,,200,,tls1.3,PGR_Create,,
http_req_connecting,1787520307,0.000000,,,,true,,POST,PGR_Create,HTTP/2.0,main,,200,,tls1.3,PGR_Create,,
http_req_tls_handshaking,1787520307,0.000000,,,,true,,POST,PGR_Create,HTTP/2.0,main,,200,,tls1.3,PGR_Create,,
http_req_sending,1787520307,0.097346,,,,true,,POST,PGR_Create,HTTP/2.0,main,,200,,tls1.3,PGR_Create,,
http_req_waiting,1787520307,408.909142,,,,true,,POST,PGR_Create,HTTP/2.0,main,,200,,tls1.3,PGR_Create,,
http_req_receiving,1787520307,0.077087,,,,true,,POST,PGR_Create,HTTP/2.0,main,,200,,tls1.3,PGR_Create,,
http_req_failed,1787520307,0.000000,,,,true,,POST,PGR_Create,HTTP/2.0,main,,200,,tls1.3,PGR_Create,,
vus,1787520307,2.000000,,,,,,,,,,,,,,,,
vus_max,1787520307,2.000000,,,,,,,,,,,,,,,,
http_reqs,1787520307,1.000000,,,,true,,POST,PGR_Assign,HTTP/2.0,main,,200,,tls1.3,PGR_Assign,,
http_req_duration,1787520307,359.922829,,,,true,,POST,PGR_Assign,HTTP/2.0,main,,200,,tls1.3,PGR_Assign,,
http_req_blocked,1787520307,0.000321,,,,true,,POST,PGR_Assign,HTTP/2.0,main,,200,,tls1.3,PGR_Assign,,
http_req_connecting,1787520307,0.000000,,,,true,,POST,PGR_Assign,HTTP/2.0,main,,200,,tls1.3,PGR_Assign,,
http_req_tls_handshaking,1787520307,0.000000,,,,true,,POST,PGR_Assign,HTTP/2.0,main,,200,,tls1.3,PGR_Assign,,
http_req_sending,1787520307,0.097706,,,,true,,POST,PGR_Assign,HTTP/2.0,main,,200,,tls1.3,PGR_Assign,,
http_req_waiting,1787520307,359.735803,,,,true,,POST,PGR_Assign,HTTP/2.0,main,,200,,tls1.3,PGR_Assign,,
http_req_receiving,1787520307,0.089320,,,,true,,POST,PGR_Assign,HTTP/2.0,main,,200,,tls1.3,PGR_Assign,,
http_req_failed,1787520307,0.000000,,,,true,,POST,PGR_Assign,HTTP/2.0,main,,200,,tls1.3,PGR_Assign,,
vus,1787520308,2.000000,,,,,,,,,,,,,,,,
vus_max,1787520308,2.000000,,,,,,,,,,,,,,,,
vus,1787520309,2.000000,,,,,,,,,,,,,,,,
vus_max,1787520309,2.000000,,,,,,,,,,,,,,,,
http_reqs,1787520309,1.000000,,,,true,,POST,PGR_Assign,HTTP/2.0,main,,200,,tls1.3,PGR_Assign,,
http_req_duration,1787520309,423.744929,,,,true,,POST,PGR_Assign,HTTP/2.0,main,,200,,tls1.3,PGR_Assign,,
http_req_blocked,1787520309,0.000240,,,,true,,POST,PGR_Assign,HTTP/2.0,main,,200,,tls1.3,PGR_Assign,,
http_req_connecting,1787520309,0.000000,,,,true,,POST,PGR_Assign,HTTP/2.0,main,,200,,tls1.3,PGR_Assign,,
http_req_tls_handshaking,1787520309,0.000000,,,,true,,POST,PGR_Assign,HTTP/2.0,main,,200,,tls1.3,PGR_Assign,,
http_req_sending,1787520309,0.105241,,,,true,,POST,PGR_Assign,HTTP/2.0,main,,200,,tls1.3,PGR_Assign,,
http_req_waiting,1787520309,423.515171,,,,true,,POST,PGR_Assign,HTTP/2.0,main,,200,,tls1.3,PGR_Assign,,
http_req_receiving,1787520309,0.124517,,,,true,,POST,PGR_Assign,HTTP/2.0,main,,200,,tls1.3,PGR_Assign,,
http_req_failed,1787520309,0.000000,,,,true,,POST,PGR_Assign,HTTP/2.0,main,,200,,tls1.3,PGR_Assign,,
vus,1787520310,2.000000,,,,,,,,,,,,,,,,
vus_max,1787520310,2.000000,,,,,,,,,,,,,,,,
http_reqs,1787520310,1.000000,,,,true,,POST,PGR_Resolve,HTTP/2.0,main,,200,,tls1.3,PGR_Resolve,,
http_req_duration,1787520310,370.529774,,,,true,,POST,PGR_Resolve,HTTP/2.0,main,,200,,tls1.3,PGR_Resolve,,
http_req_blocked,1787520310,0.000421,,,,true,,POST,PGR_Resolve,HTTP/2.0,main,,200,,tls1.3,PGR_Resolve,,
http_req_connecting,1787520310,0.000000,,,,true,,POST,PGR_Resolve,HTTP/2.0,main,,200,,tls1.3,PGR_Resolve,,
http_req_tls_handshaking,1787520310,0.000000,,,,true,,POST,PGR_Resolve,HTTP/2.0,main,,200,,tls1.3,PGR_Resolve,,
http_req_sending,1787520310,0.067709,,,,true,,POST,PGR_Resolve,HTTP/2.0,main,,200,,tls1.3,PGR_Resolve,,
http_req_waiting,1787520310,370.396309,,,,true,,POST,PGR_Resolve,HTTP/2.0,main,,200,,tls1.3,PGR_Resolve,,
http_req_receiving,1787520310,0.065756,,,,true,,POST,PGR_Resolve,HTTP/2.0,main,,200,,tls1.3,PGR_Resolve,,
http_req_failed,1787520310,0.000000,,,,true,,POST,PGR_Resolve,HTTP/2.0,main,,200,,tls1.3,PGR_Resolve,,
vus,1787520311,2.000000,,,,,,,,,,,,,,,,
vus_max,1787520311,2.000000,,,,,,,,,,,,,,,,
http_reqs,1787520311,1.000000,,,,true,,POST,PGR_Search,HTTP/2.0,main,,200,,tls1.3,PGR_Search,,
http_req_duration,1787520311,360.141297,,,,true,,POST,PGR_Search,HTTP/2.0,main,,200,,tls1.3,PGR_Search,,
http_req_blocked,1787520311,0.000411,,,,true,,POST,PGR_Search,HTTP/2.0,main,,200,,tls1.3,PGR_Search,,
http_req_connecting,1787520311,0.000000,,,,true,,POST,PGR_Search,HTTP/2.0,main,,200,,tls1.3,PGR_Search,,
http_req_tls_handshaking,1787520311,0.000000,,,,true,,POST,PGR_Search,HTTP/2.0,main,,200,,tls1.3,PGR_Search,,
http_req_sending,1787520311,0.092646,,,,true,,POST,PGR_Search,HTTP/2.0,main,,200,,tls1.3,PGR_Search,,
http_req_waiting,1787520311,359.987895,,,,true,,POST,PGR_Search,HTTP/2.0,main,,200,,tls1.3,PGR_Search,,
http_req_receiving,1787520311,0.060756,,,,true,,POST,PGR_Search,HTTP/2.0,main,,200,,tls1.3,PGR_Search,,
http_req_failed,1787520311,0.000000,,,,true,,POST,PGR_Search,HTTP/2.0,main,,200,,tls1.3,PGR_Search,,
transaction_duration,1787520311,9892.000000,,,,,,,,,main,,,,,,,
transaction_success,1787520311,1.000000,,,,,,,,,main,,,,,,,
data_sent,1787520311,14404.000000,,,,,,,,,main,,,,,,,
data_received,1787520311,18829.000000,,,,,,,,,main,,,,,,,
iteration_duration,1787520311,9891.565577,,,,,,,,,main,,,,,,,
iterations,1787520311,1.000000,,,,,,,,,main,,,,,,,
vus,1787520312,2.000000,,,,,,,,,,,,,,,,
vus_max,1787520312,2.000000,,,,,,,,,,,,,,,,
http_reqs,1787520312,1.000000,,,,true,,POST,PGR_Resolve,HTTP/2.0,main,,200,,tls1.3,PGR_Resolve,,
http_req_duration,1787520312,377.223368,,,,true,,POST,PGR_Resolve,HTTP/2.0,main,,200,,tls1.3,PGR_Resolve,,
http_req_blocked,1787520312,0.000320,,,,true,,POST,PGR_Resolve,HTTP/2.0,main,,200,,tls1.3,PGR_Resolve,,
http_req_connecting,1787520312,0.000000,,,,true,,POST,PGR_Resolve,HTTP/2.0,main,,200,,tls1.3,PGR_Resolve,,
http_req_tls_handshaking,1787520312,0.000000,,,,true,,POST,PGR_Resolve,HTTP/2.0,main,,200,,tls1.3,PGR_Resolve,,
http_req_sending,1787520312,0.110461,,,,true,,POST,PGR_Resolve,HTTP/2.0,main,,200,,tls1.3,PGR_Resolve,,
http_req_waiting,1787520312,377.011845,,,,true,,POST,PGR_Resolve,HTTP/2.0,main,,200,,tls1.3,PGR_Resolve,,
http_req_receiving,1787520312,0.101062,,,,true,,POST,PGR_Resolve,HTTP/2.0,main,,200,,tls1.3,PGR_Resolve,,
http_req_failed,1787520312,0.000000,,,,true,,POST,PGR_Resolve,HTTP/2.0,main,,200,,tls1.3,PGR_Resolve,,
vus,1787520313,2.000000,,,,,,,,,,,,,,,,
vus_max,1787520313,2.000000,,,,,,,,,,,,,,,,
vus,1787520314,2.000000,,,,,,,,,,,,,,,,
vus_max,1787520314,2.000000,,,,,,,,,,,,,,,,
http_reqs,1787520314,1.000000,,,,true,,POST,PGR_Search,HTTP/2.0,main,,200,,tls1.3,PGR_Search,,
http_req_duration,1787520314,311.295238,,,,true,,POST,PGR_Search,HTTP/2.0,main,,200,,tls1.3,PGR_Search,,
http_req_blocked,1787520314,0.000401,,,,true,,POST,PGR_Search,HTTP/2.0,main,,200,,tls1.3,PGR_Search,,
http_req_connecting,1787520314,0.000000,,,,true,,POST,PGR_Search,HTTP/2.0,main,,200,,tls1.3,PGR_Search,,
http_req_tls_handshaking,1787520314,0.000000,,,,true,,POST,PGR_Search,HTTP/2.0,main,,200,,tls1.3,PGR_Search,,
http_req_sending,1787520314,0.067749,,,,true,,POST,PGR_Search,HTTP/2.0,main,,200,,tls1.3,PGR_Search,,
http_req_waiting,1787520314,309.823992,,,,true,,POST,PGR_Search,HTTP/2.0,main,,200,,tls1.3,PGR_Search,,
http_req_receiving,1787520314,1.403497,,,,true,,POST,PGR_Search,HTTP/2.0,main,,200,,tls1.3,PGR_Search,,
http_req_failed,1787520314,0.000000,,,,true,,POST,PGR_Search,HTTP/2.0,main,,200,,tls1.3,PGR_Search,,
transaction_duration,1787520314,9717.000000,,,,,,,,,main,,,,,,,
transaction_success,1787520314,1.000000,,,,,,,,,main,,,,,,,
data_sent,1787520314,14390.000000,,,,,,,,,main,,,,,,,
data_received,1787520314,18845.000000,,,,,,,,,main,,,,,,,
iteration_duration,1787520314,9717.800144,,,,,,,,,main,,,,,,,
iterations,1787520314,1.000000,,,,,,,,,main,,,,,,,
http_reqs,1787520315,1.000000,,,,true,,POST,PGR_Create,HTTP/2.0,main,,200,,tls1.3,PGR_Create,,
http_req_duration,1787520315,397.455184,,,,true,,POST,PGR_Create,HTTP/2.0,main,,200,,tls1.3,PGR_Create,,
http_req_blocked,1787520315,0.000320,,,,true,,POST,PGR_Create,HTTP/2.0,main,,200,,tls1.3,PGR_Create,,
http_req_connecting,1787520315,0.000000,,,,true,,POST,PGR_Create,HTTP/2.0,main,,200,,tls1.3,PGR_Create,,
http_req_tls_handshaking,1787520315,0.000000,,,,true,,POST,PGR_Create,HTTP/2.0,main,,200,,tls1.3,PGR_Create,,
http_req_sending,1787520315,0.074943,,,,true,,POST,PGR_Create,HTTP/2.0,main,,200,,tls1.3,PGR_Create,,
http_req_waiting,1787520315,397.318143,,,,true,,POST,PGR_Create,HTTP/2.0,main,,200,,tls1.3,PGR_Create,,
http_req_receiving,1787520315,0.062098,,,,true,,POST,PGR_Create,HTTP/2.0,main,,200,,tls1.3,PGR_Create,,
http_req_failed,1787520315,0.000000,,,,true,,POST,PGR_Create,HTTP/2.0,main,,200,,tls1.3,PGR_Create,,
vus,1787520315,2.000000,,,,,,,,,,,,,,,,
vus_max,1787520315,2.000000,,,,,,,,,,,,,,,,
vus,1787520316,2.000000,,,,,,,,,,,,,,,,
vus_max,1787520316,2.000000,,,,,,,,,,,,,,,,
vus,1787520317,2.000000,,,,,,,,,,,,,,,,
vus_max,1787520317,2.000000,,,,,,,,,,,,,,,,
http_reqs,1787520317,1.000000,,,,true,,POST,PGR_Assign,HTTP/2.0,main,,200,,tls1.3,PGR_Assign,,
http_req_duration,1787520317,373.779409,,,,true,,POST,PGR_Assign,HTTP/2.0,main,,200,,tls1.3,PGR_Assign,,
http_req_blocked,1787520317,0.000320,,,,true,,POST,PGR_Assign,HTTP/2.0,main,,200,,tls1.3,PGR_Assign,,
http_req_connecting,1787520317,0.000000,,,,true,,POST,PGR_Assign,HTTP/2.0,main,,200,,tls1.3,PGR_Assign,,
http_req_tls_handshaking,1787520317,0.000000,,,,true,,POST,PGR_Assign,HTTP/2.0,main,,200,,tls1.3,PGR_Assign,,
http_req_sending,1787520317,0.077197,,,,true,,POST,PGR_Assign,HTTP/2.0,main,,200,,tls1.3,PGR_Assign,,
http_req_waiting,1787520317,373.626748,,,,true,,POST,PGR_Assign,HTTP/2.0,main,,200,,tls1.3,PGR_Assign,,
http_req_receiving,1787520317,0.075464,,,,true,,POST,PGR_Assign,HTTP/2.0,main,,200,,tls1.3,PGR_Assign,,
http_req_failed,1787520317,0.000000,,,,true,,POST,PGR_Assign,HTTP/2.0,main,,200,,tls1.3,PGR_Assign,,
http_reqs,1787520317,1.000000,,,,true,,POST,PGR_Create,HTTP/2.0,main,,200,,tls1.3,PGR_Create,,
http_req_duration,1787520317,407.074493,,,,true,,POST,PGR_Create,HTTP/2.0,main,,200,,tls1.3,PGR_Create,,
http_req_blocked,1787520317,0.000270,,,,true,,POST,PGR_Create,HTTP/2.0,main,,200,,tls1.3,PGR_Create,,
http_req_connecting,1787520317,0.000000,,,,true,,POST,PGR_Create,HTTP/2.0,main,,200,,tls1.3,PGR_Create,,
http_req_tls_handshaking,1787520317,0.000000,,,,true,,POST,PGR_Create,HTTP/2.0,main,,200,,tls1.3,PGR_Create,,
http_req_sending,1787520317,0.042481,,,,true,,POST,PGR_Create,HTTP/2.0,main,,200,,tls1.3,PGR_Create,,
http_req_waiting,1787520317,406.974803,,,,true,,POST,PGR_Create,HTTP/2.0,main,,200,,tls1.3,PGR_Create,,
http_req_receiving,1787520317,0.057209,,,,true,,POST,PGR_Create,HTTP/2.0,main,,200,,tls1.3,PGR_Create,,
http_req_failed,1787520317,0.000000,,,,true,,POST,PGR_Create,HTTP/2.0,main,,200,,tls1.3,PGR_Create,,
vus,1787520318,2.000000,,,,,,,,,,,,,,,,
vus_max,1787520318,2.000000,,,,,,,,,,,,,,,,
vus,1787520319,2.000000,,,,,,,,,,,,,,,,
vus_max,1787520319,2.000000,,,,,,,,,,,,,,,,
http_reqs,1787520319,1.000000,,,,true,,POST,PGR_Resolve,HTTP/2.0,main,,200,,tls1.3,PGR_Resolve,,
http_req_duration,1787520319,371.722487,,,,true,,POST,PGR_Resolve,HTTP/2.0,main,,200,,tls1.3,PGR_Resolve,,
http_req_blocked,1787520319,0.000541,,,,true,,POST,PGR_Resolve,HTTP/2.0,main,,200,,tls1.3,PGR_Resolve,,
http_req_connecting,1787520319,0.000000,,,,true,,POST,PGR_Resolve,HTTP/2.0,main,,200,,tls1.3,PGR_Resolve,,
http_req_tls_handshaking,1787520319,0.000000,,,,true,,POST,PGR_Resolve,HTTP/2.0,main,,200,,tls1.3,PGR_Resolve,,
http_req_sending,1787520319,0.068130,,,,true,,POST,PGR_Resolve,HTTP/2.0,main,,200,,tls1.3,PGR_Resolve,,
http_req_waiting,1787520319,371.590044,,,,true,,POST,PGR_Resolve,HTTP/2.0,main,,200,,tls1.3,PGR_Resolve,,
http_req_receiving,1787520319,0.064313,,,,true,,POST,PGR_Resolve,HTTP/2.0,main,,200,,tls1.3,PGR_Resolve,,
http_req_failed,1787520319,0.000000,,,,true,,POST,PGR_Resolve,HTTP/2.0,main,,200,,tls1.3,PGR_Resolve,,
vus,1787520320,2.000000,,,,,,,,,,,,,,,,
vus_max,1787520320,2.000000,,,,,,,,,,,,,,,,
http_reqs,1787520320,1.000000,,,,true,,POST,PGR_Assign,HTTP/2.0,main,,200,,tls1.3,PGR_Assign,,
http_req_duration,1787520320,384.057401,,,,true,,POST,PGR_Assign,HTTP/2.0,main,,200,,tls1.3,PGR_Assign,,
http_req_blocked,1787520320,0.000200,,,,true,,POST,PGR_Assign,HTTP/2.0,main,,200,,tls1.3,PGR_Assign,,
http_req_connecting,1787520320,0.000000,,,,true,,POST,PGR_Assign,HTTP/2.0,main,,200,,tls1.3,PGR_Assign,,
http_req_tls_handshaking,1787520320,0.000000,,,,true,,POST,PGR_Assign,HTTP/2.0,main,,200,,tls1.3,PGR_Assign,,
http_req_sending,1787520320,0.083269,,,,true,,POST,PGR_Assign,HTTP/2.0,main,,200,,tls1.3,PGR_Assign,,
http_req_waiting,1787520320,383.872238,,,,true,,POST,PGR_Assign,HTTP/2.0,main,,200,,tls1.3,PGR_Assign,,
http_req_receiving,1787520320,0.101894,,,,true,,POST,PGR_Assign,HTTP/2.0,main,,200,,tls1.3,PGR_Assign,,
http_req_failed,1787520320,0.000000,,,,true,,POST,PGR_Assign,HTTP/2.0,main,,200,,tls1.3,PGR_Assign,,
http_reqs,1787520321,1.000000,,,,true,,POST,PGR_Search,HTTP/2.0,main,,200,,tls1.3,PGR_Search,,
http_req_duration,1787520321,309.449055,,,,true,,POST,PGR_Search,HTTP/2.0,main,,200,,tls1.3,PGR_Search,,
http_req_blocked,1787520321,0.000260,,,,true,,POST,PGR_Search,HTTP/2.0,main,,200,,tls1.3,PGR_Search,,
http_req_connecting,1787520321,0.000000,,,,true,,POST,PGR_Search,HTTP/2.0,main,,200,,tls1.3,PGR_Search,,
http_req_tls_handshaking,1787520321,0.000000,,,,true,,POST,PGR_Search,HTTP/2.0,main,,200,,tls1.3,PGR_Search,,
http_req_sending,1787520321,0.074703,,,,true,,POST,PGR_Search,HTTP/2.0,main,,200,,tls1.3,PGR_Search,,
http_req_waiting,1787520321,309.313376,,,,true,,POST,PGR_Search,HTTP/2.0,main,,200,,tls1.3,PGR_Search,,
http_req_receiving,1787520321,0.060976,,,,true,,POST,PGR_Search,HTTP/2.0,main,,200,,tls1.3,PGR_Search,,
http_req_failed,1787520321,0.000000,,,,true,,POST,PGR_Search,HTTP/2.0,main,,200,,tls1.3,PGR_Search,,
transaction_duration,1787520321,9340.000000,,,,,,,,,main,,,,,,,
transaction_success,1787520321,1.000000,,,,,,,,,main,,,,,,,
data_sent,1787520321,14306.000000,,,,,,,,,main,,,,,,,
data_received,1787520321,18675.000000,,,,,,,,,main,,,,,,,
iteration_duration,1787520321,9339.928082,,,,,,,,,main,,,,,,,
iterations,1787520321,1.000000,,,,,,,,,main,,,,,,,
vus,1787520321,2.000000,,,,,,,,,,,,,,,,
vus_max,1787520321,2.000000,,,,,,,,,,,,,,,,
vus,1787520322,2.000000,,,,,,,,,,,,,,,,
vus_max,1787520322,2.000000,,,,,,,,,,,,,,,,
http_reqs,1787520322,1.000000,,,,true,,POST,PGR_Resolve,HTTP/2.0,main,,200,,tls1.3,PGR_Resolve,,
http_req_duration,1787520322,379.957146,,,,true,,POST,PGR_Resolve,HTTP/2.0,main,,200,,tls1.3,PGR_Resolve,,
http_req_blocked,1787520322,0.000340,,,,true,,POST,PGR_Resolve,HTTP/2.0,main,,200,,tls1.3,PGR_Resolve,,
http_req_connecting,1787520322,0.000000,,,,true,,POST,PGR_Resolve,HTTP/2.0,main,,200,,tls1.3,PGR_Resolve,,
http_req_tls_handshaking,1787520322,0.000000,,,,true,,POST,PGR_Resolve,HTTP/2.0,main,,200,,tls1.3,PGR_Resolve,,
http_req_sending,1787520322,0.085644,,,,true,,POST,PGR_Resolve,HTTP/2.0,main,,200,,tls1.3,PGR_Resolve,,
http_req_waiting,1787520322,379.811809,,,,true,,POST,PGR_Resolve,HTTP/2.0,main,,200,,tls1.3,PGR_Resolve,,
http_req_receiving,1787520322,0.059693,,,,true,,POST,PGR_Resolve,HTTP/2.0,main,,200,,tls1.3,PGR_Resolve,,
http_req_failed,1787520322,0.000000,,,,true,,POST,PGR_Resolve,HTTP/2.0,main,,200,,tls1.3,PGR_Resolve,,
vus,1787520323,2.000000,,,,,,,,,,,,,,,,
vus_max,1787520323,2.000000,,,,,,,,,,,,,,,,
http_reqs,1787520323,1.000000,,,,true,,POST,PGR_Create,HTTP/2.0,main,,200,,tls1.3,PGR_Create,,
http_req_duration,1787520323,417.174611,,,,true,,POST,PGR_Create,HTTP/2.0,main,,200,,tls1.3,PGR_Create,,
http_req_blocked,1787520323,0.000260,,,,true,,POST,PGR_Create,HTTP/2.0,main,,200,,tls1.3,PGR_Create,,
http_req_connecting,1787520323,0.000000,,,,true,,POST,PGR_Create,HTTP/2.0,main,,200,,tls1.3,PGR_Create,,
http_req_tls_handshaking,1787520323,0.000000,,,,true,,POST,PGR_Create,HTTP/2.0,main,,200,,tls1.3,PGR_Create,,
http_req_sending,1787520323,0.056208,,,,true,,POST,PGR_Create,HTTP/2.0,main,,200,,tls1.3,PGR_Create,,
http_req_waiting,1787520323,417.042238,,,,true,,POST,PGR_Create,HTTP/2.0,main,,200,,tls1.3,PGR_Create,,
http_req_receiving,1787520323,0.076165,,,,true,,POST,PGR_Create,HTTP/2.0,main,,200,,tls1.3,PGR_Create,,
http_req_failed,1787520323,0.000000,,,,true,,POST,PGR_Create,HTTP/2.0,main,,200,,tls1.3,PGR_Create,,
vus,1787520324,2.000000,,,,,,,,,,,,,,,,
vus_max,1787520324,2.000000,,,,,,,,,,,,,,,,
vus,1787520325,2.000000,,,,,,,,,,,,,,,,
vus_max,1787520325,2.000000,,,,,,,,,,,,,,,,
http_reqs,1787520325,1.000000,,,,true,,POST,PGR_Search,HTTP/2.0,main,,200,,tls1.3,PGR_Search,,
http_req_duration,1787520325,320.315979,,,,true,,POST,PGR_Search,HTTP/2.0,main,,200,,tls1.3,PGR_Search,,
http_req_blocked,1787520325,0.000341,,,,true,,POST,PGR_Search,HTTP/2.0,main,,200,,tls1.3,PGR_Search,,
http_req_connecting,1787520325,0.000000,,,,true,,POST,PGR_Search,HTTP/2.0,main,,200,,tls1.3,PGR_Search,,
http_req_tls_handshaking,1787520325,0.000000,,,,true,,POST,PGR_Search,HTTP/2.0,main,,200,,tls1.3,PGR_Search,,
http_req_sending,1787520325,0.073791,,,,true,,POST,PGR_Search,HTTP/2.0,main,,200,,tls1.3,PGR_Search,,
http_req_waiting,1787520325,320.199677,,,,true,,POST,PGR_Search,HTTP/2.0,main,,200,,tls1.3,PGR_Search,,
http_req_receiving,1787520325,0.042511,,,,true,,POST,PGR_Search,HTTP/2.0,main,,200,,tls1.3,PGR_Search,,
http_req_failed,1787520325,0.000000,,,,true,,POST,PGR_Search,HTTP/2.0,main,,200,,tls1.3,PGR_Search,,
transaction_duration,1787520325,10846.000000,,,,,,,,,main,,,,,,,
transaction_success,1787520325,1.000000,,,,,,,,,main,,,,,,,
data_sent,1787520325,14320.000000,,,,,,,,,main,,,,,,,
data_received,1787520325,18703.000000,,,,,,,,,main,,,,,,,
iteration_duration,1787520325,10845.622725,,,,,,,,,main,,,,,,,
iterations,1787520325,1.000000,,,,,,,,,main,,,,,,,
http_reqs,1787520325,1.000000,,,,true,,POST,PGR_Assign,HTTP/2.0,main,,200,,tls1.3,PGR_Assign,,
http_req_duration,1787520325,377.454221,,,,true,,POST,PGR_Assign,HTTP/2.0,main,,200,,tls1.3,PGR_Assign,,
http_req_blocked,1787520325,0.000270,,,,true,,POST,PGR_Assign,HTTP/2.0,main,,200,,tls1.3,PGR_Assign,,
http_req_connecting,1787520325,0.000000,,,,true,,POST,PGR_Assign,HTTP/2.0,main,,200,,tls1.3,PGR_Assign,,
http_req_tls_handshaking,1787520325,0.000000,,,,true,,POST,PGR_Assign,HTTP/2.0,main,,200,,tls1.3,PGR_Assign,,
http_req_sending,1787520325,0.066667,,,,true,,POST,PGR_Assign,HTTP/2.0,main,,200,,tls1.3,PGR_Assign,,
http_req_waiting,1787520325,377.329653,,,,true,,POST,PGR_Assign,HTTP/2.0,main,,200,,tls1.3,PGR_Assign,,
http_req_receiving,1787520325,0.057901,,,,true,,POST,PGR_Assign,HTTP/2.0,main,,200,,tls1.3,PGR_Assign,,
http_req_failed,1787520325,0.000000,,,,true,,POST,PGR_Assign,HTTP/2.0,main,,200,,tls1.3,PGR_Assign,,
vus,1787520326,2.000000,,,,,,,,,,,,,,,,
vus_max,1787520326,2.000000,,,,,,,,,,,,,,,,
http_reqs,1787520326,1.000000,,,,true,,POST,PGR_Create,HTTP/2.0,main,,200,,tls1.3,PGR_Create,,
http_req_duration,1787520326,409.186477,,,,true,,POST,PGR_Create,HTTP/2.0,main,,200,,tls1.3,PGR_Create,,
http_req_blocked,1787520326,0.000331,,,,true,,POST,PGR_Create,HTTP/2.0,main,,200,,tls1.3,PGR_Create,,
http_req_connecting,1787520326,0.000000,,,,true,,POST,PGR_Create,HTTP/2.0,main,,200,,tls1.3,PGR_Create,,
http_req_tls_handshaking,1787520326,0.000000,,,,true,,POST,PGR_Create,HTTP/2.0,main,,200,,tls1.3,PGR_Create,,
http_req_sending,1787520326,0.075694,,,,true,,POST,PGR_Create,HTTP/2.0,main,,200,,tls1.3,PGR_Create,,
http_req_waiting,1787520326,409.049496,,,,true,,POST,PGR_Create,HTTP/2.0,main,,200,,tls1.3,PGR_Create,,
http_req_receiving,1787520326,0.061287,,,,true,,POST,PGR_Create,HTTP/2.0,main,,200,,tls1.3,PGR_Create,,
http_req_failed,1787520326,0.000000,,,,true,,POST,PGR_Create,HTTP/2.0,main,,200,,tls1.3,PGR_Create,,
http_reqs,1787520327,1.000000,,,,true,,POST,PGR_Resolve,HTTP/2.0,main,,200,,tls1.3,PGR_Resolve,,
http_req_duration,1787520327,375.913678,,,,true,,POST,PGR_Resolve,HTTP/2.0,main,,200,,tls1.3,PGR_Resolve,,
http_req_blocked,1787520327,0.000190,,,,true,,POST,PGR_Resolve,HTTP/2.0,main,,200,,tls1.3,PGR_Resolve,,
http_req_connecting,1787520327,0.000000,,,,true,,POST,PGR_Resolve,HTTP/2.0,main,,200,,tls1.3,PGR_Resolve,,
http_req_tls_handshaking,1787520327,0.000000,,,,true,,POST,PGR_Resolve,HTTP/2.0,main,,200,,tls1.3,PGR_Resolve,,
http_req_sending,1787520327,0.095843,,,,true,,POST,PGR_Resolve,HTTP/2.0,main,,200,,tls1.3,PGR_Resolve,,
http_req_waiting,1787520327,375.745467,,,,true,,POST,PGR_Resolve,HTTP/2.0,main,,200,,tls1.3,PGR_Resolve,,
http_req_receiving,1787520327,0.072368,,,,true,,POST,PGR_Resolve,HTTP/2.0,main,,200,,tls1.3,PGR_Resolve,,
http_req_failed,1787520327,0.000000,,,,true,,POST,PGR_Resolve,HTTP/2.0,main,,200,,tls1.3,PGR_Resolve,,
vus,1787520327,2.000000,,,,,,,,,,,,,,,,
vus_max,1787520327,2.000000,,,,,,,,,,,,,,,,
vus,1787520328,2.000000,,,,,,,,,,,,,,,,
vus_max,1787520328,2.000000,,,,,,,,,,,,,,,,
http_reqs,1787520328,1.000000,,,,true,,POST,PGR_Search,HTTP/2.0,main,,200,,tls1.3,PGR_Search,,
http_req_duration,1787520328,320.226898,,,,true,,POST,PGR_Search,HTTP/2.0,main,,200,,tls1.3,PGR_Search,,
http_req_blocked,1787520328,0.000510,,,,true,,POST,PGR_Search,HTTP/2.0,main,,200,,tls1.3,PGR_Search,,
http_req_connecting,1787520328,0.000000,,,,true,,POST,PGR_Search,HTTP/2.0,main,,200,,tls1.3,PGR_Search,,
http_req_tls_handshaking,1787520328,0.000000,,,,true,,POST,PGR_Search,HTTP/2.0,main,,200,,tls1.3,PGR_Search,,
http_req_sending,1787520328,0.054855,,,,true,,POST,PGR_Search,HTTP/2.0,main,,200,,tls1.3,PGR_Search,,
http_req_waiting,1787520328,320.126316,,,,true,,POST,PGR_Search,HTTP/2.0,main,,200,,tls1.3,PGR_Search,,
http_req_receiving,1787520328,0.045727,,,,true,,POST,PGR_Search,HTTP/2.0,main,,200,,tls1.3,PGR_Search,,
http_req_failed,1787520328,0.000000,,,,true,,POST,PGR_Search,HTTP/2.0,main,,200,,tls1.3,PGR_Search,,
transaction_duration,1787520328,7407.000000,,,,,,,,,main,,,,,,,
transaction_success,1787520328,1.000000,,,,,,,,,main,,,,,,,
data_sent,1787520328,14392.000000,,,,,,,,,main,,,,,,,
data_received,1787520328,18822.000000,,,,,,,,,main,,,,,,,
iteration_duration,1787520328,7407.259403,,,,,,,,,main,,,,,,,
iterations,1787520328,1.000000,,,,,,,,,main,,,,,,,
http_reqs,1787520328,1.000000,,,,true,,POST,PGR_Assign,HTTP/2.0,main,,200,,tls1.3,PGR_Assign,,
http_req_duration,1787520328,369.894334,,,,true,,POST,PGR_Assign,HTTP/2.0,main,,200,,tls1.3,PGR_Assign,,
http_req_blocked,1787520328,0.000281,,,,true,,POST,PGR_Assign,HTTP/2.0,main,,200,,tls1.3,PGR_Assign,,
http_req_connecting,1787520328,0.000000,,,,true,,POST,PGR_Assign,HTTP/2.0,main,,200,,tls1.3,PGR_Assign,,
http_req_tls_handshaking,1787520328,0.000000,,,,true,,POST,PGR_Assign,HTTP/2.0,main,,200,,tls1.3,PGR_Assign,,
http_req_sending,1787520328,0.066046,,,,true,,POST,PGR_Assign,HTTP/2.0,main,,200,,tls1.3,PGR_Assign,,
http_req_waiting,1787520328,369.749818,,,,true,,POST,PGR_Assign,HTTP/2.0,main,,200,,tls1.3,PGR_Assign,,
http_req_receiving,1787520328,0.078470,,,,true,,POST,PGR_Assign,HTTP/2.0,main,,200,,tls1.3,PGR_Assign,,
http_req_failed,1787520328,0.000000,,,,true,,POST,PGR_Assign,HTTP/2.0,main,,200,,tls1.3,PGR_Assign,,
vus,1787520329,2.000000,,,,,,,,,,,,,,,,
vus_max,1787520329,2.000000,,,,,,,,,,,,,,,,
vus,1787520330,2.000000,,,,,,,,,,,,,,,,
vus_max,1787520330,2.000000,,,,,,,,,,,,,,,,
http_reqs,1787520330,1.000000,,,,true,,POST,PGR_Create,HTTP/2.0,main,,200,,tls1.3,PGR_Create,,
http_req_duration,1787520330,379.797777,,,,true,,POST,PGR_Create,HTTP/2.0,main,,200,,tls1.3,PGR_Create,,
http_req_blocked,1787520330,0.000270,,,,true,,POST,PGR_Create,HTTP/2.0,main,,200,,tls1.3,PGR_Create,,
http_req_connecting,1787520330,0.000000,,,,true,,POST,PGR_Create,HTTP/2.0,main,,200,,tls1.3,PGR_Create,,
http_req_tls_handshaking,1787520330,0.000000,,,,true,,POST,PGR_Create,HTTP/2.0,main,,200,,tls1.3,PGR_Create,,
http_req_sending,1787520330,0.077398,,,,true,,POST,PGR_Create,HTTP/2.0,main,,200,,tls1.3,PGR_Create,,
http_req_waiting,1787520330,379.132468,,,,true,,POST,PGR_Create,HTTP/2.0,main,,200,,tls1.3,PGR_Create,,
http_req_receiving,1787520330,0.587911,,,,true,,POST,PGR_Create,HTTP/2.0,main,,200,,tls1.3,PGR_Create,,
http_req_failed,1787520330,0.000000,,,,true,,POST,PGR_Create,HTTP/2.0,main,,200,,tls1.3,PGR_Create,,
http_reqs,1787520330,1.000000,,,,true,,POST,PGR_Resolve,HTTP/2.0,main,,200,,tls1.3,PGR_Resolve,,
http_req_duration,1787520330,375.032751,,,,true,,POST,PGR_Resolve,HTTP/2.0,main,,200,,tls1.3,PGR_Resolve,,
http_req_blocked,1787520330,0.000391,,,,true,,POST,PGR_Resolve,HTTP/2.0,main,,200,,tls1.3,PGR_Resolve,,
http_req_connecting,1787520330,0.000000,,,,true,,POST,PGR_Resolve,HTTP/2.0,main,,200,,tls1.3,PGR_Resolve,,
http_req_tls_handshaking,1787520330,0.000000,,,,true,,POST,PGR_Resolve,HTTP/2.0,main,,200,,tls1.3,PGR_Resolve,,
http_req_sending,1787520330,0.058110,,,,true,,POST,PGR_Resolve,HTTP/2.0,main,,200,,tls1.3,PGR_Resolve,,
http_req_waiting,1787520330,374.922592,,,,true,,POST,PGR_Resolve,HTTP/2.0,main,,200,,tls1.3,PGR_Resolve,,
http_req_receiving,1787520330,0.052049,,,,true,,POST,PGR_Resolve,HTTP/2.0,main,,200,,tls1.3,PGR_Resolve,,
http_req_failed,1787520330,0.000000,,,,true,,POST,PGR_Resolve,HTTP/2.0,main,,200,,tls1.3,PGR_Resolve,,
vus,1787520331,2.000000,,,,,,,,,,,,,,,,
vus_max,1787520331,2.000000,,,,,,,,,,,,,,,,
vus,1787520332,2.000000,,,,,,,,,,,,,,,,
vus_max,1787520332,2.000000,,,,,,,,,,,,,,,,
http_reqs,1787520333,1.000000,,,,true,,POST,PGR_Search,HTTP/2.0,main,,200,,tls1.3,PGR_Search,,
http_req_duration,1787520333,319.484215,,,,true,,POST,PGR_Search,HTTP/2.0,main,,200,,tls1.3,PGR_Search,,
http_req_blocked,1787520333,0.000672,,,,true,,POST,PGR_Search,HTTP/2.0,main,,200,,tls1.3,PGR_Search,,
http_req_connecting,1787520333,0.000000,,,,true,,POST,PGR_Search,HTTP/2.0,main,,200,,tls1.3,PGR_Search,,
http_req_tls_handshaking,1787520333,0.000000,,,,true,,POST,PGR_Search,HTTP/2.0,main,,200,,tls1.3,PGR_Search,,
http_req_sending,1787520333,0.068410,,,,true,,POST,PGR_Search,HTTP/2.0,main,,200,,tls1.3,PGR_Search,,
http_req_waiting,1787520333,319.366471,,,,true,,POST,PGR_Search,HTTP/2.0,main,,200,,tls1.3,PGR_Search,,
http_req_receiving,1787520333,0.049334,,,,true,,POST,PGR_Search,HTTP/2.0,main,,200,,tls1.3,PGR_Search,,
http_req_failed,1787520333,0.000000,,,,true,,POST,PGR_Search,HTTP/2.0,main,,200,,tls1.3,PGR_Search,,
transaction_duration,1787520333,7872.000000,,,,,,,,,main,,,,,,,
transaction_success,1787520333,1.000000,,,,,,,,,main,,,,,,,
data_sent,1787520333,14398.000000,,,,,,,,,main,,,,,,,
data_received,1787520333,18827.000000,,,,,,,,,main,,,,,,,
iteration_duration,1787520333,7872.322804,,,,,,,,,main,,,,,,,
iterations,1787520333,1.000000,,,,,,,,,main,,,,,,,
vus,1787520333,2.000000,,,,,,,,,,,,,,,,
vus_max,1787520333,2.000000,,,,,,,,,,,,,,,,
http_reqs,1787520333,1.000000,,,,true,,POST,PGR_Assign,HTTP/2.0,main,,200,,tls1.3,PGR_Assign,,
http_req_duration,1787520333,384.253248,,,,true,,POST,PGR_Assign,HTTP/2.0,main,,200,,tls1.3,PGR_Assign,,
http_req_blocked,1787520333,0.000270,,,,true,,POST,PGR_Assign,HTTP/2.0,main,,200,,tls1.3,PGR_Assign,,
http_req_connecting,1787520333,0.000000,,,,true,,POST,PGR_Assign,HTTP/2.0,main,,200,,tls1.3,PGR_Assign,,
http_req_tls_handshaking,1787520333,0.000000,,,,true,,POST,PGR_Assign,HTTP/2.0,main,,200,,tls1.3,PGR_Assign,,
http_req_sending,1787520333,0.068170,,,,true,,POST,PGR_Assign,HTTP/2.0,main,,200,,tls1.3,PGR_Assign,,
http_req_waiting,1787520333,384.106148,,,,true,,POST,PGR_Assign,HTTP/2.0,main,,200,,tls1.3,PGR_Assign,,
http_req_receiving,1787520333,0.078930,,,,true,,POST,PGR_Assign,HTTP/2.0,main,,200,,tls1.3,PGR_Assign,,
http_req_failed,1787520333,0.000000,,,,true,,POST,PGR_Assign,HTTP/2.0,main,,200,,tls1.3,PGR_Assign,,
vus,1787520334,2.000000,,,,,,,,,,,,,,,,
vus_max,1787520334,2.000000,,,,,,,,,,,,,,,,
vus,1787520335,2.000000,,,,,,,,,,,,,,,,
vus_max,1787520335,2.000000,,,,,,,,,,,,,,,,
http_reqs,1787520335,1.000000,,,,true,,POST,PGR_Create,HTTP/2.0,main,,200,,tls1.3,PGR_Create,,
http_req_duration,1787520335,376.856719,,,,true,,POST,PGR_Create,HTTP/2.0,main,,200,,tls1.3,PGR_Create,,
http_req_blocked,1787520335,0.000281,,,,true,,POST,PGR_Create,HTTP/2.0,main,,200,,tls1.3,PGR_Create,,
http_req_connecting,1787520335,0.000000,,,,true,,POST,PGR_Create,HTTP/2.0,main,,200,,tls1.3,PGR_Create,,
http_req_tls_handshaking,1787520335,0.000000,,,,true,,POST,PGR_Create,HTTP/2.0,main,,200,,tls1.3,PGR_Create,,
http_req_sending,1787520335,0.069101,,,,true,,POST,PGR_Create,HTTP/2.0,main,,200,,tls1.3,PGR_Create,,
http_req_waiting,1787520335,376.713416,,,,true,,POST,PGR_Create,HTTP/2.0,main,,200,,tls1.3,PGR_Create,,
http_req_receiving,1787520335,0.074202,,,,true,,POST,PGR_Create,HTTP/2.0,main,,200,,tls1.3,PGR_Create,,
http_req_failed,1787520335,0.000000,,,,true,,POST,PGR_Create,HTTP/2.0,main,,200,,tls1.3,PGR_Create,,
vus,1787520336,2.000000,,,,,,,,,,,,,,,,
vus_max,1787520336,2.000000,,,,,,,,,,,,,,,,
http_reqs,1787520336,1.000000,,,,true,,POST,PGR_Assign,HTTP/2.0,main,,200,,tls1.3,PGR_Assign,,
http_req_duration,1787520336,372.146645,,,,true,,POST,PGR_Assign,HTTP/2.0,main,,200,,tls1.3,PGR_Assign,,
http_req_blocked,1787520336,0.000270,,,,true,,POST,PGR_Assign,HTTP/2.0,main,,200,,tls1.3,PGR_Assign,,
http_req_connecting,1787520336,0.000000,,,,true,,POST,PGR_Assign,HTTP/2.0,main,,200,,tls1.3,PGR_Assign,,
http_req_tls_handshaking,1787520336,0.000000,,,,true,,POST,PGR_Assign,HTTP/2.0,main,,200,,tls1.3,PGR_Assign,,
http_req_sending,1787520336,0.071957,,,,true,,POST,PGR_Assign,HTTP/2.0,main,,200,,tls1.3,PGR_Assign,,
http_req_waiting,1787520336,371.935142,,,,true,,POST,PGR_Assign,HTTP/2.0,main,,200,,tls1.3,PGR_Assign,,
http_req_receiving,1787520336,0.139546,,,,true,,POST,PGR_Assign,HTTP/2.0,main,,200,,tls1.3,PGR_Assign,,
http_req_failed,1787520336,0.000000,,,,true,,POST,PGR_Assign,HTTP/2.0,main,,200,,tls1.3,PGR_Assign,,
http_reqs,1787520336,1.000000,,,,true,,POST,PGR_Resolve,HTTP/2.0,main,,200,,tls1.3,PGR_Resolve,,
http_req_duration,1787520336,372.953723,,,,true,,POST,PGR_Resolve,HTTP/2.0,main,,200,,tls1.3,PGR_Resolve,,
http_req_blocked,1787520336,0.000290,,,,true,,POST,PGR_Resolve,HTTP/2.0,main,,200,,tls1.3,PGR_Resolve,,
http_req_connecting,1787520336,0.000000,,,,true,,POST,PGR_Resolve,HTTP/2.0,main,,200,,tls1.3,PGR_Resolve,,
http_req_tls_handshaking,1787520336,0.000000,,,,true,,POST,PGR_Resolve,HTTP/2.0,main,,200,,tls1.3,PGR_Resolve,,
http_req_sending,1787520336,0.078410,,,,true,,POST,PGR_Resolve,HTTP/2.0,main,,200,,tls1.3,PGR_Resolve,,
http_req_waiting,1787520336,372.708265,,,,true,,POST,PGR_Resolve,HTTP/2.0,main,,200,,tls1.3,PGR_Resolve,,
http_req_receiving,1787520336,0.167048,,,,true,,POST,PGR_Resolve,HTTP/2.0,main,,200,,tls1.3,PGR_Resolve,,
http_req_failed,1787520336,0.000000,,,,true,,POST,PGR_Resolve,HTTP/2.0,main,,200,,tls1.3,PGR_Resolve,,
vus,1787520337,2.000000,,,,,,,,,,,,,,,,
vus_max,1787520337,2.000000,,,,,,,,,,,,,,,,
vus,1787520338,2.000000,,,,,,,,,,,,,,,,
vus_max,1787520338,2.000000,,,,,,,,,,,,,,,,
vus,1787520339,2.000000,,,,,,,,,,,,,,,,
vus_max,1787520339,2.000000,,,,,,,,,,,,,,,,
http_reqs,1787520339,1.000000,,,,true,,POST,PGR_Resolve,HTTP/2.0,main,,200,,tls1.3,PGR_Resolve,,
http_req_duration,1787520339,383.494438,,,,true,,POST,PGR_Resolve,HTTP/2.0,main,,200,,tls1.3,PGR_Resolve,,
http_req_blocked,1787520339,0.000471,,,,true,,POST,PGR_Resolve,HTTP/2.0,main,,200,,tls1.3,PGR_Resolve,,
http_req_connecting,1787520339,0.000000,,,,true,,POST,PGR_Resolve,HTTP/2.0,main,,200,,tls1.3,PGR_Resolve,,
http_req_tls_handshaking,1787520339,0.000000,,,,true,,POST,PGR_Resolve,HTTP/2.0,main,,200,,tls1.3,PGR_Resolve,,
http_req_sending,1787520339,0.071036,,,,true,,POST,PGR_Resolve,HTTP/2.0,main,,200,,tls1.3,PGR_Resolve,,
http_req_waiting,1787520339,383.341857,,,,true,,POST,PGR_Resolve,HTTP/2.0,main,,200,,tls1.3,PGR_Resolve,,
http_req_receiving,1787520339,0.081545,,,,true,,POST,PGR_Resolve,HTTP/2.0,main,,200,,tls1.3,PGR_Resolve,,
http_req_failed,1787520339,0.000000,,,,true,,POST,PGR_Resolve,HTTP/2.0,main,,200,,tls1.3,PGR_Resolve,,
http_reqs,1787520339,1.000000,,,,true,,POST,PGR_Search,HTTP/2.0,main,,200,,tls1.3,PGR_Search,,
http_req_duration,1787520339,304.224699,,,,true,,POST,PGR_Search,HTTP/2.0,main,,200,,tls1.3,PGR_Search,,
http_req_blocked,1787520339,0.000361,,,,true,,POST,PGR_Search,HTTP/2.0,main,,200,,tls1.3,PGR_Search,,
http_req_connecting,1787520339,0.000000,,,,true,,POST,PGR_Search,HTTP/2.0,main,,200,,tls1.3,PGR_Search,,
http_req_tls_handshaking,1787520339,0.000000,,,,true,,POST,PGR_Search,HTTP/2.0,main,,200,,tls1.3,PGR_Search,,
http_req_sending,1787520339,0.081255,,,,true,,POST,PGR_Search,HTTP/2.0,main,,200,,tls1.3,PGR_Search,,
http_req_waiting,1787520339,303.731760,,,,true,,POST,PGR_Search,HTTP/2.0,main,,200,,tls1.3,PGR_Search,,
http_req_receiving,1787520339,0.411684,,,,true,,POST,PGR_Search,HTTP/2.0,main,,200,,tls1.3,PGR_Search,,
http_req_failed,1787520339,0.000000,,,,true,,POST,PGR_Search,HTTP/2.0,main,,200,,tls1.3,PGR_Search,,
transaction_duration,1787520339,11368.000000,,,,,,,,,main,,,,,,,
transaction_success,1787520339,1.000000,,,,,,,,,main,,,,,,,
data_sent,1787520339,14430.000000,,,,,,,,,main,,,,,,,
data_received,1787520339,18862.000000,,,,,,,,,main,,,,,,,
iteration_duration,1787520339,11368.345154,,,,,,,,,main,,,,,,,
iterations,1787520339,1.000000,,,,,,,,,main,,,,,,,
vus,1787520340,2.000000,,,,,,,,,,,,,,,,
vus_max,1787520340,2.000000,,,,,,,,,,,,,,,,
vus,1787520341,2.000000,,,,,,,,,,,,,,,,
vus_max,1787520341,2.000000,,,,,,,,,,,,,,,,
vus,1787520342,2.000000,,,,,,,,,,,,,,,,
vus_max,1787520342,2.000000,,,,,,,,,,,,,,,,
http_reqs,1787520342,1.000000,,,,true,,POST,PGR_Create,HTTP/2.0,main,,200,,tls1.3,PGR_Create,,
http_req_duration,1787520342,408.872598,,,,true,,POST,PGR_Create,HTTP/2.0,main,,200,,tls1.3,PGR_Create,,
http_req_blocked,1787520342,0.000281,,,,true,,POST,PGR_Create,HTTP/2.0,main,,200,,tls1.3,PGR_Create,,
http_req_connecting,1787520342,0.000000,,,,true,,POST,PGR_Create,HTTP/2.0,main,,200,,tls1.3,PGR_Create,,
http_req_tls_handshaking,1787520342,0.000000,,,,true,,POST,PGR_Create,HTTP/2.0,main,,200,,tls1.3,PGR_Create,,
http_req_sending,1787520342,0.064773,,,,true,,POST,PGR_Create,HTTP/2.0,main,,200,,tls1.3,PGR_Create,,
http_req_waiting,1787520342,408.741308,,,,true,,POST,PGR_Create,HTTP/2.0,main,,200,,tls1.3,PGR_Create,,
http_req_receiving,1787520342,0.066517,,,,true,,POST,PGR_Create,HTTP/2.0,main,,200,,tls1.3,PGR_Create,,
http_req_failed,1787520342,0.000000,,,,true,,POST,PGR_Create,HTTP/2.0,main,,200,,tls1.3,PGR_Create,,
http_reqs,1787520342,1.000000,,,,true,,POST,PGR_Search,HTTP/2.0,main,,200,,tls1.3,PGR_Search,,
http_req_duration,1787520342,312.601249,,,,true,,POST,PGR_Search,HTTP/2.0,main,,200,,tls1.3,PGR_Search,,
http_req_blocked,1787520342,0.000271,,,,true,,POST,PGR_Search,HTTP/2.0,main,,200,,tls1.3,PGR_Search,,
http_req_connecting,1787520342,0.000000,,,,true,,POST,PGR_Search,HTTP/2.0,main,,200,,tls1.3,PGR_Search,,
http_req_tls_handshaking,1787520342,0.000000,,,,true,,POST,PGR_Search,HTTP/2.0,main,,200,,tls1.3,PGR_Search,,
http_req_sending,1787520342,0.068350,,,,true,,POST,PGR_Search,HTTP/2.0,main,,200,,tls1.3,PGR_Search,,
http_req_waiting,1787520342,312.085216,,,,true,,POST,PGR_Search,HTTP/2.0,main,,200,,tls1.3,PGR_Search,,
http_req_receiving,1787520342,0.447683,,,,true,,POST,PGR_Search,HTTP/2.0,main,,200,,tls1.3,PGR_Search,,
http_req_failed,1787520342,0.000000,,,,true,,POST,PGR_Search,HTTP/2.0,main,,200,,tls1.3,PGR_Search,,
transaction_duration,1787520342,9271.000000,,,,,,,,,main,,,,,,,
transaction_success,1787520342,1.000000,,,,,,,,,main,,,,,,,
data_sent,1787520342,14360.000000,,,,,,,,,main,,,,,,,
data_received,1787520342,18758.000000,,,,,,,,,main,,,,,,,
iteration_duration,1787520342,9270.991455,,,,,,,,,main,,,,,,,
iterations,1787520342,1.000000,,,,,,,,,main,,,,,,,
vus,1787520343,2.000000,,,,,,,,,,,,,,,,
vus_max,1787520343,2.000000,,,,,,,,,,,,,,,,
http_reqs,1787520343,1.000000,,,,true,,POST,PGR_Create,HTTP/2.0,main,,200,,tls1.3,PGR_Create,,
http_req_duration,1787520343,396.009339,,,,true,,POST,PGR_Create,HTTP/2.0,main,,200,,tls1.3,PGR_Create,,
http_req_blocked,1787520343,0.000320,,,,true,,POST,PGR_Create,HTTP/2.0,main,,200,,tls1.3,PGR_Create,,
http_req_connecting,1787520343,0.000000,,,,true,,POST,PGR_Create,HTTP/2.0,main,,200,,tls1.3,PGR_Create,,
http_req_tls_handshaking,1787520343,0.000000,,,,true,,POST,PGR_Create,HTTP/2.0,main,,200,,tls1.3,PGR_Create,,
http_req_sending,1787520343,0.089631,,,,true,,POST,PGR_Create,HTTP/2.0,main,,200,,tls1.3,PGR_Create,,
http_req_waiting,1787520343,395.859934,,,,true,,POST,PGR_Create,HTTP/2.0,main,,200,,tls1.3,PGR_Create,,
http_req_receiving,1787520343,0.059774,,,,true,,POST,PGR_Create,HTTP/2.0,main,,200,,tls1.3,PGR_Create,,
http_req_failed,1787520343,0.000000,,,,true,,POST,PGR_Create,HTTP/2.0,main,,200,,tls1.3,PGR_Create,,
http_reqs,1787520343,1.000000,,,,true,,POST,PGR_Assign,HTTP/2.0,main,,200,,tls1.3,PGR_Assign,,
http_req_duration,1787520343,372.768150,,,,true,,POST,PGR_Assign,HTTP/2.0,main,,200,,tls1.3,PGR_Assign,,
http_req_blocked,1787520343,0.000321,,,,true,,POST,PGR_Assign,HTTP/2.0,main,,200,,tls1.3,PGR_Assign,,
http_req_connecting,1787520343,0.000000,,,,true,,POST,PGR_Assign,HTTP/2.0,main,,200,,tls1.3,PGR_Assign,,
http_req_tls_handshaking,1787520343,0.000000,,,,true,,POST,PGR_Assign,HTTP/2.0,main,,200,,tls1.3,PGR_Assign,,
http_req_sending,1787520343,0.062248,,,,true,,POST,PGR_Assign,HTTP/2.0,main,,200,,tls1.3,PGR_Assign,,
http_req_waiting,1787520343,372.656388,,,,true,,POST,PGR_Assign,HTTP/2.0,main,,200,,tls1.3,PGR_Assign,,
http_req_receiving,1787520343,0.049514,,,,true,,POST,PGR_Assign,HTTP/2.0,main,,200,,tls1.3,PGR_Assign,,
http_req_failed,1787520343,0.000000,,,,true,,POST,PGR_Assign,HTTP/2.0,main,,200,,tls1.3,PGR_Assign,,
vus,1787520344,2.000000,,,,,,,,,,,,,,,,
vus_max,1787520344,2.000000,,,,,,,,,,,,,,,,
vus,1787520345,2.000000,,,,,,,,,,,,,,,,
vus_max,1787520345,2.000000,,,,,,,,,,,,,,,,
vus,1787520346,2.000000,,,,,,,,,,,,,,,,
vus_max,1787520346,2.000000,,,,,,,,,,,,,,,,
http_reqs,1787520346,1.000000,,,,true,,POST,PGR_Assign,HTTP/2.0,main,,200,,tls1.3,PGR_Assign,,
http_req_duration,1787520346,400.188443,,,,true,,POST,PGR_Assign,HTTP/2.0,main,,200,,tls1.3,PGR_Assign,,
http_req_blocked,1787520346,0.000291,,,,true,,POST,PGR_Assign,HTTP/2.0,main,,200,,tls1.3,PGR_Assign,,
http_req_connecting,1787520346,0.000000,,,,true,,POST,PGR_Assign,HTTP/2.0,main,,200,,tls1.3,PGR_Assign,,
http_req_tls_handshaking,1787520346,0.000000,,,,true,,POST,PGR_Assign,HTTP/2.0,main,,200,,tls1.3,PGR_Assign,,
http_req_sending,1787520346,0.079001,,,,true,,POST,PGR_Assign,HTTP/2.0,main,,200,,tls1.3,PGR_Assign,,
http_req_waiting,1787520346,399.638695,,,,true,,POST,PGR_Assign,HTTP/2.0,main,,200,,tls1.3,PGR_Assign,,
http_req_receiving,1787520346,0.470747,,,,true,,POST,PGR_Assign,HTTP/2.0,main,,200,,tls1.3,PGR_Assign,,
http_req_failed,1787520346,0.000000,,,,true,,POST,PGR_Assign,HTTP/2.0,main,,200,,tls1.3,PGR_Assign,,
http_reqs,1787520346,1.000000,,,,true,,POST,PGR_Resolve,HTTP/2.0,main,,200,,tls1.3,PGR_Resolve,,
http_req_duration,1787520346,384.425811,,,,true,,POST,PGR_Resolve,HTTP/2.0,main,,200,,tls1.3,PGR_Resolve,,
http_req_blocked,1787520346,0.000621,,,,true,,POST,PGR_Resolve,HTTP/2.0,main,,200,,tls1.3,PGR_Resolve,,
http_req_connecting,1787520346,0.000000,,,,true,,POST,PGR_Resolve,HTTP/2.0,main,,200,,tls1.3,PGR_Resolve,,
http_req_tls_handshaking,1787520346,0.000000,,,,true,,POST,PGR_Resolve,HTTP/2.0,main,,200,,tls1.3,PGR_Resolve,,
http_req_sending,1787520346,0.061597,,,,true,,POST,PGR_Resolve,HTTP/2.0,main,,200,,tls1.3,PGR_Resolve,,
http_req_waiting,1787520346,384.294021,,,,true,,POST,PGR_Resolve,HTTP/2.0,main,,200,,tls1.3,PGR_Resolve,,
http_req_receiving,1787520346,0.070193,,,,true,,POST,PGR_Resolve,HTTP/2.0,main,,200,,tls1.3,PGR_Resolve,,
http_req_failed,1787520346,0.000000,,,,true,,POST,PGR_Resolve,HTTP/2.0,main,,200,,tls1.3,PGR_Resolve,,
vus,1787520347,2.000000,,,,,,,,,,,,,,,,
vus_max,1787520347,2.000000,,,,,,,,,,,,,,,,
vus,1787520348,2.000000,,,,,,,,,,,,,,,,
vus_max,1787520348,2.000000,,,,,,,,,,,,,,,,
vus,1787520349,2.000000,,,,,,,,,,,,,,,,
vus_max,1787520349,2.000000,,,,,,,,,,,,,,,,
http_reqs,1787520349,1.000000,,,,true,,POST,PGR_Resolve,HTTP/2.0,main,,200,,tls1.3,PGR_Resolve,,
http_req_duration,1787520349,364.951685,,,,true,,POST,PGR_Resolve,HTTP/2.0,main,,200,,tls1.3,PGR_Resolve,,
http_req_blocked,1787520349,0.000271,,,,true,,POST,PGR_Resolve,HTTP/2.0,main,,200,,tls1.3,PGR_Resolve,,
http_req_connecting,1787520349,0.000000,,,,true,,POST,PGR_Resolve,HTTP/2.0,main,,200,,tls1.3,PGR_Resolve,,
http_req_tls_handshaking,1787520349,0.000000,,,,true,,POST,PGR_Resolve,HTTP/2.0,main,,200,,tls1.3,PGR_Resolve,,
http_req_sending,1787520349,0.099580,,,,true,,POST,PGR_Resolve,HTTP/2.0,main,,200,,tls1.3,PGR_Resolve,,
http_req_waiting,1787520349,364.765260,,,,true,,POST,PGR_Resolve,HTTP/2.0,main,,200,,tls1.3,PGR_Resolve,,
http_req_receiving,1787520349,0.086845,,,,true,,POST,PGR_Resolve,HTTP/2.0,main,,200,,tls1.3,PGR_Resolve,,
http_req_failed,1787520349,0.000000,,,,true,,POST,PGR_Resolve,HTTP/2.0,main,,200,,tls1.3,PGR_Resolve,,
http_reqs,1787520350,1.000000,,,,true,,POST,PGR_Search,HTTP/2.0,main,,200,,tls1.3,PGR_Search,,
http_req_duration,1787520350,306.883144,,,,true,,POST,PGR_Search,HTTP/2.0,main,,200,,tls1.3,PGR_Search,,
http_req_blocked,1787520350,0.000581,,,,true,,POST,PGR_Search,HTTP/2.0,main,,200,,tls1.3,PGR_Search,,
http_req_connecting,1787520350,0.000000,,,,true,,POST,PGR_Search,HTTP/2.0,main,,200,,tls1.3,PGR_Search,,
http_req_tls_handshaking,1787520350,0.000000,,,,true,,POST,PGR_Search,HTTP/2.0,main,,200,,tls1.3,PGR_Search,,
http_req_sending,1787520350,0.097506,,,,true,,POST,PGR_Search,HTTP/2.0,main,,200,,tls1.3,PGR_Search,,
http_req_waiting,1787520350,306.733248,,,,true,,POST,PGR_Search,HTTP/2.0,main,,200,,tls1.3,PGR_Search,,
http_req_receiving,1787520350,0.052390,,,,true,,POST,PGR_Search,HTTP/2.0,main,,200,,tls1.3,PGR_Search,,
http_req_failed,1787520350,0.000000,,,,true,,POST,PGR_Search,HTTP/2.0,main,,200,,tls1.3,PGR_Search,,
transaction_duration,1787520350,10152.000000,,,,,,,,,main,,,,,,,
transaction_success,1787520350,1.000000,,,,,,,,,main,,,,,,,
data_sent,1787520350,14300.000000,,,,,,,,,main,,,,,,,
data_received,1787520350,18674.000000,,,,,,,,,main,,,,,,,
iteration_duration,1787520350,10151.327120,,,,,,,,,main,,,,,,,
iterations,1787520350,1.000000,,,,,,,,,main,,,,,,,
vus,1787520350,2.000000,,,,,,,,,,,,,,,,
vus_max,1787520350,2.000000,,,,,,,,,,,,,,,,
http_reqs,1787520350,1.000000,,,,true,,POST,PGR_Search,HTTP/2.0,main,,200,,tls1.3,PGR_Search,,
http_req_duration,1787520350,319.502397,,,,true,,POST,PGR_Search,HTTP/2.0,main,,200,,tls1.3,PGR_Search,,
http_req_blocked,1787520350,0.000311,,,,true,,POST,PGR_Search,HTTP/2.0,main,,200,,tls1.3,PGR_Search,,
http_req_connecting,1787520350,0.000000,,,,true,,POST,PGR_Search,HTTP/2.0,main,,200,,tls1.3,PGR_Search,,
http_req_tls_handshaking,1787520350,0.000000,,,,true,,POST,PGR_Search,HTTP/2.0,main,,200,,tls1.3,PGR_Search,,
http_req_sending,1787520350,0.099660,,,,true,,POST,PGR_Search,HTTP/2.0,main,,200,,tls1.3,PGR_Search,,
http_req_waiting,1787520350,319.355036,,,,true,,POST,PGR_Search,HTTP/2.0,main,,200,,tls1.3,PGR_Search,,
http_req_receiving,1787520350,0.047701,,,,true,,POST,PGR_Search,HTTP/2.0,main,,200,,tls1.3,PGR_Search,,
http_req_failed,1787520350,0.000000,,,,true,,POST,PGR_Search,HTTP/2.0,main,,200,,tls1.3,PGR_Search,,
transaction_duration,1787520350,8434.000000,,,,,,,,,main,,,,,,,
transaction_success,1787520350,1.000000,,,,,,,,,main,,,,,,,
data_sent,1787520350,14487.000000,,,,,,,,,main,,,,,,,
data_received,1787520350,18931.000000,,,,,,,,,main,,,,,,,
iteration_duration,1787520350,8433.528689,,,,,,,,,main,,,,,,,
iterations,1787520350,1.000000,,,,,,,,,main,,,,,,,
vus,1787520351,2.000000,,,,,,,,,,,,,,,,
vus_max,1787520351,2.000000,,,,,,,,,,,,,,,,
http_reqs,1787520351,1.000000,,,,true,,POST,PGR_Create,HTTP/2.0,main,,200,,tls1.3,PGR_Create,,
http_req_duration,1787520351,394.628362,,,,true,,POST,PGR_Create,HTTP/2.0,main,,200,,tls1.3,PGR_Create,,
http_req_blocked,1787520351,0.000270,,,,true,,POST,PGR_Create,HTTP/2.0,main,,200,,tls1.3,PGR_Create,,
http_req_connecting,1787520351,0.000000,,,,true,,POST,PGR_Create,HTTP/2.0,main,,200,,tls1.3,PGR_Create,,
http_req_tls_handshaking,1787520351,0.000000,,,,true,,POST,PGR_Create,HTTP/2.0,main,,200,,tls1.3,PGR_Create,,
http_req_sending,1787520351,0.079933,,,,true,,POST,PGR_Create,HTTP/2.0,main,,200,,tls1.3,PGR_Create,,
http_req_waiting,1787520351,394.486621,,,,true,,POST,PGR_Create,HTTP/2.0,main,,200,,tls1.3,PGR_Create,,
http_req_receiving,1787520351,0.061808,,,,true,,POST,PGR_Create,HTTP/2.0,main,,200,,tls1.3,PGR_Create,,
http_req_failed,1787520351,0.000000,,,,true,,POST,PGR_Create,HTTP/2.0,main,,200,,tls1.3,PGR_Create,,
vus,1787520352,2.000000,,,,,,,,,,,,,,,,
vus_max,1787520352,2.000000,,,,,,,,,,,,,,,,
http_reqs,1787520352,1.000000,,,,true,,POST,PGR_Create,HTTP/2.0,main,,200,,tls1.3,PGR_Create,,
http_req_duration,1787520352,395.808107,,,,true,,POST,PGR_Create,HTTP/2.0,main,,200,,tls1.3,PGR_Create,,
http_req_blocked,1787520352,0.000331,,,,true,,POST,PGR_Create,HTTP/2.0,main,,200,,tls1.3,PGR_Create,,
http_req_connecting,1787520352,0.000000,,,,true,,POST,PGR_Create,HTTP/2.0,main,,200,,tls1.3,PGR_Create,,
http_req_tls_handshaking,1787520352,0.000000,,,,true,,POST,PGR_Create,HTTP/2.0,main,,200,,tls1.3,PGR_Create,,
http_req_sending,1787520352,0.101814,,,,true,,POST,PGR_Create,HTTP/2.0,main,,200,,tls1.3,PGR_Create,,
http_req_waiting,1787520352,395.619157,,,,true,,POST,PGR_Create,HTTP/2.0,main,,200,,tls1.3,PGR_Create,,
http_req_receiving,1787520352,0.087136,,,,true,,POST,PGR_Create,HTTP/2.0,main,,200,,tls1.3,PGR_Create,,
http_req_failed,1787520352,0.000000,,,,true,,POST,PGR_Create,HTTP/2.0,main,,200,,tls1.3,PGR_Create,,
vus,1787520353,2.000000,,,,,,,,,,,,,,,,
vus_max,1787520353,2.000000,,,,,,,,,,,,,,,,
http_reqs,1787520353,1.000000,,,,true,,POST,PGR_Assign,HTTP/2.0,main,,200,,tls1.3,PGR_Assign,,
http_req_duration,1787520353,357.923992,,,,true,,POST,PGR_Assign,HTTP/2.0,main,,200,,tls1.3,PGR_Assign,,
http_req_blocked,1787520353,0.000261,,,,true,,POST,PGR_Assign,HTTP/2.0,main,,200,,tls1.3,PGR_Assign,,
http_req_connecting,1787520353,0.000000,,,,true,,POST,PGR_Assign,HTTP/2.0,main,,200,,tls1.3,PGR_Assign,,
http_req_tls_handshaking,1787520353,0.000000,,,,true,,POST,PGR_Assign,HTTP/2.0,main,,200,,tls1.3,PGR_Assign,,
http_req_sending,1787520353,0.088037,,,,true,,POST,PGR_Assign,HTTP/2.0,main,,200,,tls1.3,PGR_Assign,,
http_req_waiting,1787520353,357.760471,,,,true,,POST,PGR_Assign,HTTP/2.0,main,,200,,tls1.3,PGR_Assign,,
http_req_receiving,1787520353,0.075484,,,,true,,POST,PGR_Assign,HTTP/2.0,main,,200,,tls1.3,PGR_Assign,,
http_req_failed,1787520353,0.000000,,,,true,,POST,PGR_Assign,HTTP/2.0,main,,200,,tls1.3,PGR_Assign,,
vus,1787520354,2.000000,,,,,,,,,,,,,,,,
vus_max,1787520354,2.000000,,,,,,,,,,,,,,,,
http_reqs,1787520354,1.000000,,,,true,,POST,PGR_Resolve,HTTP/2.0,main,,200,,tls1.3,PGR_Resolve,,
http_req_duration,1787520354,378.126892,,,,true,,POST,PGR_Resolve,HTTP/2.0,main,,200,,tls1.3,PGR_Resolve,,
http_req_blocked,1787520354,0.000281,,,,true,,POST,PGR_Resolve,HTTP/2.0,main,,200,,tls1.3,PGR_Resolve,,
http_req_connecting,1787520354,0.000000,,,,true,,POST,PGR_Resolve,HTTP/2.0,main,,200,,tls1.3,PGR_Resolve,,
http_req_tls_handshaking,1787520354,0.000000,,,,true,,POST,PGR_Resolve,HTTP/2.0,main,,200,,tls1.3,PGR_Resolve,,
http_req_sending,1787520354,0.073871,,,,true,,POST,PGR_Resolve,HTTP/2.0,main,,200,,tls1.3,PGR_Resolve,,
http_req_waiting,1787520354,377.985813,,,,true,,POST,PGR_Resolve,HTTP/2.0,main,,200,,tls1.3,PGR_Resolve,,
http_req_receiving,1787520354,0.067208,,,,true,,POST,PGR_Resolve,HTTP/2.0,main,,200,,tls1.3,PGR_Resolve,,
http_req_failed,1787520354,0.000000,,,,true,,POST,PGR_Resolve,HTTP/2.0,main,,200,,tls1.3,PGR_Resolve,,
vus,1787520355,2.000000,,,,,,,,,,,,,,,,
vus_max,1787520355,2.000000,,,,,,,,,,,,,,,,
http_reqs,1787520355,1.000000,,,,true,,POST,PGR_Assign,HTTP/2.0,main,,200,,tls1.3,PGR_Assign,,
http_req_duration,1787520355,365.606672,,,,true,,POST,PGR_Assign,HTTP/2.0,main,,200,,tls1.3,PGR_Assign,,
http_req_blocked,1787520355,0.000320,,,,true,,POST,PGR_Assign,HTTP/2.0,main,,200,,tls1.3,PGR_Assign,,
http_req_connecting,1787520355,0.000000,,,,true,,POST,PGR_Assign,HTTP/2.0,main,,200,,tls1.3,PGR_Assign,,
http_req_tls_handshaking,1787520355,0.000000,,,,true,,POST,PGR_Assign,HTTP/2.0,main,,200,,tls1.3,PGR_Assign,,
http_req_sending,1787520355,0.105121,,,,true,,POST,PGR_Assign,HTTP/2.0,main,,200,,tls1.3,PGR_Assign,,
http_req_waiting,1787520355,365.412031,,,,true,,POST,PGR_Assign,HTTP/2.0,main,,200,,tls1.3,PGR_Assign,,
http_req_receiving,1787520355,0.089520,,,,true,,POST,PGR_Assign,HTTP/2.0,main,,200,,tls1.3,PGR_Assign,,
http_req_failed,1787520355,0.000000,,,,true,,POST,PGR_Assign,HTTP/2.0,main,,200,,tls1.3,PGR_Assign,,
vus,1787520356,2.000000,,,,,,,,,,,,,,,,
vus_max,1787520356,2.000000,,,,,,,,,,,,,,,,
vus,1787520357,2.000000,,,,,,,,,,,,,,,,
vus_max,1787520357,2.000000,,,,,,,,,,,,,,,,
http_reqs,1787520357,1.000000,,,,true,,POST,PGR_Resolve,HTTP/2.0,main,,200,,tls1.3,PGR_Resolve,,
http_req_duration,1787520357,389.481265,,,,true,,POST,PGR_Resolve,HTTP/2.0,main,,200,,tls1.3,PGR_Resolve,,
http_req_blocked,1787520357,0.000320,,,,true,,POST,PGR_Resolve,HTTP/2.0,main,,200,,tls1.3,PGR_Resolve,,
http_req_connecting,1787520357,0.000000,,,,true,,POST,PGR_Resolve,HTTP/2.0,main,,200,,tls1.3,PGR_Resolve,,
http_req_tls_handshaking,1787520357,0.000000,,,,true,,POST,PGR_Resolve,HTTP/2.0,main,,200,,tls1.3,PGR_Resolve,,
http_req_sending,1787520357,0.093419,,,,true,,POST,PGR_Resolve,HTTP/2.0,main,,200,,tls1.3,PGR_Resolve,,
http_req_waiting,1787520357,389.309376,,,,true,,POST,PGR_Resolve,HTTP/2.0,main,,200,,tls1.3,PGR_Resolve,,
http_req_receiving,1787520357,0.078470,,,,true,,POST,PGR_Resolve,HTTP/2.0,main,,200,,tls1.3,PGR_Resolve,,
http_req_failed,1787520357,0.000000,,,,true,,POST,PGR_Resolve,HTTP/2.0,main,,200,,tls1.3,PGR_Resolve,,
http_reqs,1787520358,1.000000,,,,true,,POST,PGR_Search,HTTP/2.0,main,,200,,tls1.3,PGR_Search,,
http_req_duration,1787520358,315.780360,,,,true,,POST,PGR_Search,HTTP/2.0,main,,200,,tls1.3,PGR_Search,,
http_req_blocked,1787520358,0.000200,,,,true,,POST,PGR_Search,HTTP/2.0,main,,200,,tls1.3,PGR_Search,,
http_req_connecting,1787520358,0.000000,,,,true,,POST,PGR_Search,HTTP/2.0,main,,200,,tls1.3,PGR_Search,,
http_req_tls_handshaking,1787520358,0.000000,,,,true,,POST,PGR_Search,HTTP/2.0,main,,200,,tls1.3,PGR_Search,,
http_req_sending,1787520358,0.043032,,,,true,,POST,PGR_Search,HTTP/2.0,main,,200,,tls1.3,PGR_Search,,
http_req_waiting,1787520358,315.690769,,,,true,,POST,PGR_Search,HTTP/2.0,main,,200,,tls1.3,PGR_Search,,
http_req_receiving,1787520358,0.046559,,,,true,,POST,PGR_Search,HTTP/2.0,main,,200,,tls1.3,PGR_Search,,
http_req_failed,1787520358,0.000000,,,,true,,POST,PGR_Search,HTTP/2.0,main,,200,,tls1.3,PGR_Search,,
transaction_duration,1787520358,8069.000000,,,,,,,,,main,,,,,,,
transaction_success,1787520358,1.000000,,,,,,,,,main,,,,,,,
data_sent,1787520358,14312.000000,,,,,,,,,main,,,,,,,
data_received,1787520358,18691.000000,,,,,,,,,main,,,,,,,
iteration_duration,1787520358,8069.148337,,,,,,,,,main,,,,,,,
iterations,1787520358,1.000000,,,,,,,,,main,,,,,,,
vus,1787520358,2.000000,,,,,,,,,,,,,,,,
vus_max,1787520358,2.000000,,,,,,,,,,,,,,,,
vus,1787520359,2.000000,,,,,,,,,,,,,,,,
vus_max,1787520359,2.000000,,,,,,,,,,,,,,,,
vus,1787520360,2.000000,,,,,,,,,,,,,,,,
vus_max,1787520360,2.000000,,,,,,,,,,,,,,,,
http_reqs,1787520360,1.000000,,,,true,,POST,PGR_Search,HTTP/2.0,main,,200,,tls1.3,PGR_Search,,
http_req_duration,1787520360,315.722107,,,,true,,POST,PGR_Search,HTTP/2.0,main,,200,,tls1.3,PGR_Search,,
http_req_blocked,1787520360,0.000331,,,,true,,POST,PGR_Search,HTTP/2.0,main,,200,,tls1.3,PGR_Search,,
http_req_connecting,1787520360,0.000000,,,,true,,POST,PGR_Search,HTTP/2.0,main,,200,,tls1.3,PGR_Search,,
http_req_tls_handshaking,1787520360,0.000000,,,,true,,POST,PGR_Search,HTTP/2.0,main,,200,,tls1.3,PGR_Search,,
http_req_sending,1787520360,0.081645,,,,true,,POST,PGR_Search,HTTP/2.0,main,,200,,tls1.3,PGR_Search,,
http_req_waiting,1787520360,315.524982,,,,true,,POST,PGR_Search,HTTP/2.0,main,,200,,tls1.3,PGR_Search,,
http_req_receiving,1787520360,0.115480,,,,true,,POST,PGR_Search,HTTP/2.0,main,,200,,tls1.3,PGR_Search,,
http_req_failed,1787520360,0.000000,,,,true,,POST,PGR_Search,HTTP/2.0,main,,200,,tls1.3,PGR_Search,,
transaction_duration,1787520360,9478.000000,,,,,,,,,main,,,,,,,
transaction_success,1787520360,1.000000,,,,,,,,,main,,,,,,,
data_sent,1787520360,14411.000000,,,,,,,,,main,,,,,,,
data_received,1787520360,18744.000000,,,,,,,,,main,,,,,,,
iteration_duration,1787520360,9477.923129,,,,,,,,,main,,,,,,,
iterations,1787520360,1.000000,,,,,,,,,main,,,,,,,
vus,1787520361,2.000000,,,,,,,,,,,,,,,,
vus_max,1787520361,2.000000,,,,,,,,,,,,,,,,
http_reqs,1787520361,1.000000,,,,true,,POST,PGR_Create,HTTP/2.0,main,,200,,tls1.3,PGR_Create,,
http_req_duration,1787520361,392.115339,,,,true,,POST,PGR_Create,HTTP/2.0,main,,200,,tls1.3,PGR_Create,,
http_req_blocked,1787520361,0.000431,,,,true,,POST,PGR_Create,HTTP/2.0,main,,200,,tls1.3,PGR_Create,,
http_req_connecting,1787520361,0.000000,,,,true,,POST,PGR_Create,HTTP/2.0,main,,200,,tls1.3,PGR_Create,,
http_req_tls_handshaking,1787520361,0.000000,,,,true,,POST,PGR_Create,HTTP/2.0,main,,200,,tls1.3,PGR_Create,,
http_req_sending,1787520361,0.086766,,,,true,,POST,PGR_Create,HTTP/2.0,main,,200,,tls1.3,PGR_Create,,
http_req_waiting,1787520361,391.935987,,,,true,,POST,PGR_Create,HTTP/2.0,main,,200,,tls1.3,PGR_Create,,
http_req_receiving,1787520361,0.092586,,,,true,,POST,PGR_Create,HTTP/2.0,main,,200,,tls1.3,PGR_Create,,
http_req_failed,1787520361,0.000000,,,,true,,POST,PGR_Create,HTTP/2.0,main,,200,,tls1.3,PGR_Create,,
vus,1787520362,2.000000,,,,,,,,,,,,,,,,
vus_max,1787520362,2.000000,,,,,,,,,,,,,,,,
vus,1787520363,2.000000,,,,,,,,,,,,,,,,
vus_max,1787520363,2.000000,,,,,,,,,,,,,,,,
http_reqs,1787520363,1.000000,,,,true,,POST,PGR_Create,HTTP/2.0,main,,200,,tls1.3,PGR_Create,,
http_req_duration,1787520363,400.824002,,,,true,,POST,PGR_Create,HTTP/2.0,main,,200,,tls1.3,PGR_Create,,
http_req_blocked,1787520363,0.000541,,,,true,,POST,PGR_Create,HTTP/2.0,main,,200,,tls1.3,PGR_Create,,
http_req_connecting,1787520363,0.000000,,,,true,,POST,PGR_Create,HTTP/2.0,main,,200,,tls1.3,PGR_Create,,
http_req_tls_handshaking,1787520363,0.000000,,,,true,,POST,PGR_Create,HTTP/2.0,main,,200,,tls1.3,PGR_Create,,
http_req_sending,1787520363,0.091836,,,,true,,POST,PGR_Create,HTTP/2.0,main,,200,,tls1.3,PGR_Create,,
http_req_waiting,1787520363,400.671760,,,,true,,POST,PGR_Create,HTTP/2.0,main,,200,,tls1.3,PGR_Create,,
http_req_receiving,1787520363,0.060406,,,,true,,POST,PGR_Create,HTTP/2.0,main,,200,,tls1.3,PGR_Create,,
http_req_failed,1787520363,0.000000,,,,true,,POST,PGR_Create,HTTP/2.0,main,,200,,tls1.3,PGR_Create,,
vus,1787520364,2.000000,,,,,,,,,,,,,,,,
vus_max,1787520364,2.000000,,,,,,,,,,,,,,,,
http_reqs,1787520364,1.000000,,,,true,,POST,PGR_Assign,HTTP/2.0,main,,200,,tls1.3,PGR_Assign,,
http_req_duration,1787520364,370.606545,,,,true,,POST,PGR_Assign,HTTP/2.0,main,,200,,tls1.3,PGR_Assign,,
http_req_blocked,1787520364,0.000311,,,,true,,POST,PGR_Assign,HTTP/2.0,main,,200,,tls1.3,PGR_Assign,,
http_req_connecting,1787520364,0.000000,,,,true,,POST,PGR_Assign,HTTP/2.0,main,,200,,tls1.3,PGR_Assign,,
http_req_tls_handshaking,1787520364,0.000000,,,,true,,POST,PGR_Assign,HTTP/2.0,main,,200,,tls1.3,PGR_Assign,,
http_req_sending,1787520364,0.089711,,,,true,,POST,PGR_Assign,HTTP/2.0,main,,200,,tls1.3,PGR_Assign,,
http_req_waiting,1787520364,370.452922,,,,true,,POST,PGR_Assign,HTTP/2.0,main,,200,,tls1.3,PGR_Assign,,
http_req_receiving,1787520364,0.063912,,,,true,,POST,PGR_Assign,HTTP/2.0,main,,200,,tls1.3,PGR_Assign,,
http_req_failed,1787520364,0.000000,,,,true,,POST,PGR_Assign,HTTP/2.0,main,,200,,tls1.3,PGR_Assign,,
vus,1787520365,2.000000,,,,,,,,,,,,,,,,
vus_max,1787520365,2.000000,,,,,,,,,,,,,,,,
http_reqs,1787520365,1.000000,,,,true,,POST,PGR_Assign,HTTP/2.0,main,,200,,tls1.3,PGR_Assign,,
http_req_duration,1787520365,377.195354,,,,true,,POST,PGR_Assign,HTTP/2.0,main,,200,,tls1.3,PGR_Assign,,
http_req_blocked,1787520365,0.000270,,,,true,,POST,PGR_Assign,HTTP/2.0,main,,200,,tls1.3,PGR_Assign,,
http_req_connecting,1787520365,0.000000,,,,true,,POST,PGR_Assign,HTTP/2.0,main,,200,,tls1.3,PGR_Assign,,
http_req_tls_handshaking,1787520365,0.000000,,,,true,,POST,PGR_Assign,HTTP/2.0,main,,200,,tls1.3,PGR_Assign,,
http_req_sending,1787520365,0.066347,,,,true,,POST,PGR_Assign,HTTP/2.0,main,,200,,tls1.3,PGR_Assign,,
http_req_waiting,1787520365,377.060115,,,,true,,POST,PGR_Assign,HTTP/2.0,main,,200,,tls1.3,PGR_Assign,,
http_req_receiving,1787520365,0.068892,,,,true,,POST,PGR_Assign,HTTP/2.0,main,,200,,tls1.3,PGR_Assign,,
http_req_failed,1787520365,0.000000,,,,true,,POST,PGR_Assign,HTTP/2.0,main,,200,,tls1.3,PGR_Assign,,
vus,1787520366,2.000000,,,,,,,,,,,,,,,,
vus_max,1787520366,2.000000,,,,,,,,,,,,,,,,
http_reqs,1787520366,1.000000,,,,true,,POST,PGR_Resolve,HTTP/2.0,main,,200,,tls1.3,PGR_Resolve,,
http_req_duration,1787520366,368.402286,,,,true,,POST,PGR_Resolve,HTTP/2.0,main,,200,,tls1.3,PGR_Resolve,,
http_req_blocked,1787520366,0.000240,,,,true,,POST,PGR_Resolve,HTTP/2.0,main,,200,,tls1.3,PGR_Resolve,,
http_req_connecting,1787520366,0.000000,,,,true,,POST,PGR_Resolve,HTTP/2.0,main,,200,,tls1.3,PGR_Resolve,,
http_req_tls_handshaking,1787520366,0.000000,,,,true,,POST,PGR_Resolve,HTTP/2.0,main,,200,,tls1.3,PGR_Resolve,,
http_req_sending,1787520366,0.092847,,,,true,,POST,PGR_Resolve,HTTP/2.0,main,,200,,tls1.3,PGR_Resolve,,
http_req_waiting,1787520366,368.232413,,,,true,,POST,PGR_Resolve,HTTP/2.0,main,,200,,tls1.3,PGR_Resolve,,
http_req_receiving,1787520366,0.077026,,,,true,,POST,PGR_Resolve,HTTP/2.0,main,,200,,tls1.3,PGR_Resolve,,
http_req_failed,1787520366,0.000000,,,,true,,POST,PGR_Resolve,HTTP/2.0,main,,200,,tls1.3,PGR_Resolve,,
vus,1787520367,2.000000,,,,,,,,,,,,,,,,
vus_max,1787520367,2.000000,,,,,,,,,,,,,,,,
http_reqs,1787520367,1.000000,,,,true,,POST,PGR_Resolve,HTTP/2.0,main,,200,,tls1.3,PGR_Resolve,,
http_req_duration,1787520367,380.391496,,,,true,,POST,PGR_Resolve,HTTP/2.0,main,,200,,tls1.3,PGR_Resolve,,
http_req_blocked,1787520367,0.000280,,,,true,,POST,PGR_Resolve,HTTP/2.0,main,,200,,tls1.3,PGR_Resolve,,
http_req_connecting,1787520367,0.000000,,,,true,,POST,PGR_Resolve,HTTP/2.0,main,,200,,tls1.3,PGR_Resolve,,
http_req_tls_handshaking,1787520367,0.000000,,,,true,,POST,PGR_Resolve,HTTP/2.0,main,,200,,tls1.3,PGR_Resolve,,
http_req_sending,1787520367,0.069363,,,,true,,POST,PGR_Resolve,HTTP/2.0,main,,200,,tls1.3,PGR_Resolve,,
http_req_waiting,1787520367,380.242201,,,,true,,POST,PGR_Resolve,HTTP/2.0,main,,200,,tls1.3,PGR_Resolve,,
http_req_receiving,1787520367,0.079932,,,,true,,POST,PGR_Resolve,HTTP/2.0,main,,200,,tls1.3,PGR_Resolve,,
http_req_failed,1787520367,0.000000,,,,true,,POST,PGR_Resolve,HTTP/2.0,main,,200,,tls1.3,PGR_Resolve,,
vus,1787520368,2.000000,,,,,,,,,,,,,,,,
vus_max,1787520368,2.000000,,,,,,,,,,,,,,,,
http_reqs,1787520368,1.000000,,,,true,,POST,PGR_Search,HTTP/2.0,main,,200,,tls1.3,PGR_Search,,
http_req_duration,1787520368,311.134927,,,,true,,POST,PGR_Search,HTTP/2.0,main,,200,,tls1.3,PGR_Search,,
http_req_blocked,1787520368,0.000330,,,,true,,POST,PGR_Search,HTTP/2.0,main,,200,,tls1.3,PGR_Search,,
http_req_connecting,1787520368,0.000000,,,,true,,POST,PGR_Search,HTTP/2.0,main,,200,,tls1.3,PGR_Search,,
http_req_tls_handshaking,1787520368,0.000000,,,,true,,POST,PGR_Search,HTTP/2.0,main,,200,,tls1.3,PGR_Search,,
http_req_sending,1787520368,0.097516,,,,true,,POST,PGR_Search,HTTP/2.0,main,,200,,tls1.3,PGR_Search,,
http_req_waiting,1787520368,310.970133,,,,true,,POST,PGR_Search,HTTP/2.0,main,,200,,tls1.3,PGR_Search,,
http_req_receiving,1787520368,0.067278,,,,true,,POST,PGR_Search,HTTP/2.0,main,,200,,tls1.3,PGR_Search,,
http_req_failed,1787520368,0.000000,,,,true,,POST,PGR_Search,HTTP/2.0,main,,200,,tls1.3,PGR_Search,,
transaction_duration,1787520368,10479.000000,,,,,,,,,main,,,,,,,
transaction_success,1787520368,1.000000,,,,,,,,,main,,,,,,,
data_sent,1787520368,14232.000000,,,,,,,,,main,,,,,,,
data_received,1787520368,18571.000000,,,,,,,,,main,,,,,,,
iteration_duration,1787520368,10478.618249,,,,,,,,,main,,,,,,,
iterations,1787520368,1.000000,,,,,,,,,main,,,,,,,
vus,1787520369,2.000000,,,,,,,,,,,,,,,,
vus_max,1787520369,2.000000,,,,,,,,,,,,,,,,
vus,1787520370,2.000000,,,,,,,,,,,,,,,,
vus_max,1787520370,2.000000,,,,,,,,,,,,,,,,
http_reqs,1787520370,1.000000,,,,true,,POST,PGR_Search,HTTP/2.0,main,,200,,tls1.3,PGR_Search,,
http_req_duration,1787520370,318.353230,,,,true,,POST,PGR_Search,HTTP/2.0,main,,200,,tls1.3,PGR_Search,,
http_req_blocked,1787520370,0.000240,,,,true,,POST,PGR_Search,HTTP/2.0,main,,200,,tls1.3,PGR_Search,,
http_req_connecting,1787520370,0.000000,,,,true,,POST,PGR_Search,HTTP/2.0,main,,200,,tls1.3,PGR_Search,,
http_req_tls_handshaking,1787520370,0.000000,,,,true,,POST,PGR_Search,HTTP/2.0,main,,200,,tls1.3,PGR_Search,,
http_req_sending,1787520370,0.081526,,,,true,,POST,PGR_Search,HTTP/2.0,main,,200,,tls1.3,PGR_Search,,
http_req_waiting,1787520370,318.219705,,,,true,,POST,PGR_Search,HTTP/2.0,main,,200,,tls1.3,PGR_Search,,
http_req_receiving,1787520370,0.051999,,,,true,,POST,PGR_Search,HTTP/2.0,main,,200,,tls1.3,PGR_Search,,
http_req_failed,1787520370,0.000000,,,,true,,POST,PGR_Search,HTTP/2.0,main,,200,,tls1.3,PGR_Search,,
transaction_duration,1787520370,10064.000000,,,,,,,,,main,,,,,,,
transaction_success,1787520370,1.000000,,,,,,,,,main,,,,,,,
data_sent,1787520370,14404.000000,,,,,,,,,main,,,,,,,
data_received,1787520370,18860.000000,,,,,,,,,main,,,,,,,
iteration_duration,1787520370,10064.586257,,,,,,,,,main,,,,,,,
iterations,1787520370,1.000000,,,,,,,,,main,,,,,,,
http_reqs,1787520370,1.000000,,,,true,,POST,PGR_Create,HTTP/2.0,main,,200,,tls1.3,PGR_Create,,
http_req_duration,1787520370,370.760427,,,,true,,POST,PGR_Create,HTTP/2.0,main,,200,,tls1.3,PGR_Create,,
http_req_blocked,1787520370,0.000270,,,,true,,POST,PGR_Create,HTTP/2.0,main,,200,,tls1.3,PGR_Create,,
http_req_connecting,1787520370,0.000000,,,,true,,POST,PGR_Create,HTTP/2.0,main,,200,,tls1.3,PGR_Create,,
http_req_tls_handshaking,1787520370,0.000000,,,,true,,POST,PGR_Create,HTTP/2.0,main,,200,,tls1.3,PGR_Create,,
http_req_sending,1787520370,0.085403,,,,true,,POST,PGR_Create,HTTP/2.0,main,,200,,tls1.3,PGR_Create,,
http_req_waiting,1787520370,370.569844,,,,true,,POST,PGR_Create,HTTP/2.0,main,,200,,tls1.3,PGR_Create,,
http_req_receiving,1787520370,0.105180,,,,true,,POST,PGR_Create,HTTP/2.0,main,,200,,tls1.3,PGR_Create,,
http_req_failed,1787520370,0.000000,,,,true,,POST,PGR_Create,HTTP/2.0,main,,200,,tls1.3,PGR_Create,,
vus,1787520371,2.000000,,,,,,,,,,,,,,,,
vus_max,1787520371,2.000000,,,,,,,,,,,,,,,,
vus,1787520372,2.000000,,,,,,,,,,,,,,,,
vus_max,1787520372,2.000000,,,,,,,,,,,,,,,,
vus,1787520373,2.000000,,,,,,,,,,,,,,,,
vus_max,1787520373,2.000000,,,,,,,,,,,,,,,,
http_reqs,1787520373,1.000000,,,,true,,POST,PGR_Create,HTTP/2.0,main,,200,,tls1.3,PGR_Create,,
http_req_duration,1787520373,415.562724,,,,true,,POST,PGR_Create,HTTP/2.0,main,,200,,tls1.3,PGR_Create,,
http_req_blocked,1787520373,0.000230,,,,true,,POST,PGR_Create,HTTP/2.0,main,,200,,tls1.3,PGR_Create,,
http_req_connecting,1787520373,0.000000,,,,true,,POST,PGR_Create,HTTP/2.0,main,,200,,tls1.3,PGR_Create,,
http_req_tls_handshaking,1787520373,0.000000,,,,true,,POST,PGR_Create,HTTP/2.0,main,,200,,tls1.3,PGR_Create,,
http_req_sending,1787520373,0.091214,,,,true,,POST,PGR_Create,HTTP/2.0,main,,200,,tls1.3,PGR_Create,,
http_req_waiting,1787520373,415.407287,,,,true,,POST,PGR_Create,HTTP/2.0,main,,200,,tls1.3,PGR_Create,,
http_req_receiving,1787520373,0.064223,,,,true,,POST,PGR_Create,HTTP/2.0,main,,200,,tls1.3,PGR_Create,,
http_req_failed,1787520373,0.000000,,,,true,,POST,PGR_Create,HTTP/2.0,main,,200,,tls1.3,PGR_Create,,
http_reqs,1787520373,1.000000,,,,true,,POST,PGR_Assign,HTTP/2.0,main,,200,,tls1.3,PGR_Assign,,
http_req_duration,1787520373,372.251146,,,,true,,POST,PGR_Assign,HTTP/2.0,main,,200,,tls1.3,PGR_Assign,,
http_req_blocked,1787520373,0.000321,,,,true,,POST,PGR_Assign,HTTP/2.0,main,,200,,tls1.3,PGR_Assign,,
http_req_connecting,1787520373,0.000000,,,,true,,POST,PGR_Assign,HTTP/2.0,main,,200,,tls1.3,PGR_Assign,,
http_req_tls_handshaking,1787520373,0.000000,,,,true,,POST,PGR_Assign,HTTP/2.0,main,,200,,tls1.3,PGR_Assign,,
http_req_sending,1787520373,0.049565,,,,true,,POST,PGR_Assign,HTTP/2.0,main,,200,,tls1.3,PGR_Assign,,
http_req_waiting,1787520373,371.702199,,,,true,,POST,PGR_Assign,HTTP/2.0,main,,200,,tls1.3,PGR_Assign,,
http_req_receiving,1787520373,0.499382,,,,true,,POST,PGR_Assign,HTTP/2.0,main,,200,,tls1.3,PGR_Assign,,
http_req_failed,1787520373,0.000000,,,,true,,POST,PGR_Assign,HTTP/2.0,main,,200,,tls1.3,PGR_Assign,,
vus,1787520374,2.000000,,,,,,,,,,,,,,,,
vus_max,1787520374,2.000000,,,,,,,,,,,,,,,,
http_reqs,1787520375,1.000000,,,,true,,POST,PGR_Resolve,HTTP/2.0,main,,200,,tls1.3,PGR_Resolve,,
http_req_duration,1787520375,356.288936,,,,true,,POST,PGR_Resolve,HTTP/2.0,main,,200,,tls1.3,PGR_Resolve,,
http_req_blocked,1787520375,0.000390,,,,true,,POST,PGR_Resolve,HTTP/2.0,main,,200,,tls1.3,PGR_Resolve,,
http_req_connecting,1787520375,0.000000,,,,true,,POST,PGR_Resolve,HTTP/2.0,main,,200,,tls1.3,PGR_Resolve,,
http_req_tls_handshaking,1787520375,0.000000,,,,true,,POST,PGR_Resolve,HTTP/2.0,main,,200,,tls1.3,PGR_Resolve,,
http_req_sending,1787520375,0.089601,,,,true,,POST,PGR_Resolve,HTTP/2.0,main,,200,,tls1.3,PGR_Resolve,,
http_req_waiting,1787520375,356.124994,,,,true,,POST,PGR_Resolve,HTTP/2.0,main,,200,,tls1.3,PGR_Resolve,,
http_req_receiving,1787520375,0.074341,,,,true,,POST,PGR_Resolve,HTTP/2.0,main,,200,,tls1.3,PGR_Resolve,,
http_req_failed,1787520375,0.000000,,,,true,,POST,PGR_Resolve,HTTP/2.0,main,,200,,tls1.3,PGR_Resolve,,
vus,1787520375,2.000000,,,,,,,,,,,,,,,,
vus_max,1787520375,2.000000,,,,,,,,,,,,,,,,
http_reqs,1787520375,1.000000,,,,true,,POST,PGR_Assign,HTTP/2.0,main,,200,,tls1.3,PGR_Assign,,
http_req_duration,1787520375,388.428734,,,,true,,POST,PGR_Assign,HTTP/2.0,main,,200,,tls1.3,PGR_Assign,,
http_req_blocked,1787520375,0.000350,,,,true,,POST,PGR_Assign,HTTP/2.0,main,,200,,tls1.3,PGR_Assign,,
http_req_connecting,1787520375,0.000000,,,,true,,POST,PGR_Assign,HTTP/2.0,main,,200,,tls1.3,PGR_Assign,,
http_req_tls_handshaking,1787520375,0.000000,,,,true,,POST,PGR_Assign,HTTP/2.0,main,,200,,tls1.3,PGR_Assign,,
http_req_sending,1787520375,0.067178,,,,true,,POST,PGR_Assign,HTTP/2.0,main,,200,,tls1.3,PGR_Assign,,
http_req_waiting,1787520375,387.411264,,,,true,,POST,PGR_Assign,HTTP/2.0,main,,200,,tls1.3,PGR_Assign,,
http_req_receiving,1787520375,0.950292,,,,true,,POST,PGR_Assign,HTTP/2.0,main,,200,,tls1.3,PGR_Assign,,
http_req_failed,1787520375,0.000000,,,,true,,POST,PGR_Assign,HTTP/2.0,main,,200,,tls1.3,PGR_Assign,,
vus,1787520376,2.000000,,,,,,,,,,,,,,,,
vus_max,1787520376,2.000000,,,,,,,,,,,,,,,,
vus,1787520377,2.000000,,,,,,,,,,,,,,,,
vus_max,1787520377,2.000000,,,,,,,,,,,,,,,,
vus,1787520378,2.000000,,,,,,,,,,,,,,,,
vus_max,1787520378,2.000000,,,,,,,,,,,,,,,,
http_reqs,1787520378,1.000000,,,,true,,POST,PGR_Search,HTTP/2.0,main,,200,,tls1.3,PGR_Search,,
http_req_duration,1787520378,315.180387,,,,true,,POST,PGR_Search,HTTP/2.0,main,,200,,tls1.3,PGR_Search,,
http_req_blocked,1787520378,0.000531,,,,true,,POST,PGR_Search,HTTP/2.0,main,,200,,tls1.3,PGR_Search,,
http_req_connecting,1787520378,0.000000,,,,true,,POST,PGR_Search,HTTP/2.0,main,,200,,tls1.3,PGR_Search,,
http_req_tls_handshaking,1787520378,0.000000,,,,true,,POST,PGR_Search,HTTP/2.0,main,,200,,tls1.3,PGR_Search,,
http_req_sending,1787520378,0.069843,,,,true,,POST,PGR_Search,HTTP/2.0,main,,200,,tls1.3,PGR_Search,,
http_req_waiting,1787520378,315.065869,,,,true,,POST,PGR_Search,HTTP/2.0,main,,200,,tls1.3,PGR_Search,,
http_req_receiving,1787520378,0.044675,,,,true,,POST,PGR_Search,HTTP/2.0,main,,200,,tls1.3,PGR_Search,,
http_req_failed,1787520378,0.000000,,,,true,,POST,PGR_Search,HTTP/2.0,main,,200,,tls1.3,PGR_Search,,
transaction_duration,1787520378,9642.000000,,,,,,,,,main,,,,,,,
transaction_success,1787520378,1.000000,,,,,,,,,main,,,,,,,
data_sent,1787520378,14416.000000,,,,,,,,,main,,,,,,,
data_received,1787520378,18813.000000,,,,,,,,,main,,,,,,,
iteration_duration,1787520378,9642.357805,,,,,,,,,main,,,,,,,
iterations,1787520378,1.000000,,,,,,,,,main,,,,,,,
http_reqs,1787520378,1.000000,,,,true,,POST,PGR_Resolve,HTTP/2.0,main,,200,,tls1.3,PGR_Resolve,,
http_req_duration,1787520378,404.619874,,,,true,,POST,PGR_Resolve,HTTP/2.0,main,,200,,tls1.3,PGR_Resolve,,
http_req_blocked,1787520378,0.000350,,,,true,,POST,PGR_Resolve,HTTP/2.0,main,,200,,tls1.3,PGR_Resolve,,
http_req_connecting,1787520378,0.000000,,,,true,,POST,PGR_Resolve,HTTP/2.0,main,,200,,tls1.3,PGR_Resolve,,
http_req_tls_handshaking,1787520378,0.000000,,,,true,,POST,PGR_Resolve,HTTP/2.0,main,,200,,tls1.3,PGR_Resolve,,
http_req_sending,1787520378,0.065275,,,,true,,POST,PGR_Resolve,HTTP/2.0,main,,200,,tls1.3,PGR_Resolve,,
http_req_waiting,1787520378,404.485457,,,,true,,POST,PGR_Resolve,HTTP/2.0,main,,200,,tls1.3,PGR_Resolve,,
http_req_receiving,1787520378,0.069142,,,,true,,POST,PGR_Resolve,HTTP/2.0,main,,200,,tls1.3,PGR_Resolve,,
http_req_failed,1787520378,0.000000,,,,true,,POST,PGR_Resolve,HTTP/2.0,main,,200,,tls1.3,PGR_Resolve,,
vus,1787520379,2.000000,,,,,,,,,,,,,,,,
vus_max,1787520379,2.000000,,,,,,,,,,,,,,,,
vus,1787520380,2.000000,,,,,,,,,,,,,,,,
vus_max,1787520380,2.000000,,,,,,,,,,,,,,,,
http_reqs,1787520380,1.000000,,,,true,,POST,PGR_Search,HTTP/2.0,main,,200,,tls1.3,PGR_Search,,
http_req_duration,1787520380,319.015430,,,,true,,POST,PGR_Search,HTTP/2.0,main,,200,,tls1.3,PGR_Search,,
http_req_blocked,1787520380,0.000471,,,,true,,POST,PGR_Search,HTTP/2.0,main,,200,,tls1.3,PGR_Search,,
http_req_connecting,1787520380,0.000000,,,,true,,POST,PGR_Search,HTTP/2.0,main,,200,,tls1.3,PGR_Search,,
http_req_tls_handshaking,1787520380,0.000000,,,,true,,POST,PGR_Search,HTTP/2.0,main,,200,,tls1.3,PGR_Search,,
http_req_sending,1787520380,0.078069,,,,true,,POST,PGR_Search,HTTP/2.0,main,,200,,tls1.3,PGR_Search,,
http_req_waiting,1787520380,318.885091,,,,true,,POST,PGR_Search,HTTP/2.0,main,,200,,tls1.3,PGR_Search,,
http_req_receiving,1787520380,0.052270,,,,true,,POST,PGR_Search,HTTP/2.0,main,,200,,tls1.3,PGR_Search,,
http_req_failed,1787520380,0.000000,,,,true,,POST,PGR_Search,HTTP/2.0,main,,200,,tls1.3,PGR_Search,,
transaction_duration,1787520380,10064.000000,,,,,,,,,main,,,,,,,
transaction_success,1787520380,1.000000,,,,,,,,,main,,,,,,,
data_sent,1787520380,14328.000000,,,,,,,,,main,,,,,,,
data_received,1787520380,18738.000000,,,,,,,,,main,,,,,,,
iteration_duration,1787520380,10063.474078,,,,,,,,,main,,,,,,,
iterations,1787520380,1.000000,,,,,,,,,main,,,,,,,
http_reqs,1787520380,1.000000,,,,true,,POST,PGR_Create,HTTP/2.0,main,,200,,tls1.3,PGR_Create,,
http_req_duration,1787520380,372.544260,,,,true,,POST,PGR_Create,HTTP/2.0,main,,200,,tls1.3,PGR_Create,,
http_req_blocked,1787520380,0.000460,,,,true,,POST,PGR_Create,HTTP/2.0,main,,200,,tls1.3,PGR_Create,,
http_req_connecting,1787520380,0.000000,,,,true,,POST,PGR_Create,HTTP/2.0,main,,200,,tls1.3,PGR_Create,,
http_req_tls_handshaking,1787520380,0.000000,,,,true,,POST,PGR_Create,HTTP/2.0,main,,200,,tls1.3,PGR_Create,,
http_req_sending,1787520380,0.105722,,,,true,,POST,PGR_Create,HTTP/2.0,main,,200,,tls1.3,PGR_Create,,
http_req_waiting,1787520380,372.365850,,,,true,,POST,PGR_Create,HTTP/2.0,main,,200,,tls1.3,PGR_Create,,
http_req_receiving,1787520380,0.072688,,,,true,,POST,PGR_Create,HTTP/2.0,main,,200,,tls1.3,PGR_Create,,
http_req_failed,1787520380,0.000000,,,,true,,POST,PGR_Create,HTTP/2.0,main,,200,,tls1.3,PGR_Create,,
vus,1787520381,2.000000,,,,,,,,,,,,,,,,
vus_max,1787520381,2.000000,,,,,,,,,,,,,,,,
vus,1787520382,2.000000,,,,,,,,,,,,,,,,
vus_max,1787520382,2.000000,,,,,,,,,,,,,,,,
http_reqs,1787520382,1.000000,,,,true,,POST,PGR_Create,HTTP/2.0,main,,200,,tls1.3,PGR_Create,,
http_req_duration,1787520382,398.378270,,,,true,,POST,PGR_Create,HTTP/2.0,main,,200,,tls1.3,PGR_Create,,
http_req_blocked,1787520382,0.000431,,,,true,,POST,PGR_Create,HTTP/2.0,main,,200,,tls1.3,PGR_Create,,
http_req_connecting,1787520382,0.000000,,,,true,,POST,PGR_Create,HTTP/2.0,main,,200,,tls1.3,PGR_Create,,
http_req_tls_handshaking,1787520382,0.000000,,,,true,,POST,PGR_Create,HTTP/2.0,main,,200,,tls1.3,PGR_Create,,
http_req_sending,1787520382,0.074702,,,,true,,POST,PGR_Create,HTTP/2.0,main,,200,,tls1.3,PGR_Create,,
http_req_waiting,1787520382,398.189621,,,,true,,POST,PGR_Create,HTTP/2.0,main,,200,,tls1.3,PGR_Create,,
http_req_receiving,1787520382,0.113947,,,,true,,POST,PGR_Create,HTTP/2.0,main,,200,,tls1.3,PGR_Create,,
http_req_failed,1787520382,0.000000,,,,true,,POST,PGR_Create,HTTP/2.0,main,,200,,tls1.3,PGR_Create,,
vus,1787520383,2.000000,,,,,,,,,,,,,,,,
vus_max,1787520383,2.000000,,,,,,,,,,,,,,,,
http_reqs,1787520383,1.000000,,,,true,,POST,PGR_Assign,HTTP/2.0,main,,200,,tls1.3,PGR_Assign,,
http_req_duration,1787520383,368.952882,,,,true,,POST,PGR_Assign,HTTP/2.0,main,,200,,tls1.3,PGR_Assign,,
http_req_blocked,1787520383,0.000271,,,,true,,POST,PGR_Assign,HTTP/2.0,main,,200,,tls1.3,PGR_Assign,,
http_req_connecting,1787520383,0.000000,,,,true,,POST,PGR_Assign,HTTP/2.0,main,,200,,tls1.3,PGR_Assign,,
http_req_tls_handshaking,1787520383,0.000000,,,,true,,POST,PGR_Assign,HTTP/2.0,main,,200,,tls1.3,PGR_Assign,,
http_req_sending,1787520383,0.071376,,,,true,,POST,PGR_Assign,HTTP/2.0,main,,200,,tls1.3,PGR_Assign,,
http_req_waiting,1787520383,368.824066,,,,true,,POST,PGR_Assign,HTTP/2.0,main,,200,,tls1.3,PGR_Assign,,
http_req_receiving,1787520383,0.057440,,,,true,,POST,PGR_Assign,HTTP/2.0,main,,200,,tls1.3,PGR_Assign,,
http_req_failed,1787520383,0.000000,,,,true,,POST,PGR_Assign,HTTP/2.0,main,,200,,tls1.3,PGR_Assign,,
vus,1787520384,2.000000,,,,,,,,,,,,,,,,
vus_max,1787520384,2.000000,,,,,,,,,,,,,,,,
vus,1787520385,2.000000,,,,,,,,,,,,,,,,
vus_max,1787520385,2.000000,,,,,,,,,,,,,,,,
http_reqs,1787520385,1.000000,,,,true,,POST,PGR_Resolve,HTTP/2.0,main,,200,,tls1.3,PGR_Resolve,,
http_req_duration,1787520385,350.911517,,,,true,,POST,PGR_Resolve,HTTP/2.0,main,,200,,tls1.3,PGR_Resolve,,
http_req_blocked,1787520385,0.000391,,,,true,,POST,PGR_Resolve,HTTP/2.0,main,,200,,tls1.3,PGR_Resolve,,
http_req_connecting,1787520385,0.000000,,,,true,,POST,PGR_Resolve,HTTP/2.0,main,,200,,tls1.3,PGR_Resolve,,
http_req_tls_handshaking,1787520385,0.000000,,,,true,,POST,PGR_Resolve,HTTP/2.0,main,,200,,tls1.3,PGR_Resolve,,
http_req_sending,1787520385,0.075714,,,,true,,POST,PGR_Resolve,HTTP/2.0,main,,200,,tls1.3,PGR_Resolve,,
http_req_waiting,1787520385,350.768004,,,,true,,POST,PGR_Resolve,HTTP/2.0,main,,200,,tls1.3,PGR_Resolve,,
http_req_receiving,1787520385,0.067799,,,,true,,POST,PGR_Resolve,HTTP/2.0,main,,200,,tls1.3,PGR_Resolve,,
http_req_failed,1787520385,0.000000,,,,true,,POST,PGR_Resolve,HTTP/2.0,main,,200,,tls1.3,PGR_Resolve,,
http_reqs,1787520386,1.000000,,,,true,,POST,PGR_Assign,HTTP/2.0,main,,200,,tls1.3,PGR_Assign,,
http_req_duration,1787520386,358.002381,,,,true,,POST,PGR_Assign,HTTP/2.0,main,,200,,tls1.3,PGR_Assign,,
http_req_blocked,1787520386,0.000281,,,,true,,POST,PGR_Assign,HTTP/2.0,main,,200,,tls1.3,PGR_Assign,,
http_req_connecting,1787520386,0.000000,,,,true,,POST,PGR_Assign,HTTP/2.0,main,,200,,tls1.3,PGR_Assign,,
http_req_tls_handshaking,1787520386,0.000000,,,,true,,POST,PGR_Assign,HTTP/2.0,main,,200,,tls1.3,PGR_Assign,,
http_req_sending,1787520386,0.065023,,,,true,,POST,PGR_Assign,HTTP/2.0,main,,200,,tls1.3,PGR_Assign,,
http_req_waiting,1787520386,357.825585,,,,true,,POST,PGR_Assign,HTTP/2.0,main,,200,,tls1.3,PGR_Assign,,
http_req_receiving,1787520386,0.111773,,,,true,,POST,PGR_Assign,HTTP/2.0,main,,200,,tls1.3,PGR_Assign,,
http_req_failed,1787520386,0.000000,,,,true,,POST,PGR_Assign,HTTP/2.0,main,,200,,tls1.3,PGR_Assign,,
vus,1787520386,2.000000,,,,,,,,,,,,,,,,
vus_max,1787520386,2.000000,,,,,,,,,,,,,,,,
vus,1787520387,2.000000,,,,,,,,,,,,,,,,
vus_max,1787520387,2.000000,,,,,,,,,,,,,,,,
vus,1787520388,2.000000,,,,,,,,,,,,,,,,
vus_max,1787520388,2.000000,,,,,,,,,,,,,,,,
http_reqs,1787520388,1.000000,,,,true,,POST,PGR_Search,HTTP/2.0,main,,200,,tls1.3,PGR_Search,,
http_req_duration,1787520388,322.519901,,,,true,,POST,PGR_Search,HTTP/2.0,main,,200,,tls1.3,PGR_Search,,
http_req_blocked,1787520388,0.000361,,,,true,,POST,PGR_Search,HTTP/2.0,main,,200,,tls1.3,PGR_Search,,
http_req_connecting,1787520388,0.000000,,,,true,,POST,PGR_Search,HTTP/2.0,main,,200,,tls1.3,PGR_Search,,
http_req_tls_handshaking,1787520388,0.000000,,,,true,,POST,PGR_Search,HTTP/2.0,main,,200,,tls1.3,PGR_Search,,
http_req_sending,1787520388,0.071556,,,,true,,POST,PGR_Search,HTTP/2.0,main,,200,,tls1.3,PGR_Search,,
http_req_waiting,1787520388,322.396306,,,,true,,POST,PGR_Search,HTTP/2.0,main,,200,,tls1.3,PGR_Search,,
http_req_receiving,1787520388,0.052039,,,,true,,POST,PGR_Search,HTTP/2.0,main,,200,,tls1.3,PGR_Search,,
http_req_failed,1787520388,0.000000,,,,true,,POST,PGR_Search,HTTP/2.0,main,,200,,tls1.3,PGR_Search,,
transaction_duration,1787520388,10068.000000,,,,,,,,,main,,,,,,,
transaction_success,1787520388,1.000000,,,,,,,,,main,,,,,,,
data_sent,1787520388,14370.000000,,,,,,,,,main,,,,,,,
data_received,1787520388,18771.000000,,,,,,,,,main,,,,,,,
iteration_duration,1787520388,10068.482123,,,,,,,,,main,,,,,,,
iterations,1787520388,1.000000,,,,,,,,,main,,,,,,,
vus,1787520389,2.000000,,,,,,,,,,,,,,,,
vus_max,1787520389,2.000000,,,,,,,,,,,,,,,,
http_reqs,1787520389,1.000000,,,,true,,POST,PGR_Resolve,HTTP/2.0,main,,200,,tls1.3,PGR_Resolve,,
http_req_duration,1787520389,364.923930,,,,true,,POST,PGR_Resolve,HTTP/2.0,main,,200,,tls1.3,PGR_Resolve,,
http_req_blocked,1787520389,0.000561,,,,true,,POST,PGR_Resolve,HTTP/2.0,main,,200,,tls1.3,PGR_Resolve,,
http_req_connecting,1787520389,0.000000,,,,true,,POST,PGR_Resolve,HTTP/2.0,main,,200,,tls1.3,PGR_Resolve,,
http_req_tls_handshaking,1787520389,0.000000,,,,true,,POST,PGR_Resolve,HTTP/2.0,main,,200,,tls1.3,PGR_Resolve,,
http_req_sending,1787520389,0.064273,,,,true,,POST,PGR_Resolve,HTTP/2.0,main,,200,,tls1.3,PGR_Resolve,,
http_req_waiting,1787520389,364.791737,,,,true,,POST,PGR_Resolve,HTTP/2.0,main,,200,,tls1.3,PGR_Resolve,,
http_req_receiving,1787520389,0.067920,,,,true,,POST,PGR_Resolve,HTTP/2.0,main,,200,,tls1.3,PGR_Resolve,,
http_req_failed,1787520389,0.000000,,,,true,,POST,PGR_Resolve,HTTP/2.0,main,,200,,tls1.3,PGR_Resolve,,
vus,1787520390,2.000000,,,,,,,,,,,,,,,,
vus_max,1787520390,2.000000,,,,,,,,,,,,,,,,
http_reqs,1787520390,1.000000,,,,true,,POST,PGR_Create,HTTP/2.0,main,,200,,tls1.3,PGR_Create,,
http_req_duration,1787520390,374.211317,,,,true,,POST,PGR_Create,HTTP/2.0,main,,200,,tls1.3,PGR_Create,,
http_req_blocked,1787520390,0.000732,,,,true,,POST,PGR_Create,HTTP/2.0,main,,200,,tls1.3,PGR_Create,,
http_req_connecting,1787520390,0.000000,,,,true,,POST,PGR_Create,HTTP/2.0,main,,200,,tls1.3,PGR_Create,,
http_req_tls_handshaking,1787520390,0.000000,,,,true,,POST,PGR_Create,HTTP/2.0,main,,200,,tls1.3,PGR_Create,,
http_req_sending,1787520390,0.071466,,,,true,,POST,PGR_Create,HTTP/2.0,main,,200,,tls1.3,PGR_Create,,
http_req_waiting,1787520390,373.380273,,,,true,,POST,PGR_Create,HTTP/2.0,main,,200,,tls1.3,PGR_Create,,
http_req_receiving,1787520390,0.759578,,,,true,,POST,PGR_Create,HTTP/2.0,main,,200,,tls1.3,PGR_Create,,
http_req_failed,1787520390,0.000000,,,,true,,POST,PGR_Create,HTTP/2.0,main,,200,,tls1.3,PGR_Create,,
vus,1787520391,2.000000,,,,,,,,,,,,,,,,
vus_max,1787520391,2.000000,,,,,,,,,,,,,,,,
vus,1787520392,2.000000,,,,,,,,,,,,,,,,
vus_max,1787520392,2.000000,,,,,,,,,,,,,,,,
http_reqs,1787520392,1.000000,,,,true,,POST,PGR_Search,HTTP/2.0,main,,200,,tls1.3,PGR_Search,,
http_req_duration,1787520392,338.564018,,,,true,,POST,PGR_Search,HTTP/2.0,main,,200,,tls1.3,PGR_Search,,
http_req_blocked,1787520392,0.000291,,,,true,,POST,PGR_Search,HTTP/2.0,main,,200,,tls1.3,PGR_Search,,
http_req_connecting,1787520392,0.000000,,,,true,,POST,PGR_Search,HTTP/2.0,main,,200,,tls1.3,PGR_Search,,
http_req_tls_handshaking,1787520392,0.000000,,,,true,,POST,PGR_Search,HTTP/2.0,main,,200,,tls1.3,PGR_Search,,
http_req_sending,1787520392,0.072728,,,,true,,POST,PGR_Search,HTTP/2.0,main,,200,,tls1.3,PGR_Search,,
http_req_waiting,1787520392,338.451975,,,,true,,POST,PGR_Search,HTTP/2.0,main,,200,,tls1.3,PGR_Search,,
http_req_receiving,1787520392,0.039315,,,,true,,POST,PGR_Search,HTTP/2.0,main,,200,,tls1.3,PGR_Search,,
http_req_failed,1787520392,0.000000,,,,true,,POST,PGR_Search,HTTP/2.0,main,,200,,tls1.3,PGR_Search,,
transaction_duration,1787520392,11988.000000,,,,,,,,,main,,,,,,,
transaction_success,1787520392,1.000000,,,,,,,,,main,,,,,,,
data_sent,1787520392,14396.000000,,,,,,,,,main,,,,,,,
data_received,1787520392,18824.000000,,,,,,,,,main,,,,,,,
iteration_duration,1787520392,11988.410508,,,,,,,,,main,,,,,,,
iterations,1787520392,1.000000,,,,,,,,,main,,,,,,,
vus,1787520393,2.000000,,,,,,,,,,,,,,,,
vus_max,1787520393,2.000000,,,,,,,,,,,,,,,,
http_reqs,1787520393,1.000000,,,,true,,POST,PGR_Assign,HTTP/2.0,main,,200,,tls1.3,PGR_Assign,,
http_req_duration,1787520393,362.708782,,,,true,,POST,PGR_Assign,HTTP/2.0,main,,200,,tls1.3,PGR_Assign,,
http_req_blocked,1787520393,0.000551,,,,true,,POST,PGR_Assign,HTTP/2.0,main,,200,,tls1.3,PGR_Assign,,
http_req_connecting,1787520393,0.000000,,,,true,,POST,PGR_Assign,HTTP/2.0,main,,200,,tls1.3,PGR_Assign,,
http_req_tls_handshaking,1787520393,0.000000,,,,true,,POST,PGR_Assign,HTTP/2.0,main,,200,,tls1.3,PGR_Assign,,
http_req_sending,1787520393,0.072608,,,,true,,POST,PGR_Assign,HTTP/2.0,main,,200,,tls1.3,PGR_Assign,,
http_req_waiting,1787520393,362.582642,,,,true,,POST,PGR_Assign,HTTP/2.0,main,,200,,tls1.3,PGR_Assign,,
http_req_receiving,1787520393,0.053532,,,,true,,POST,PGR_Assign,HTTP/2.0,main,,200,,tls1.3,PGR_Assign,,
http_req_failed,1787520393,0.000000,,,,true,,POST,PGR_Assign,HTTP/2.0,main,,200,,tls1.3,PGR_Assign,,
vus,1787520394,2.000000,,,,,,,,,,,,,,,,
vus_max,1787520394,2.000000,,,,,,,,,,,,,,,,
vus,1787520395,2.000000,,,,,,,,,,,,,,,,
vus_max,1787520395,2.000000,,,,,,,,,,,,,,,,
http_reqs,1787520395,1.000000,,,,true,,POST,PGR_Create,HTTP/2.0,main,,200,,tls1.3,PGR_Create,,
http_req_duration,1787520395,413.078606,,,,true,,POST,PGR_Create,HTTP/2.0,main,,200,,tls1.3,PGR_Create,,
http_req_blocked,1787520395,0.000470,,,,true,,POST,PGR_Create,HTTP/2.0,main,,200,,tls1.3,PGR_Create,,
http_req_connecting,1787520395,0.000000,,,,true,,POST,PGR_Create,HTTP/2.0,main,,200,,tls1.3,PGR_Create,,
http_req_tls_handshaking,1787520395,0.000000,,,,true,,POST,PGR_Create,HTTP/2.0,main,,200,,tls1.3,PGR_Create,,
http_req_sending,1787520395,0.085934,,,,true,,POST,PGR_Create,HTTP/2.0,main,,200,,tls1.3,PGR_Create,,
http_req_waiting,1787520395,412.930404,,,,true,,POST,PGR_Create,HTTP/2.0,main,,200,,tls1.3,PGR_Create,,
http_req_receiving,1787520395,0.062268,,,,true,,POST,PGR_Create,HTTP/2.0,main,,200,,tls1.3,PGR_Create,,
http_req_failed,1787520395,0.000000,,,,true,,POST,PGR_Create,HTTP/2.0,main,,200,,tls1.3,PGR_Create,,
http_reqs,1787520395,1.000000,,,,true,,POST,PGR_Resolve,HTTP/2.0,main,,200,,tls1.3,PGR_Resolve,,
http_req_duration,1787520395,375.680990,,,,true,,POST,PGR_Resolve,HTTP/2.0,main,,200,,tls1.3,PGR_Resolve,,
http_req_blocked,1787520395,0.000461,,,,true,,POST,PGR_Resolve,HTTP/2.0,main,,200,,tls1.3,PGR_Resolve,,
http_req_connecting,1787520395,0.000000,,,,true,,POST,PGR_Resolve,HTTP/2.0,main,,200,,tls1.3,PGR_Resolve,,
http_req_tls_handshaking,1787520395,0.000000,,,,true,,POST,PGR_Resolve,HTTP/2.0,main,,200,,tls1.3,PGR_Resolve,,
http_req_sending,1787520395,0.090432,,,,true,,POST,PGR_Resolve,HTTP/2.0,main,,200,,tls1.3,PGR_Resolve,,
http_req_waiting,1787520395,375.553738,,,,true,,POST,PGR_Resolve,HTTP/2.0,main,,200,,tls1.3,PGR_Resolve,,
http_req_receiving,1787520395,0.036820,,,,true,,POST,PGR_Resolve,HTTP/2.0,main,,200,,tls1.3,PGR_Resolve,,
http_req_failed,1787520395,0.000000,,,,true,,POST,PGR_Resolve,HTTP/2.0,main,,200,,tls1.3,PGR_Resolve,,
vus,1787520396,2.000000,,,,,,,,,,,,,,,,
vus_max,1787520396,2.000000,,,,,,,,,,,,,,,,
vus,1787520397,2.000000,,,,,,,,,,,,,,,,
vus_max,1787520397,2.000000,,,,,,,,,,,,,,,,
http_reqs,1787520397,1.000000,,,,true,,POST,PGR_Assign,HTTP/2.0,main,,200,,tls1.3,PGR_Assign,,
http_req_duration,1787520397,382.971607,,,,true,,POST,PGR_Assign,HTTP/2.0,main,,200,,tls1.3,PGR_Assign,,
http_req_blocked,1787520397,0.000200,,,,true,,POST,PGR_Assign,HTTP/2.0,main,,200,,tls1.3,PGR_Assign,,
http_req_connecting,1787520397,0.000000,,,,true,,POST,PGR_Assign,HTTP/2.0,main,,200,,tls1.3,PGR_Assign,,
http_req_tls_handshaking,1787520397,0.000000,,,,true,,POST,PGR_Assign,HTTP/2.0,main,,200,,tls1.3,PGR_Assign,,
http_req_sending,1787520397,0.085363,,,,true,,POST,PGR_Assign,HTTP/2.0,main,,200,,tls1.3,PGR_Assign,,
http_req_waiting,1787520397,382.782036,,,,true,,POST,PGR_Assign,HTTP/2.0,main,,200,,tls1.3,PGR_Assign,,
http_req_receiving,1787520397,0.104208,,,,true,,POST,PGR_Assign,HTTP/2.0,main,,200,,tls1.3,PGR_Assign,,
http_req_failed,1787520397,0.000000,,,,true,,POST,PGR_Assign,HTTP/2.0,main,,200,,tls1.3,PGR_Assign,,
http_reqs,1787520397,1.000000,,,,true,,POST,PGR_Search,HTTP/2.0,main,,200,,tls1.3,PGR_Search,,
http_req_duration,1787520397,295.822271,,,,true,,POST,PGR_Search,HTTP/2.0,main,,200,,tls1.3,PGR_Search,,
http_req_blocked,1787520397,0.000411,,,,true,,POST,PGR_Search,HTTP/2.0,main,,200,,tls1.3,PGR_Search,,
http_req_connecting,1787520397,0.000000,,,,true,,POST,PGR_Search,HTTP/2.0,main,,200,,tls1.3,PGR_Search,,
http_req_tls_handshaking,1787520397,0.000000,,,,true,,POST,PGR_Search,HTTP/2.0,main,,200,,tls1.3,PGR_Search,,
http_req_sending,1787520397,0.057349,,,,true,,POST,PGR_Search,HTTP/2.0,main,,200,,tls1.3,PGR_Search,,
http_req_waiting,1787520397,294.986739,,,,true,,POST,PGR_Search,HTTP/2.0,main,,200,,tls1.3,PGR_Search,,
http_req_receiving,1787520397,0.778183,,,,true,,POST,PGR_Search,HTTP/2.0,main,,200,,tls1.3,PGR_Search,,
http_req_failed,1787520397,0.000000,,,,true,,POST,PGR_Search,HTTP/2.0,main,,200,,tls1.3,PGR_Search,,
transaction_duration,1787520397,9677.000000,,,,,,,,,main,,,,,,,
transaction_success,1787520397,1.000000,,,,,,,,,main,,,,,,,
data_sent,1787520397,14474.000000,,,,,,,,,main,,,,,,,
data_received,1787520397,18914.000000,,,,,,,,,main,,,,,,,
iteration_duration,1787520397,9676.515735,,,,,,,,,main,,,,,,,
iterations,1787520397,1.000000,,,,,,,,,main,,,,,,,
vus,1787520398,2.000000,,,,,,,,,,,,,,,,
vus_max,1787520398,2.000000,,,,,,,,,,,,,,,,
vus,1787520399,2.000000,,,,,,,,,,,,,,,,
vus_max,1787520399,2.000000,,,,,,,,,,,,,,,,
http_reqs,1787520400,1.000000,,,,true,,POST,PGR_Create,HTTP/2.0,main,,200,,tls1.3,PGR_Create,,
http_req_duration,1787520400,425.803670,,,,true,,POST,PGR_Create,HTTP/2.0,main,,200,,tls1.3,PGR_Create,,
http_req_blocked,1787520400,0.000410,,,,true,,POST,PGR_Create,HTTP/2.0,main,,200,,tls1.3,PGR_Create,,
http_req_connecting,1787520400,0.000000,,,,true,,POST,PGR_Create,HTTP/2.0,main,,200,,tls1.3,PGR_Create,,
http_req_tls_handshaking,1787520400,0.000000,,,,true,,POST,PGR_Create,HTTP/2.0,main,,200,,tls1.3,PGR_Create,,
http_req_sending,1787520400,0.075604,,,,true,,POST,PGR_Create,HTTP/2.0,main,,200,,tls1.3,PGR_Create,,
http_req_waiting,1787520400,425.653193,,,,true,,POST,PGR_Create,HTTP/2.0,main,,200,,tls1.3,PGR_Create,,
http_req_receiving,1787520400,0.074873,,,,true,,POST,PGR_Create,HTTP/2.0,main,,200,,tls1.3,PGR_Create,,
http_req_failed,1787520400,0.000000,,,,true,,POST,PGR_Create,HTTP/2.0,main,,200,,tls1.3,PGR_Create,,
vus,1787520400,2.000000,,,,,,,,,,,,,,,,
vus_max,1787520400,2.000000,,,,,,,,,,,,,,,,
http_reqs,1787520400,1.000000,,,,true,,POST,PGR_Resolve,HTTP/2.0,main,,200,,tls1.3,PGR_Resolve,,
http_req_duration,1787520400,383.272259,,,,true,,POST,PGR_Resolve,HTTP/2.0,main,,200,,tls1.3,PGR_Resolve,,
http_req_blocked,1787520400,0.000400,,,,true,,POST,PGR_Resolve,HTTP/2.0,main,,200,,tls1.3,PGR_Resolve,,
http_req_connecting,1787520400,0.000000,,,,true,,POST,PGR_Resolve,HTTP/2.0,main,,200,,tls1.3,PGR_Resolve,,
http_req_tls_handshaking,1787520400,0.000000,,,,true,,POST,PGR_Resolve,HTTP/2.0,main,,200,,tls1.3,PGR_Resolve,,
http_req_sending,1787520400,0.091915,,,,true,,POST,PGR_Resolve,HTTP/2.0,main,,200,,tls1.3,PGR_Resolve,,
http_req_waiting,1787520400,382.729445,,,,true,,POST,PGR_Resolve,HTTP/2.0,main,,200,,tls1.3,PGR_Resolve,,
http_req_receiving,1787520400,0.450899,,,,true,,POST,PGR_Resolve,HTTP/2.0,main,,200,,tls1.3,PGR_Resolve,,
http_req_failed,1787520400,0.000000,,,,true,,POST,PGR_Resolve,HTTP/2.0,main,,200,,tls1.3,PGR_Resolve,,
vus,1787520401,2.000000,,,,,,,,,,,,,,,,
vus_max,1787520401,2.000000,,,,,,,,,,,,,,,,
vus,1787520402,2.000000,,,,,,,,,,,,,,,,
vus_max,1787520402,2.000000,,,,,,,,,,,,,,,,
http_reqs,1787520402,1.000000,,,,true,,POST,PGR_Search,HTTP/2.0,main,,200,,tls1.3,PGR_Search,,
http_req_duration,1787520402,319.423768,,,,true,,POST,PGR_Search,HTTP/2.0,main,,200,,tls1.3,PGR_Search,,
http_req_blocked,1787520402,0.000421,,,,true,,POST,PGR_Search,HTTP/2.0,main,,200,,tls1.3,PGR_Search,,
http_req_connecting,1787520402,0.000000,,,,true,,POST,PGR_Search,HTTP/2.0,main,,200,,tls1.3,PGR_Search,,
http_req_tls_handshaking,1787520402,0.000000,,,,true,,POST,PGR_Search,HTTP/2.0,main,,200,,tls1.3,PGR_Search,,
http_req_sending,1787520402,0.083329,,,,true,,POST,PGR_Search,HTTP/2.0,main,,200,,tls1.3,PGR_Search,,
http_req_waiting,1787520402,319.173350,,,,true,,POST,PGR_Search,HTTP/2.0,main,,200,,tls1.3,PGR_Search,,
http_req_receiving,1787520402,0.167089,,,,true,,POST,PGR_Search,HTTP/2.0,main,,200,,tls1.3,PGR_Search,,
http_req_failed,1787520402,0.000000,,,,true,,POST,PGR_Search,HTTP/2.0,main,,200,,tls1.3,PGR_Search,,
transaction_duration,1787520402,9827.000000,,,,,,,,,main,,,,,,,
transaction_success,1787520402,1.000000,,,,,,,,,main,,,,,,,
data_sent,1787520402,14430.000000,,,,,,,,,main,,,,,,,
data_received,1787520402,18833.000000,,,,,,,,,main,,,,,,,
iteration_duration,1787520402,9826.584724,,,,,,,,,main,,,,,,,
iterations,1787520402,1.000000,,,,,,,,,main,,,,,,,
vus,1787520403,2.000000,,,,,,,,,,,,,,,,
vus_max,1787520403,2.000000,,,,,,,,,,,,,,,,
http_reqs,1787520403,1.000000,,,,true,,POST,PGR_Assign,HTTP/2.0,main,,200,,tls1.3,PGR_Assign,,
http_req_duration,1787520403,350.202082,,,,true,,POST,PGR_Assign,HTTP/2.0,main,,200,,tls1.3,PGR_Assign,,
http_req_blocked,1787520403,0.000461,,,,true,,POST,PGR_Assign,HTTP/2.0,main,,200,,tls1.3,PGR_Assign,,
http_req_connecting,1787520403,0.000000,,,,true,,POST,PGR_Assign,HTTP/2.0,main,,200,,tls1.3,PGR_Assign,,
http_req_tls_handshaking,1787520403,0.000000,,,,true,,POST,PGR_Assign,HTTP/2.0,main,,200,,tls1.3,PGR_Assign,,
http_req_sending,1787520403,0.066406,,,,true,,POST,PGR_Assign,HTTP/2.0,main,,200,,tls1.3,PGR_Assign,,
http_req_waiting,1787520403,350.069981,,,,true,,POST,PGR_Assign,HTTP/2.0,main,,200,,tls1.3,PGR_Assign,,
http_req_receiving,1787520403,0.065695,,,,true,,POST,PGR_Assign,HTTP/2.0,main,,200,,tls1.3,PGR_Assign,,
http_req_failed,1787520403,0.000000,,,,true,,POST,PGR_Assign,HTTP/2.0,main,,200,,tls1.3,PGR_Assign,,
http_reqs,1787520403,1.000000,,,,true,,POST,PGR_Create,HTTP/2.0,main,,200,,tls1.3,PGR_Create,,
http_req_duration,1787520403,389.887575,,,,true,,POST,PGR_Create,HTTP/2.0,main,,200,,tls1.3,PGR_Create,,
http_req_blocked,1787520403,0.000451,,,,true,,POST,PGR_Create,HTTP/2.0,main,,200,,tls1.3,PGR_Create,,
http_req_connecting,1787520403,0.000000,,,,true,,POST,PGR_Create,HTTP/2.0,main,,200,,tls1.3,PGR_Create,,
http_req_tls_handshaking,1787520403,0.000000,,,,true,,POST,PGR_Create,HTTP/2.0,main,,200,,tls1.3,PGR_Create,,
http_req_sending,1787520403,0.055085,,,,true,,POST,PGR_Create,HTTP/2.0,main,,200,,tls1.3,PGR_Create,,
http_req_waiting,1787520403,389.772927,,,,true,,POST,PGR_Create,HTTP/2.0,main,,200,,tls1.3,PGR_Create,,
http_req_receiving,1787520403,0.059563,,,,true,,POST,PGR_Create,HTTP/2.0,main,,200,,tls1.3,PGR_Create,,
http_req_failed,1787520403,0.000000,,,,true,,POST,PGR_Create,HTTP/2.0,main,,200,,tls1.3,PGR_Create,,
vus,1787520404,2.000000,,,,,,,,,,,,,,,,
vus_max,1787520404,2.000000,,,,,,,,,,,,,,,,
http_reqs,1787520404,1.000000,,,,true,,POST,PGR_Resolve,HTTP/2.0,main,,200,,tls1.3,PGR_Resolve,,
http_req_duration,1787520404,383.275079,,,,true,,POST,PGR_Resolve,HTTP/2.0,main,,200,,tls1.3,PGR_Resolve,,
http_req_blocked,1787520404,0.000250,,,,true,,POST,PGR_Resolve,HTTP/2.0,main,,200,,tls1.3,PGR_Resolve,,
http_req_connecting,1787520404,0.000000,,,,true,,POST,PGR_Resolve,HTTP/2.0,main,,200,,tls1.3,PGR_Resolve,,
http_req_tls_handshaking,1787520404,0.000000,,,,true,,POST,PGR_Resolve,HTTP/2.0,main,,200,,tls1.3,PGR_Resolve,,
http_req_sending,1787520404,0.098899,,,,true,,POST,PGR_Resolve,HTTP/2.0,main,,200,,tls1.3,PGR_Resolve,,
http_req_waiting,1787520404,383.098111,,,,true,,POST,PGR_Resolve,HTTP/2.0,main,,200,,tls1.3,PGR_Resolve,,
http_req_receiving,1787520404,0.078069,,,,true,,POST,PGR_Resolve,HTTP/2.0,main,,200,,tls1.3,PGR_Resolve,,
http_req_failed,1787520404,0.000000,,,,true,,POST,PGR_Resolve,HTTP/2.0,main,,200,,tls1.3,PGR_Resolve,,
vus,1787520405,2.000000,,,,,,,,,,,,,,,,
vus_max,1787520405,2.000000,,,,,,,,,,,,,,,,
vus,1787520406,2.000000,,,,,,,,,,,,,,,,
vus_max,1787520406,2.000000,,,,,,,,,,,,,,,,
http_reqs,1787520406,1.000000,,,,true,,POST,PGR_Search,HTTP/2.0,main,,200,,tls1.3,PGR_Search,,
http_req_duration,1787520406,332.703012,,,,true,,POST,PGR_Search,HTTP/2.0,main,,200,,tls1.3,PGR_Search,,
http_req_blocked,1787520406,0.000741,,,,true,,POST,PGR_Search,HTTP/2.0,main,,200,,tls1.3,PGR_Search,,
http_req_connecting,1787520406,0.000000,,,,true,,POST,PGR_Search,HTTP/2.0,main,,200,,tls1.3,PGR_Search,,
http_req_tls_handshaking,1787520406,0.000000,,,,true,,POST,PGR_Search,HTTP/2.0,main,,200,,tls1.3,PGR_Search,,
http_req_sending,1787520406,0.093879,,,,true,,POST,PGR_Search,HTTP/2.0,main,,200,,tls1.3,PGR_Search,,
http_req_waiting,1787520406,332.547876,,,,true,,POST,PGR_Search,HTTP/2.0,main,,200,,tls1.3,PGR_Search,,
http_req_receiving,1787520406,0.061257,,,,true,,POST,PGR_Search,HTTP/2.0,main,,200,,tls1.3,PGR_Search,,
http_req_failed,1787520406,0.000000,,,,true,,POST,PGR_Search,HTTP/2.0,main,,200,,tls1.3,PGR_Search,,
transaction_duration,1787520406,8512.000000,,,,,,,,,main,,,,,,,
transaction_success,1787520406,1.000000,,,,,,,,,main,,,,,,,
data_sent,1787520406,14278.000000,,,,,,,,,main,,,,,,,
data_received,1787520406,18677.000000,,,,,,,,,main,,,,,,,
iteration_duration,1787520406,8512.161219,,,,,,,,,main,,,,,,,
iterations,1787520406,1.000000,,,,,,,,,main,,,,,,,
http_reqs,1787520406,1.000000,,,,true,,POST,PGR_Assign,HTTP/2.0,main,,200,,tls1.3,PGR_Assign,,
http_req_duration,1787520406,401.218770,,,,true,,POST,PGR_Assign,HTTP/2.0,main,,200,,tls1.3,PGR_Assign,,
http_req_blocked,1787520406,0.000400,,,,true,,POST,PGR_Assign,HTTP/2.0,main,,200,,tls1.3,PGR_Assign,,
http_req_connecting,1787520406,0.000000,,,,true,,POST,PGR_Assign,HTTP/2.0,main,,200,,tls1.3,PGR_Assign,,
http_req_tls_handshaking,1787520406,0.000000,,,,true,,POST,PGR_Assign,HTTP/2.0,main,,200,,tls1.3,PGR_Assign,,
http_req_sending,1787520406,0.129948,,,,true,,POST,PGR_Assign,HTTP/2.0,main,,200,,tls1.3,PGR_Assign,,
http_req_waiting,1787520406,400.975556,,,,true,,POST,PGR_Assign,HTTP/2.0,main,,200,,tls1.3,PGR_Assign,,
http_req_receiving,1787520406,0.113266,,,,true,,POST,PGR_Assign,HTTP/2.0,main,,200,,tls1.3,PGR_Assign,,
http_req_failed,1787520406,0.000000,,,,true,,POST,PGR_Assign,HTTP/2.0,main,,200,,tls1.3,PGR_Assign,,
vus,1787520407,2.000000,,,,,,,,,,,,,,,,
vus_max,1787520407,2.000000,,,,,,,,,,,,,,,,
http_reqs,1787520408,1.000000,,,,true,,POST,PGR_Create,HTTP/2.0,main,,200,,tls1.3,PGR_Create,,
http_req_duration,1787520408,388.023719,,,,true,,POST,PGR_Create,HTTP/2.0,main,,200,,tls1.3,PGR_Create,,
http_req_blocked,1787520408,0.000410,,,,true,,POST,PGR_Create,HTTP/2.0,main,,200,,tls1.3,PGR_Create,,
http_req_connecting,1787520408,0.000000,,,,true,,POST,PGR_Create,HTTP/2.0,main,,200,,tls1.3,PGR_Create,,
http_req_tls_handshaking,1787520408,0.000000,,,,true,,POST,PGR_Create,HTTP/2.0,main,,200,,tls1.3,PGR_Create,,
http_req_sending,1787520408,0.087748,,,,true,,POST,PGR_Create,HTTP/2.0,main,,200,,tls1.3,PGR_Create,,
http_req_waiting,1787520408,387.865446,,,,true,,POST,PGR_Create,HTTP/2.0,main,,200,,tls1.3,PGR_Create,,
http_req_receiving,1787520408,0.070525,,,,true,,POST,PGR_Create,HTTP/2.0,main,,200,,tls1.3,PGR_Create,,
http_req_failed,1787520408,0.000000,,,,true,,POST,PGR_Create,HTTP/2.0,main,,200,,tls1.3,PGR_Create,,
vus,1787520408,2.000000,,,,,,,,,,,,,,,,
vus_max,1787520408,2.000000,,,,,,,,,,,,,,,,
vus,1787520409,2.000000,,,,,,,,,,,,,,,,
vus_max,1787520409,2.000000,,,,,,,,,,,,,,,,
http_reqs,1787520410,1.000000,,,,true,,POST,PGR_Resolve,HTTP/2.0,main,,200,,tls1.3,PGR_Resolve,,
http_req_duration,1787520410,378.062769,,,,true,,POST,PGR_Resolve,HTTP/2.0,main,,200,,tls1.3,PGR_Resolve,,
http_req_blocked,1787520410,0.000430,,,,true,,POST,PGR_Resolve,HTTP/2.0,main,,200,,tls1.3,PGR_Resolve,,
http_req_connecting,1787520410,0.000000,,,,true,,POST,PGR_Resolve,HTTP/2.0,main,,200,,tls1.3,PGR_Resolve,,
http_req_tls_handshaking,1787520410,0.000000,,,,true,,POST,PGR_Resolve,HTTP/2.0,main,,200,,tls1.3,PGR_Resolve,,
http_req_sending,1787520410,0.086896,,,,true,,POST,PGR_Resolve,HTTP/2.0,main,,200,,tls1.3,PGR_Resolve,,
http_req_waiting,1787520410,377.923152,,,,true,,POST,PGR_Resolve,HTTP/2.0,main,,200,,tls1.3,PGR_Resolve,,
http_req_receiving,1787520410,0.052721,,,,true,,POST,PGR_Resolve,HTTP/2.0,main,,200,,tls1.3,PGR_Resolve,,
http_req_failed,1787520410,0.000000,,,,true,,POST,PGR_Resolve,HTTP/2.0,main,,200,,tls1.3,PGR_Resolve,,
vus,1787520410,2.000000,,,,,,,,,,,,,,,,
vus_max,1787520410,2.000000,,,,,,,,,,,,,,,,
http_reqs,1787520410,1.000000,,,,true,,POST,PGR_Assign,HTTP/2.0,main,,200,,tls1.3,PGR_Assign,,
http_req_duration,1787520410,357.943163,,,,true,,POST,PGR_Assign,HTTP/2.0,main,,200,,tls1.3,PGR_Assign,,
http_req_blocked,1787520410,0.000371,,,,true,,POST,PGR_Assign,HTTP/2.0,main,,200,,tls1.3,PGR_Assign,,
http_req_connecting,1787520410,0.000000,,,,true,,POST,PGR_Assign,HTTP/2.0,main,,200,,tls1.3,PGR_Assign,,
http_req_tls_handshaking,1787520410,0.000000,,,,true,,POST,PGR_Assign,HTTP/2.0,main,,200,,tls1.3,PGR_Assign,,
http_req_sending,1787520410,0.071607,,,,true,,POST,PGR_Assign,HTTP/2.0,main,,200,,tls1.3,PGR_Assign,,
http_req_waiting,1787520410,357.786193,,,,true,,POST,PGR_Assign,HTTP/2.0,main,,200,,tls1.3,PGR_Assign,,
http_req_receiving,1787520410,0.085363,,,,true,,POST,PGR_Assign,HTTP/2.0,main,,200,,tls1.3,PGR_Assign,,
http_req_failed,1787520410,0.000000,,,,true,,POST,PGR_Assign,HTTP/2.0,main,,200,,tls1.3,PGR_Assign,,
vus,1787520411,2.000000,,,,,,,,,,,,,,,,
vus_max,1787520411,2.000000,,,,,,,,,,,,,,,,
http_reqs,1787520411,1.000000,,,,true,,POST,PGR_Search,HTTP/2.0,main,,200,,tls1.3,PGR_Search,,
http_req_duration,1787520411,312.563977,,,,true,,POST,PGR_Search,HTTP/2.0,main,,200,,tls1.3,PGR_Search,,
http_req_blocked,1787520411,0.000431,,,,true,,POST,PGR_Search,HTTP/2.0,main,,200,,tls1.3,PGR_Search,,
http_req_connecting,1787520411,0.000000,,,,true,,POST,PGR_Search,HTTP/2.0,main,,200,,tls1.3,PGR_Search,,
http_req_tls_handshaking,1787520411,0.000000,,,,true,,POST,PGR_Search,HTTP/2.0,main,,200,,tls1.3,PGR_Search,,
http_req_sending,1787520411,0.070354,,,,true,,POST,PGR_Search,HTTP/2.0,main,,200,,tls1.3,PGR_Search,,
http_req_waiting,1787520411,312.439600,,,,true,,POST,PGR_Search,HTTP/2.0,main,,200,,tls1.3,PGR_Search,,
http_req_receiving,1787520411,0.054023,,,,true,,POST,PGR_Search,HTTP/2.0,main,,200,,tls1.3,PGR_Search,,
http_req_failed,1787520411,0.000000,,,,true,,POST,PGR_Search,HTTP/2.0,main,,200,,tls1.3,PGR_Search,,
transaction_duration,1787520411,9127.000000,,,,,,,,,main,,,,,,,
transaction_success,1787520411,1.000000,,,,,,,,,main,,,,,,,
data_sent,1787520411,14278.000000,,,,,,,,,main,,,,,,,
data_received,1787520411,18644.000000,,,,,,,,,main,,,,,,,
iteration_duration,1787520411,9127.519904,,,,,,,,,main,,,,,,,
iterations,1787520411,1.000000,,,,,,,,,main,,,,,,,
http_reqs,1787520411,1.000000,,,,true,,POST,PGR_Resolve,HTTP/2.0,main,,200,,tls1.3,PGR_Resolve,,
http_req_duration,1787520411,405.443030,,,,true,,POST,PGR_Resolve,HTTP/2.0,main,,200,,tls1.3,PGR_Resolve,,
http_req_blocked,1787520411,0.000391,,,,true,,POST,PGR_Resolve,HTTP/2.0,main,,200,,tls1.3,PGR_Resolve,,
http_req_connecting,1787520411,0.000000,,,,true,,POST,PGR_Resolve,HTTP/2.0,main,,200,,tls1.3,PGR_Resolve,,
http_req_tls_handshaking,1787520411,0.000000,,,,true,,POST,PGR_Resolve,HTTP/2.0,main,,200,,tls1.3,PGR_Resolve,,
http_req_sending,1787520411,0.088389,,,,true,,POST,PGR_Resolve,HTTP/2.0,main,,200,,tls1.3,PGR_Resolve,,
http_req_waiting,1787520411,405.294326,,,,true,,POST,PGR_Resolve,HTTP/2.0,main,,200,,tls1.3,PGR_Resolve,,
http_req_receiving,1787520411,0.060315,,,,true,,POST,PGR_Resolve,HTTP/2.0,main,,200,,tls1.3,PGR_Resolve,,
http_req_failed,1787520411,0.000000,,,,true,,POST,PGR_Resolve,HTTP/2.0,main,,200,,tls1.3,PGR_Resolve,,
vus,1787520412,2.000000,,,,,,,,,,,,,,,,
vus_max,1787520412,2.000000,,,,,,,,,,,,,,,,
vus,1787520413,2.000000,,,,,,,,,,,,,,,,
vus_max,1787520413,2.000000,,,,,,,,,,,,,,,,
http_reqs,1787520413,1.000000,,,,true,,POST,PGR_Create,HTTP/2.0,main,,200,,tls1.3,PGR_Create,,
http_req_duration,1787520413,384.938076,,,,true,,POST,PGR_Create,HTTP/2.0,main,,200,,tls1.3,PGR_Create,,
http_req_blocked,1787520413,0.000421,,,,true,,POST,PGR_Create,HTTP/2.0,main,,200,,tls1.3,PGR_Create,,
http_req_connecting,1787520413,0.000000,,,,true,,POST,PGR_Create,HTTP/2.0,main,,200,,tls1.3,PGR_Create,,
http_req_tls_handshaking,1787520413,0.000000,,,,true,,POST,PGR_Create,HTTP/2.0,main,,200,,tls1.3,PGR_Create,,
http_req_sending,1787520413,0.070164,,,,true,,POST,PGR_Create,HTTP/2.0,main,,200,,tls1.3,PGR_Create,,
http_req_waiting,1787520413,384.261216,,,,true,,POST,PGR_Create,HTTP/2.0,main,,200,,tls1.3,PGR_Create,,
http_req_receiving,1787520413,0.606696,,,,true,,POST,PGR_Create,HTTP/2.0,main,,200,,tls1.3,PGR_Create,,
http_req_failed,1787520413,0.000000,,,,true,,POST,PGR_Create,HTTP/2.0,main,,200,,tls1.3,PGR_Create,,
vus,1787520414,2.000000,,,,,,,,,,,,,,,,
vus_max,1787520414,2.000000,,,,,,,,,,,,,,,,
http_reqs,1787520414,1.000000,,,,true,,POST,PGR_Search,HTTP/2.0,main,,200,,tls1.3,PGR_Search,,
http_req_duration,1787520414,295.286562,,,,true,,POST,PGR_Search,HTTP/2.0,main,,200,,tls1.3,PGR_Search,,
http_req_blocked,1787520414,0.000430,,,,true,,POST,PGR_Search,HTTP/2.0,main,,200,,tls1.3,PGR_Search,,
http_req_connecting,1787520414,0.000000,,,,true,,POST,PGR_Search,HTTP/2.0,main,,200,,tls1.3,PGR_Search,,
http_req_tls_handshaking,1787520414,0.000000,,,,true,,POST,PGR_Search,HTTP/2.0,main,,200,,tls1.3,PGR_Search,,
http_req_sending,1787520414,0.079131,,,,true,,POST,PGR_Search,HTTP/2.0,main,,200,,tls1.3,PGR_Search,,
http_req_waiting,1787520414,295.160492,,,,true,,POST,PGR_Search,HTTP/2.0,main,,200,,tls1.3,PGR_Search,,
http_req_receiving,1787520414,0.046939,,,,true,,POST,PGR_Search,HTTP/2.0,main,,200,,tls1.3,PGR_Search,,
http_req_failed,1787520414,0.000000,,,,true,,POST,PGR_Search,HTTP/2.0,main,,200,,tls1.3,PGR_Search,,
transaction_duration,1787520414,8506.000000,,,,,,,,,main,,,,,,,
transaction_success,1787520414,1.000000,,,,,,,,,main,,,,,,,
data_sent,1787520414,14466.000000,,,,,,,,,main,,,,,,,
data_received,1787520414,18758.000000,,,,,,,,,main,,,,,,,
iteration_duration,1787520414,8505.916227,,,,,,,,,main,,,,,,,
iterations,1787520414,1.000000,,,,,,,,,main,,,,,,,
vus,1787520415,2.000000,,,,,,,,,,,,,,,,
vus_max,1787520415,2.000000,,,,,,,,,,,,,,,,
http_reqs,1787520415,1.000000,,,,true,,POST,PGR_Assign,HTTP/2.0,main,,200,,tls1.3,PGR_Assign,,
http_req_duration,1787520415,403.285413,,,,true,,POST,PGR_Assign,HTTP/2.0,main,,200,,tls1.3,PGR_Assign,,
http_req_blocked,1787520415,0.000531,,,,true,,POST,PGR_Assign,HTTP/2.0,main,,200,,tls1.3,PGR_Assign,,
http_req_connecting,1787520415,0.000000,,,,true,,POST,PGR_Assign,HTTP/2.0,main,,200,,tls1.3,PGR_Assign,,
http_req_tls_handshaking,1787520415,0.000000,,,,true,,POST,PGR_Assign,HTTP/2.0,main,,200,,tls1.3,PGR_Assign,,
http_req_sending,1787520415,0.098979,,,,true,,POST,PGR_Assign,HTTP/2.0,main,,200,,tls1.3,PGR_Assign,,
http_req_waiting,1787520415,403.118946,,,,true,,POST,PGR_Assign,HTTP/2.0,main,,200,,tls1.3,PGR_Assign,,
http_req_receiving,1787520415,0.067488,,,,true,,POST,PGR_Assign,HTTP/2.0,main,,200,,tls1.3,PGR_Assign,,
http_req_failed,1787520415,0.000000,,,,true,,POST,PGR_Assign,HTTP/2.0,main,,200,,tls1.3,PGR_Assign,,
vus,1787520416,2.000000,,,,,,,,,,,,,,,,
vus_max,1787520416,2.000000,,,,,,,,,,,,,,,,
vus,1787520417,2.000000,,,,,,,,,,,,,,,,
vus_max,1787520417,2.000000,,,,,,,,,,,,,,,,
http_reqs,1787520417,1.000000,,,,true,,POST,PGR_Resolve,HTTP/2.0,main,,200,,tls1.3,PGR_Resolve,,
http_req_duration,1787520417,408.751551,,,,true,,POST,PGR_Resolve,HTTP/2.0,main,,200,,tls1.3,PGR_Resolve,,
http_req_blocked,1787520417,0.000291,,,,true,,POST,PGR_Resolve,HTTP/2.0,main,,200,,tls1.3,PGR_Resolve,,
http_req_connecting,1787520417,0.000000,,,,true,,POST,PGR_Resolve,HTTP/2.0,main,,200,,tls1.3,PGR_Resolve,,
http_req_tls_handshaking,1787520417,0.000000,,,,true,,POST,PGR_Resolve,HTTP/2.0,main,,200,,tls1.3,PGR_Resolve,,
http_req_sending,1787520417,0.075053,,,,true,,POST,PGR_Resolve,HTTP/2.0,main,,200,,tls1.3,PGR_Resolve,,
http_req_waiting,1787520417,408.614911,,,,true,,POST,PGR_Resolve,HTTP/2.0,main,,200,,tls1.3,PGR_Resolve,,
http_req_receiving,1787520417,0.061587,,,,true,,POST,PGR_Resolve,HTTP/2.0,main,,200,,tls1.3,PGR_Resolve,,
http_req_failed,1787520417,0.000000,,,,true,,POST,PGR_Resolve,HTTP/2.0,main,,200,,tls1.3,PGR_Resolve,,
http_reqs,1787520417,1.000000,,,,true,,POST,PGR_Create,HTTP/2.0,main,,200,,tls1.3,PGR_Create,,
http_req_duration,1787520417,396.374616,,,,true,,POST,PGR_Create,HTTP/2.0,main,,200,,tls1.3,PGR_Create,,
http_req_blocked,1787520417,0.000401,,,,true,,POST,PGR_Create,HTTP/2.0,main,,200,,tls1.3,PGR_Create,,
http_req_connecting,1787520417,0.000000,,,,true,,POST,PGR_Create,HTTP/2.0,main,,200,,tls1.3,PGR_Create,,
http_req_tls_handshaking,1787520417,0.000000,,,,true,,POST,PGR_Create,HTTP/2.0,main,,200,,tls1.3,PGR_Create,,
http_req_sending,1787520417,0.088459,,,,true,,POST,PGR_Create,HTTP/2.0,main,,200,,tls1.3,PGR_Create,,
http_req_waiting,1787520417,396.039326,,,,true,,POST,PGR_Create,HTTP/2.0,main,,200,,tls1.3,PGR_Create,,
http_req_receiving,1787520417,0.246831,,,,true,,POST,PGR_Create,HTTP/2.0,main,,200,,tls1.3,PGR_Create,,
http_req_failed,1787520417,0.000000,,,,true,,POST,PGR_Create,HTTP/2.0,main,,200,,tls1.3,PGR_Create,,
vus,1787520418,2.000000,,,,,,,,,,,,,,,,
vus_max,1787520418,2.000000,,,,,,,,,,,,,,,,
vus,1787520419,2.000000,,,,,,,,,,,,,,,,
vus_max,1787520419,2.000000,,,,,,,,,,,,,,,,
http_reqs,1787520419,1.000000,,,,true,,POST,PGR_Assign,HTTP/2.0,main,,200,,tls1.3,PGR_Assign,,
http_req_duration,1787520419,385.217406,,,,true,,POST,PGR_Assign,HTTP/2.0,main,,200,,tls1.3,PGR_Assign,,
http_req_blocked,1787520419,0.000391,,,,true,,POST,PGR_Assign,HTTP/2.0,main,,200,,tls1.3,PGR_Assign,,
http_req_connecting,1787520419,0.000000,,,,true,,POST,PGR_Assign,HTTP/2.0,main,,200,,tls1.3,PGR_Assign,,
http_req_tls_handshaking,1787520419,0.000000,,,,true,,POST,PGR_Assign,HTTP/2.0,main,,200,,tls1.3,PGR_Assign,,
http_req_sending,1787520419,0.071086,,,,true,,POST,PGR_Assign,HTTP/2.0,main,,200,,tls1.3,PGR_Assign,,
http_req_waiting,1787520419,385.073501,,,,true,,POST,PGR_Assign,HTTP/2.0,main,,200,,tls1.3,PGR_Assign,,
http_req_receiving,1787520419,0.072819,,,,true,,POST,PGR_Assign,HTTP/2.0,main,,200,,tls1.3,PGR_Assign,,
http_req_failed,1787520419,0.000000,,,,true,,POST,PGR_Assign,HTTP/2.0,main,,200,,tls1.3,PGR_Assign,,
vus,1787520420,2.000000,,,,,,,,,,,,,,,,
vus_max,1787520420,2.000000,,,,,,,,,,,,,,,,
http_reqs,1787520420,1.000000,,,,true,,POST,PGR_Search,HTTP/2.0,main,,200,,tls1.3,PGR_Search,,
http_req_duration,1787520420,316.376845,,,,true,,POST,PGR_Search,HTTP/2.0,main,,200,,tls1.3,PGR_Search,,
http_req_blocked,1787520420,0.000351,,,,true,,POST,PGR_Search,HTTP/2.0,main,,200,,tls1.3,PGR_Search,,
http_req_connecting,1787520420,0.000000,,,,true,,POST,PGR_Search,HTTP/2.0,main,,200,,tls1.3,PGR_Search,,
http_req_tls_handshaking,1787520420,0.000000,,,,true,,POST,PGR_Search,HTTP/2.0,main,,200,,tls1.3,PGR_Search,,
http_req_sending,1787520420,0.064703,,,,true,,POST,PGR_Search,HTTP/2.0,main,,200,,tls1.3,PGR_Search,,
http_req_waiting,1787520420,315.978596,,,,true,,POST,PGR_Search,HTTP/2.0,main,,200,,tls1.3,PGR_Search,,
http_req_receiving,1787520420,0.333546,,,,true,,POST,PGR_Search,HTTP/2.0,main,,200,,tls1.3,PGR_Search,,
http_req_failed,1787520420,0.000000,,,,true,,POST,PGR_Search,HTTP/2.0,main,,200,,tls1.3,PGR_Search,,
transaction_duration,1787520420,8944.000000,,,,,,,,,main,,,,,,,
transaction_success,1787520420,1.000000,,,,,,,,,main,,,,,,,
data_sent,1787520420,14391.000000,,,,,,,,,main,,,,,,,
data_received,1787520420,18691.000000,,,,,,,,,main,,,,,,,
iteration_duration,1787520420,8943.931609,,,,,,,,,main,,,,,,,
iterations,1787520420,1.000000,,,,,,,,,main,,,,,,,
vus,1787520421,2.000000,,,,,,,,,,,,,,,,
vus_max,1787520421,2.000000,,,,,,,,,,,,,,,,
http_reqs,1787520421,1.000000,,,,true,,POST,PGR_Resolve,HTTP/2.0,main,,200,,tls1.3,PGR_Resolve,,
http_req_duration,1787520421,370.833829,,,,true,,POST,PGR_Resolve,HTTP/2.0,main,,200,,tls1.3,PGR_Resolve,,
http_req_blocked,1787520421,0.000541,,,,true,,POST,PGR_Resolve,HTTP/2.0,main,,200,,tls1.3,PGR_Resolve,,
http_req_connecting,1787520421,0.000000,,,,true,,POST,PGR_Resolve,HTTP/2.0,main,,200,,tls1.3,PGR_Resolve,,
http_req_tls_handshaking,1787520421,0.000000,,,,true,,POST,PGR_Resolve,HTTP/2.0,main,,200,,tls1.3,PGR_Resolve,,
http_req_sending,1787520421,0.102726,,,,true,,POST,PGR_Resolve,HTTP/2.0,main,,200,,tls1.3,PGR_Resolve,,
http_req_waiting,1787520421,370.658876,,,,true,,POST,PGR_Resolve,HTTP/2.0,main,,200,,tls1.3,PGR_Resolve,,
http_req_receiving,1787520421,0.072227,,,,true,,POST,PGR_Resolve,HTTP/2.0,main,,200,,tls1.3,PGR_Resolve,,
http_req_failed,1787520421,0.000000,,,,true,,POST,PGR_Resolve,HTTP/2.0,main,,200,,tls1.3,PGR_Resolve,,
http_reqs,1787520421,1.000000,,,,true,,POST,PGR_Create,HTTP/2.0,main,,200,,tls1.3,PGR_Create,,
http_req_duration,1787520421,377.784654,,,,true,,POST,PGR_Create,HTTP/2.0,main,,200,,tls1.3,PGR_Create,,
http_req_blocked,1787520421,0.000450,,,,true,,POST,PGR_Create,HTTP/2.0,main,,200,,tls1.3,PGR_Create,,
http_req_connecting,1787520421,0.000000,,,,true,,POST,PGR_Create,HTTP/2.0,main,,200,,tls1.3,PGR_Create,,
http_req_tls_handshaking,1787520421,0.000000,,,,true,,POST,PGR_Create,HTTP/2.0,main,,200,,tls1.3,PGR_Create,,
http_req_sending,1787520421,0.087848,,,,true,,POST,PGR_Create,HTTP/2.0,main,,200,,tls1.3,PGR_Create,,
http_req_waiting,1787520421,377.621683,,,,true,,POST,PGR_Create,HTTP/2.0,main,,200,,tls1.3,PGR_Create,,
http_req_receiving,1787520421,0.075123,,,,true,,POST,PGR_Create,HTTP/2.0,main,,200,,tls1.3,PGR_Create,,
http_req_failed,1787520421,0.000000,,,,true,,POST,PGR_Create,HTTP/2.0,main,,200,,tls1.3,PGR_Create,,
vus,1787520422,2.000000,,,,,,,,,,,,,,,,
vus_max,1787520422,2.000000,,,,,,,,,,,,,,,,
http_reqs,1787520422,1.000000,,,,true,,POST,PGR_Search,HTTP/2.0,main,,200,,tls1.3,PGR_Search,,
http_req_duration,1787520422,306.208823,,,,true,,POST,PGR_Search,HTTP/2.0,main,,200,,tls1.3,PGR_Search,,
http_req_blocked,1787520422,0.000340,,,,true,,POST,PGR_Search,HTTP/2.0,main,,200,,tls1.3,PGR_Search,,
http_req_connecting,1787520422,0.000000,,,,true,,POST,PGR_Search,HTTP/2.0,main,,200,,tls1.3,PGR_Search,,
http_req_tls_handshaking,1787520422,0.000000,,,,true,,POST,PGR_Search,HTTP/2.0,main,,200,,tls1.3,PGR_Search,,
http_req_sending,1787520422,0.086916,,,,true,,POST,PGR_Search,HTTP/2.0,main,,200,,tls1.3,PGR_Search,,
http_req_waiting,1787520422,306.065199,,,,true,,POST,PGR_Search,HTTP/2.0,main,,200,,tls1.3,PGR_Search,,
http_req_receiving,1787520422,0.056708,,,,true,,POST,PGR_Search,HTTP/2.0,main,,200,,tls1.3,PGR_Search,,
http_req_failed,1787520422,0.000000,,,,true,,POST,PGR_Search,HTTP/2.0,main,,200,,tls1.3,PGR_Search,,
transaction_duration,1787520422,7772.000000,,,,,,,,,main,,,,,,,
transaction_success,1787520422,1.000000,,,,,,,,,main,,,,,,,
data_sent,1787520422,14404.000000,,,,,,,,,main,,,,,,,
data_received,1787520422,18845.000000,,,,,,,,,main,,,,,,,
iteration_duration,1787520422,7771.627181,,,,,,,,,main,,,,,,,
iterations,1787520422,1.000000,,,,,,,,,main,,,,,,,
vus,1787520423,2.000000,,,,,,,,,,,,,,,,
vus_max,1787520423,2.000000,,,,,,,,,,,,,,,,
vus,1787520424,2.000000,,,,,,,,,,,,,,,,
vus_max,1787520424,2.000000,,,,,,,,,,,,,,,,
http_reqs,1787520424,1.000000,,,,true,,POST,PGR_Create,HTTP/2.0,main,,200,,tls1.3,PGR_Create,,
http_req_duration,1787520424,398.401043,,,,true,,POST,PGR_Create,HTTP/2.0,main,,200,,tls1.3,PGR_Create,,
http_req_blocked,1787520424,0.000470,,,,true,,POST,PGR_Create,HTTP/2.0,main,,200,,tls1.3,PGR_Create,,
http_req_connecting,1787520424,0.000000,,,,true,,POST,PGR_Create,HTTP/2.0,main,,200,,tls1.3,PGR_Create,,
http_req_tls_handshaking,1787520424,0.000000,,,,true,,POST,PGR_Create,HTTP/2.0,main,,200,,tls1.3,PGR_Create,,
http_req_sending,1787520424,0.069643,,,,true,,POST,PGR_Create,HTTP/2.0,main,,200,,tls1.3,PGR_Create,,
http_req_waiting,1787520424,398.237251,,,,true,,POST,PGR_Create,HTTP/2.0,main,,200,,tls1.3,PGR_Create,,
http_req_receiving,1787520424,0.094149,,,,true,,POST,PGR_Create,HTTP/2.0,main,,200,,tls1.3,PGR_Create,,
http_req_failed,1787520424,0.000000,,,,true,,POST,PGR_Create,HTTP/2.0,main,,200,,tls1.3,PGR_Create,,
http_reqs,1787520424,1.000000,,,,true,,POST,PGR_Assign,HTTP/2.0,main,,200,,tls1.3,PGR_Assign,,
http_req_duration,1787520424,385.967167,,,,true,,POST,PGR_Assign,HTTP/2.0,main,,200,,tls1.3,PGR_Assign,,
http_req_blocked,1787520424,0.000411,,,,true,,POST,PGR_Assign,HTTP/2.0,main,,200,,tls1.3,PGR_Assign,,
http_req_connecting,1787520424,0.000000,,,,true,,POST,PGR_Assign,HTTP/2.0,main,,200,,tls1.3,PGR_Assign,,
http_req_tls_handshaking,1787520424,0.000000,,,,true,,POST,PGR_Assign,HTTP/2.0,main,,200,,tls1.3,PGR_Assign,,
http_req_sending,1787520424,0.086866,,,,true,,POST,PGR_Assign,HTTP/2.0,main,,200,,tls1.3,PGR_Assign,,
http_req_waiting,1787520424,385.834403,,,,true,,POST,PGR_Assign,HTTP/2.0,main,,200,,tls1.3,PGR_Assign,,
http_req_receiving,1787520424,0.045898,,,,true,,POST,PGR_Assign,HTTP/2.0,main,,200,,tls1.3,PGR_Assign,,
http_req_failed,1787520424,0.000000,,,,true,,POST,PGR_Assign,HTTP/2.0,main,,200,,tls1.3,PGR_Assign,,
vus,1787520425,2.000000,,,,,,,,,,,,,,,,
vus_max,1787520425,2.000000,,,,,,,,,,,,,,,,
http_reqs,1787520426,1.000000,,,,true,,POST,PGR_Assign,HTTP/2.0,main,,200,,tls1.3,PGR_Assign,,
http_req_duration,1787520426,404.257005,,,,true,,POST,PGR_Assign,HTTP/2.0,main,,200,,tls1.3,PGR_Assign,,
http_req_blocked,1787520426,0.000451,,,,true,,POST,PGR_Assign,HTTP/2.0,main,,200,,tls1.3,PGR_Assign,,
http_req_connecting,1787520426,0.000000,,,,true,,POST,PGR_Assign,HTTP/2.0,main,,200,,tls1.3,PGR_Assign,,
http_req_tls_handshaking,1787520426,0.000000,,,,true,,POST,PGR_Assign,HTTP/2.0,main,,200,,tls1.3,PGR_Assign,,
http_req_sending,1787520426,0.075273,,,,true,,POST,PGR_Assign,HTTP/2.0,main,,200,,tls1.3,PGR_Assign,,
http_req_waiting,1787520426,404.093934,,,,true,,POST,PGR_Assign,HTTP/2.0,main,,200,,tls1.3,PGR_Assign,,
http_req_receiving,1787520426,0.087798,,,,true,,POST,PGR_Assign,HTTP/2.0,main,,200,,tls1.3,PGR_Assign,,
http_req_failed,1787520426,0.000000,,,,true,,POST,PGR_Assign,HTTP/2.0,main,,200,,tls1.3,PGR_Assign,,
vus,1787520426,2.000000,,,,,,,,,,,,,,,,
vus_max,1787520426,2.000000,,,,,,,,,,,,,,,,
vus,1787520427,2.000000,,,,,,,,,,,,,,,,
vus_max,1787520427,2.000000,,,,,,,,,,,,,,,,
http_reqs,1787520427,1.000000,,,,true,,POST,PGR_Resolve,HTTP/2.0,main,,200,,tls1.3,PGR_Resolve,,
http_req_duration,1787520427,386.366486,,,,true,,POST,PGR_Resolve,HTTP/2.0,main,,200,,tls1.3,PGR_Resolve,,
http_req_blocked,1787520427,0.000421,,,,true,,POST,PGR_Resolve,HTTP/2.0,main,,200,,tls1.3,PGR_Resolve,,
http_req_connecting,1787520427,0.000000,,,,true,,POST,PGR_Resolve,HTTP/2.0,main,,200,,tls1.3,PGR_Resolve,,
http_req_tls_handshaking,1787520427,0.000000,,,,true,,POST,PGR_Resolve,HTTP/2.0,main,,200,,tls1.3,PGR_Resolve,,
http_req_sending,1787520427,0.098137,,,,true,,POST,PGR_Resolve,HTTP/2.0,main,,200,,tls1.3,PGR_Resolve,,
http_req_waiting,1787520427,386.201993,,,,true,,POST,PGR_Resolve,HTTP/2.0,main,,200,,tls1.3,PGR_Resolve,,
http_req_receiving,1787520427,0.066356,,,,true,,POST,PGR_Resolve,HTTP/2.0,main,,200,,tls1.3,PGR_Resolve,,
http_req_failed,1787520427,0.000000,,,,true,,POST,PGR_Resolve,HTTP/2.0,main,,200,,tls1.3,PGR_Resolve,,
vus,1787520428,2.000000,,,,,,,,,,,,,,,,
vus_max,1787520428,2.000000,,,,,,,,,,,,,,,,
http_reqs,1787520428,1.000000,,,,true,,POST,PGR_Resolve,HTTP/2.0,main,,200,,tls1.3,PGR_Resolve,,
http_req_duration,1787520428,391.280428,,,,true,,POST,PGR_Resolve,HTTP/2.0,main,,200,,tls1.3,PGR_Resolve,,
http_req_blocked,1787520428,0.000661,,,,true,,POST,PGR_Resolve,HTTP/2.0,main,,200,,tls1.3,PGR_Resolve,,
http_req_connecting,1787520428,0.000000,,,,true,,POST,PGR_Resolve,HTTP/2.0,main,,200,,tls1.3,PGR_Resolve,,
http_req_tls_handshaking,1787520428,0.000000,,,,true,,POST,PGR_Resolve,HTTP/2.0,main,,200,,tls1.3,PGR_Resolve,,
http_req_sending,1787520428,0.083179,,,,true,,POST,PGR_Resolve,HTTP/2.0,main,,200,,tls1.3,PGR_Resolve,,
http_req_waiting,1787520428,391.086748,,,,true,,POST,PGR_Resolve,HTTP/2.0,main,,200,,tls1.3,PGR_Resolve,,
http_req_receiving,1787520428,0.110501,,,,true,,POST,PGR_Resolve,HTTP/2.0,main,,200,,tls1.3,PGR_Resolve,,
http_req_failed,1787520428,0.000000,,,,true,,POST,PGR_Resolve,HTTP/2.0,main,,200,,tls1.3,PGR_Resolve,,
http_reqs,1787520428,1.000000,,,,true,,POST,PGR_Search,HTTP/2.0,main,,200,,tls1.3,PGR_Search,,
http_req_duration,1787520428,319.578012,,,,true,,POST,PGR_Search,HTTP/2.0,main,,200,,tls1.3,PGR_Search,,
http_req_blocked,1787520428,0.000461,,,,true,,POST,PGR_Search,HTTP/2.0,main,,200,,tls1.3,PGR_Search,,
http_req_connecting,1787520428,0.000000,,,,true,,POST,PGR_Search,HTTP/2.0,main,,200,,tls1.3,PGR_Search,,
http_req_tls_handshaking,1787520428,0.000000,,,,true,,POST,PGR_Search,HTTP/2.0,main,,200,,tls1.3,PGR_Search,,
http_req_sending,1787520428,0.060445,,,,true,,POST,PGR_Search,HTTP/2.0,main,,200,,tls1.3,PGR_Search,,
http_req_waiting,1787520428,319.500685,,,,true,,POST,PGR_Search,HTTP/2.0,main,,200,,tls1.3,PGR_Search,,
http_req_receiving,1787520428,0.016882,,,,true,,POST,PGR_Search,HTTP/2.0,main,,200,,tls1.3,PGR_Search,,
http_req_failed,1787520428,0.000000,,,,true,,POST,PGR_Search,HTTP/2.0,main,,200,,tls1.3,PGR_Search,,
transaction_duration,1787520428,8318.000000,,,,,,,,,main,,,,,,,
transaction_success,1787520428,1.000000,,,,,,,,,main,,,,,,,
data_sent,1787520428,14232.000000,,,,,,,,,main,,,,,,,
data_received,1787520428,18601.000000,,,,,,,,,main,,,,,,,
iteration_duration,1787520428,8317.822028,,,,,,,,,main,,,,,,,
iterations,1787520428,1.000000,,,,,,,,,main,,,,,,,
vus,1787520429,2.000000,,,,,,,,,,,,,,,,
vus_max,1787520429,2.000000,,,,,,,,,,,,,,,,
http_reqs,1787520430,1.000000,,,,true,,POST,PGR_Create,HTTP/2.0,main,,200,,tls1.3,PGR_Create,,
http_req_duration,1787520430,429.363844,,,,true,,POST,PGR_Create,HTTP/2.0,main,,200,,tls1.3,PGR_Create,,
http_req_blocked,1787520430,0.000781,,,,true,,POST,PGR_Create,HTTP/2.0,main,,200,,tls1.3,PGR_Create,,
http_req_connecting,1787520430,0.000000,,,,true,,POST,PGR_Create,HTTP/2.0,main,,200,,tls1.3,PGR_Create,,
http_req_tls_handshaking,1787520430,0.000000,,,,true,,POST,PGR_Create,HTTP/2.0,main,,200,,tls1.3,PGR_Create,,
http_req_sending,1787520430,0.118396,,,,true,,POST,PGR_Create,HTTP/2.0,main,,200,,tls1.3,PGR_Create,,
http_req_waiting,1787520430,429.163742,,,,true,,POST,PGR_Create,HTTP/2.0,main,,200,,tls1.3,PGR_Create,,
http_req_receiving,1787520430,0.081706,,,,true,,POST,PGR_Create,HTTP/2.0,main,,200,,tls1.3,PGR_Create,,
http_req_failed,1787520430,0.000000,,,,true,,POST,PGR_Create,HTTP/2.0,main,,200,,tls1.3,PGR_Create,,
vus,1787520430,2.000000,,,,,,,,,,,,,,,,
vus_max,1787520430,2.000000,,,,,,,,,,,,,,,,
http_reqs,1787520430,1.000000,,,,true,,POST,PGR_Search,HTTP/2.0,main,,200,,tls1.3,PGR_Search,,
http_req_duration,1787520430,309.679463,,,,true,,POST,PGR_Search,HTTP/2.0,main,,200,,tls1.3,PGR_Search,,
http_req_blocked,1787520430,0.000211,,,,true,,POST,PGR_Search,HTTP/2.0,main,,200,,tls1.3,PGR_Search,,
http_req_connecting,1787520430,0.000000,,,,true,,POST,PGR_Search,HTTP/2.0,main,,200,,tls1.3,PGR_Search,,
http_req_tls_handshaking,1787520430,0.000000,,,,true,,POST,PGR_Search,HTTP/2.0,main,,200,,tls1.3,PGR_Search,,
http_req_sending,1787520430,0.061527,,,,true,,POST,PGR_Search,HTTP/2.0,main,,200,,tls1.3,PGR_Search,,
http_req_waiting,1787520430,309.570586,,,,true,,POST,PGR_Search,HTTP/2.0,main,,200,,tls1.3,PGR_Search,,
http_req_receiving,1787520430,0.047350,,,,true,,POST,PGR_Search,HTTP/2.0,main,,200,,tls1.3,PGR_Search,,
http_req_failed,1787520430,0.000000,,,,true,,POST,PGR_Search,HTTP/2.0,main,,200,,tls1.3,PGR_Search,,
transaction_duration,1787520430,7905.000000,,,,,,,,,main,,,,,,,
transaction_success,1787520430,1.000000,,,,,,,,,main,,,,,,,
data_sent,1787520430,14499.000000,,,,,,,,,main,,,,,,,
data_received,1787520430,18900.000000,,,,,,,,,main,,,,,,,
iteration_duration,1787520430,7904.878997,,,,,,,,,main,,,,,,,
iterations,1787520430,1.000000,,,,,,,,,main,,,,,,,
vus,1787520431,2.000000,,,,,,,,,,,,,,,,
vus_max,1787520431,2.000000,,,,,,,,,,,,,,,,
http_reqs,1787520432,1.000000,,,,true,,POST,PGR_Assign,HTTP/2.0,main,,200,,tls1.3,PGR_Assign,,
http_req_duration,1787520432,392.909828,,,,true,,POST,PGR_Assign,HTTP/2.0,main,,200,,tls1.3,PGR_Assign,,
http_req_blocked,1787520432,0.000561,,,,true,,POST,PGR_Assign,HTTP/2.0,main,,200,,tls1.3,PGR_Assign,,
http_req_connecting,1787520432,0.000000,,,,true,,POST,PGR_Assign,HTTP/2.0,main,,200,,tls1.3,PGR_Assign,,
http_req_tls_handshaking,1787520432,0.000000,,,,true,,POST,PGR_Assign,HTTP/2.0,main,,200,,tls1.3,PGR_Assign,,
http_req_sending,1787520432,0.063331,,,,true,,POST,PGR_Assign,HTTP/2.0,main,,200,,tls1.3,PGR_Assign,,
http_req_waiting,1787520432,392.795901,,,,true,,POST,PGR_Assign,HTTP/2.0,main,,200,,tls1.3,PGR_Assign,,
http_req_receiving,1787520432,0.050596,,,,true,,POST,PGR_Assign,HTTP/2.0,main,,200,,tls1.3,PGR_Assign,,
http_req_failed,1787520432,0.000000,,,,true,,POST,PGR_Assign,HTTP/2.0,main,,200,,tls1.3,PGR_Assign,,
vus,1787520432,2.000000,,,,,,,,,,,,,,,,
vus_max,1787520432,2.000000,,,,,,,,,,,,,,,,
http_reqs,1787520432,1.000000,,,,true,,POST,PGR_Create,HTTP/2.0,main,,200,,tls1.3,PGR_Create,,
http_req_duration,1787520432,385.870173,,,,true,,POST,PGR_Create,HTTP/2.0,main,,200,,tls1.3,PGR_Create,,
http_req_blocked,1787520432,0.000190,,,,true,,POST,PGR_Create,HTTP/2.0,main,,200,,tls1.3,PGR_Create,,
http_req_connecting,1787520432,0.000000,,,,true,,POST,PGR_Create,HTTP/2.0,main,,200,,tls1.3,PGR_Create,,
http_req_tls_handshaking,1787520432,0.000000,,,,true,,POST,PGR_Create,HTTP/2.0,main,,200,,tls1.3,PGR_Create,,
http_req_sending,1787520432,0.027262,,,,true,,POST,PGR_Create,HTTP/2.0,main,,200,,tls1.3,PGR_Create,,
http_req_waiting,1787520432,385.800140,,,,true,,POST,PGR_Create,HTTP/2.0,main,,200,,tls1.3,PGR_Create,,
http_req_receiving,1787520432,0.042771,,,,true,,POST,PGR_Create,HTTP/2.0,main,,200,,tls1.3,PGR_Create,,
http_req_failed,1787520432,0.000000,,,,true,,POST,PGR_Create,HTTP/2.0,main,,200,,tls1.3,PGR_Create,,
vus,1787520433,2.000000,,,,,,,,,,,,,,,,
vus_max,1787520433,2.000000,,,,,,,,,,,,,,,,
http_reqs,1787520433,1.000000,,,,true,,POST,PGR_Resolve,HTTP/2.0,main,,200,,tls1.3,PGR_Resolve,,
http_req_duration,1787520433,364.183723,,,,true,,POST,PGR_Resolve,HTTP/2.0,main,,200,,tls1.3,PGR_Resolve,,
http_req_blocked,1787520433,0.000291,,,,true,,POST,PGR_Resolve,HTTP/2.0,main,,200,,tls1.3,PGR_Resolve,,
http_req_connecting,1787520433,0.000000,,,,true,,POST,PGR_Resolve,HTTP/2.0,main,,200,,tls1.3,PGR_Resolve,,
http_req_tls_handshaking,1787520433,0.000000,,,,true,,POST,PGR_Resolve,HTTP/2.0,main,,200,,tls1.3,PGR_Resolve,,
http_req_sending,1787520433,0.043172,,,,true,,POST,PGR_Resolve,HTTP/2.0,main,,200,,tls1.3,PGR_Resolve,,
http_req_waiting,1787520433,364.085857,,,,true,,POST,PGR_Resolve,HTTP/2.0,main,,200,,tls1.3,PGR_Resolve,,
http_req_receiving,1787520433,0.054694,,,,true,,POST,PGR_Resolve,HTTP/2.0,main,,200,,tls1.3,PGR_Resolve,,
http_req_failed,1787520433,0.000000,,,,true,,POST,PGR_Resolve,HTTP/2.0,main,,200,,tls1.3,PGR_Resolve,,
vus,1787520434,2.000000,,,,,,,,,,,,,,,,
vus_max,1787520434,2.000000,,,,,,,,,,,,,,,,
vus,1787520435,2.000000,,,,,,,,,,,,,,,,
vus_max,1787520435,2.000000,,,,,,,,,,,,,,,,
http_reqs,1787520435,1.000000,,,,true,,POST,PGR_Search,HTTP/2.0,main,,200,,tls1.3,PGR_Search,,
http_req_duration,1787520435,310.508567,,,,true,,POST,PGR_Search,HTTP/2.0,main,,200,,tls1.3,PGR_Search,,
http_req_blocked,1787520435,0.000541,,,,true,,POST,PGR_Search,HTTP/2.0,main,,200,,tls1.3,PGR_Search,,
http_req_connecting,1787520435,0.000000,,,,true,,POST,PGR_Search,HTTP/2.0,main,,200,,tls1.3,PGR_Search,,
http_req_tls_handshaking,1787520435,0.000000,,,,true,,POST,PGR_Search,HTTP/2.0,main,,200,,tls1.3,PGR_Search,,
http_req_sending,1787520435,0.093638,,,,true,,POST,PGR_Search,HTTP/2.0,main,,200,,tls1.3,PGR_Search,,
http_req_waiting,1787520435,310.356558,,,,true,,POST,PGR_Search,HTTP/2.0,main,,200,,tls1.3,PGR_Search,,
http_req_receiving,1787520435,0.058371,,,,true,,POST,PGR_Search,HTTP/2.0,main,,200,,tls1.3,PGR_Search,,
http_req_failed,1787520435,0.000000,,,,true,,POST,PGR_Search,HTTP/2.0,main,,200,,tls1.3,PGR_Search,,
transaction_duration,1787520435,6753.000000,,,,,,,,,main,,,,,,,
transaction_success,1787520435,1.000000,,,,,,,,,main,,,,,,,
data_sent,1787520435,14390.000000,,,,,,,,,main,,,,,,,
data_received,1787520435,18781.000000,,,,,,,,,main,,,,,,,
iteration_duration,1787520435,6752.791756,,,,,,,,,main,,,,,,,
iterations,1787520435,1.000000,,,,,,,,,main,,,,,,,
vus,1787520436,2.000000,,,,,,,,,,,,,,,,
vus_max,1787520436,2.000000,,,,,,,,,,,,,,,,
http_reqs,1787520436,1.000000,,,,true,,POST,PGR_Assign,HTTP/2.0,main,,200,,tls1.3,PGR_Assign,,
http_req_duration,1787520436,372.708962,,,,true,,POST,PGR_Assign,HTTP/2.0,main,,200,,tls1.3,PGR_Assign,,
http_req_blocked,1787520436,0.000401,,,,true,,POST,PGR_Assign,HTTP/2.0,main,,200,,tls1.3,PGR_Assign,,
http_req_connecting,1787520436,0.000000,,,,true,,POST,PGR_Assign,HTTP/2.0,main,,200,,tls1.3,PGR_Assign,,
http_req_tls_handshaking,1787520436,0.000000,,,,true,,POST,PGR_Assign,HTTP/2.0,main,,200,,tls1.3,PGR_Assign,,
http_req_sending,1787520436,0.083008,,,,true,,POST,PGR_Assign,HTTP/2.0,main,,200,,tls1.3,PGR_Assign,,
http_req_waiting,1787520436,372.547033,,,,true,,POST,PGR_Assign,HTTP/2.0,main,,200,,tls1.3,PGR_Assign,,
http_req_receiving,1787520436,0.078921,,,,true,,POST,PGR_Assign,HTTP/2.0,main,,200,,tls1.3,PGR_Assign,,
http_req_failed,1787520436,0.000000,,,,true,,POST,PGR_Assign,HTTP/2.0,main,,200,,tls1.3,PGR_Assign,,
http_reqs,1787520436,1.000000,,,,true,,POST,PGR_Create,HTTP/2.0,main,,200,,tls1.3,PGR_Create,,
http_req_duration,1787520436,403.510172,,,,true,,POST,PGR_Create,HTTP/2.0,main,,200,,tls1.3,PGR_Create,,
http_req_blocked,1787520436,0.000271,,,,true,,POST,PGR_Create,HTTP/2.0,main,,200,,tls1.3,PGR_Create,,
http_req_connecting,1787520436,0.000000,,,,true,,POST,PGR_Create,HTTP/2.0,main,,200,,tls1.3,PGR_Create,,
http_req_tls_handshaking,1787520436,0.000000,,,,true,,POST,PGR_Create,HTTP/2.0,main,,200,,tls1.3,PGR_Create,,
http_req_sending,1787520436,0.057910,,,,true,,POST,PGR_Create,HTTP/2.0,main,,200,,tls1.3,PGR_Create,,
http_req_waiting,1787520436,403.391196,,,,true,,POST,PGR_Create,HTTP/2.0,main,,200,,tls1.3,PGR_Create,,
http_req_receiving,1787520436,0.061066,,,,true,,POST,PGR_Create,HTTP/2.0,main,,200,,tls1.3,PGR_Create,,
http_req_failed,1787520436,0.000000,,,,true,,POST,PGR_Create,HTTP/2.0,main,,200,,tls1.3,PGR_Create,,
vus,1787520437,2.000000,,,,,,,,,,,,,,,,
vus_max,1787520437,2.000000,,,,,,,,,,,,,,,,
vus,1787520438,2.000000,,,,,,,,,,,,,,,,
vus_max,1787520438,2.000000,,,,,,,,,,,,,,,,
http_reqs,1787520438,1.000000,,,,true,,POST,PGR_Resolve,HTTP/2.0,main,,200,,tls1.3,PGR_Resolve,,
http_req_duration,1787520438,403.000613,,,,true,,POST,PGR_Resolve,HTTP/2.0,main,,200,,tls1.3,PGR_Resolve,,
http_req_blocked,1787520438,0.000411,,,,true,,POST,PGR_Resolve,HTTP/2.0,main,,200,,tls1.3,PGR_Resolve,,
http_req_connecting,1787520438,0.000000,,,,true,,POST,PGR_Resolve,HTTP/2.0,main,,200,,tls1.3,PGR_Resolve,,
http_req_tls_handshaking,1787520438,0.000000,,,,true,,POST,PGR_Resolve,HTTP/2.0,main,,200,,tls1.3,PGR_Resolve,,
http_req_sending,1787520438,0.102765,,,,true,,POST,PGR_Resolve,HTTP/2.0,main,,200,,tls1.3,PGR_Resolve,,
http_req_waiting,1787520438,402.692116,,,,true,,POST,PGR_Resolve,HTTP/2.0,main,,200,,tls1.3,PGR_Resolve,,
http_req_receiving,1787520438,0.205732,,,,true,,POST,PGR_Resolve,HTTP/2.0,main,,200,,tls1.3,PGR_Resolve,,
http_req_failed,1787520438,0.000000,,,,true,,POST,PGR_Resolve,HTTP/2.0,main,,200,,tls1.3,PGR_Resolve,,
http_reqs,1787520438,1.000000,,,,true,,POST,PGR_Assign,HTTP/2.0,main,,200,,tls1.3,PGR_Assign,,
http_req_duration,1787520438,371.044883,,,,true,,POST,PGR_Assign,HTTP/2.0,main,,200,,tls1.3,PGR_Assign,,
http_req_blocked,1787520438,0.000301,,,,true,,POST,PGR_Assign,HTTP/2.0,main,,200,,tls1.3,PGR_Assign,,
http_req_connecting,1787520438,0.000000,,,,true,,POST,PGR_Assign,HTTP/2.0,main,,200,,tls1.3,PGR_Assign,,
http_req_tls_handshaking,1787520438,0.000000,,,,true,,POST,PGR_Assign,HTTP/2.0,main,,200,,tls1.3,PGR_Assign,,
http_req_sending,1787520438,0.057550,,,,true,,POST,PGR_Assign,HTTP/2.0,main,,200,,tls1.3,PGR_Assign,,
http_req_waiting,1787520438,370.919243,,,,true,,POST,PGR_Assign,HTTP/2.0,main,,200,,tls1.3,PGR_Assign,,
http_req_receiving,1787520438,0.068090,,,,true,,POST,PGR_Assign,HTTP/2.0,main,,200,,tls1.3,PGR_Assign,,
http_req_failed,1787520438,0.000000,,,,true,,POST,PGR_Assign,HTTP/2.0,main,,200,,tls1.3,PGR_Assign,,
vus,1787520439,2.000000,,,,,,,,,,,,,,,,
vus_max,1787520439,2.000000,,,,,,,,,,,,,,,,
http_reqs,1787520440,1.000000,,,,true,,POST,PGR_Resolve,HTTP/2.0,main,,200,,tls1.3,PGR_Resolve,,
http_req_duration,1787520440,377.696482,,,,true,,POST,PGR_Resolve,HTTP/2.0,main,,200,,tls1.3,PGR_Resolve,,
http_req_blocked,1787520440,0.000410,,,,true,,POST,PGR_Resolve,HTTP/2.0,main,,200,,tls1.3,PGR_Resolve,,
http_req_connecting,1787520440,0.000000,,,,true,,POST,PGR_Resolve,HTTP/2.0,main,,200,,tls1.3,PGR_Resolve,,
http_req_tls_handshaking,1787520440,0.000000,,,,true,,POST,PGR_Resolve,HTTP/2.0,main,,200,,tls1.3,PGR_Resolve,,
http_req_sending,1787520440,0.081125,,,,true,,POST,PGR_Resolve,HTTP/2.0,main,,200,,tls1.3,PGR_Resolve,,
http_req_waiting,1787520440,376.743456,,,,true,,POST,PGR_Resolve,HTTP/2.0,main,,200,,tls1.3,PGR_Resolve,,
http_req_receiving,1787520440,0.871901,,,,true,,POST,PGR_Resolve,HTTP/2.0,main,,200,,tls1.3,PGR_Resolve,,
http_req_failed,1787520440,0.000000,,,,true,,POST,PGR_Resolve,HTTP/2.0,main,,200,,tls1.3,PGR_Resolve,,
vus,1787520440,2.000000,,,,,,,,,,,,,,,,
vus_max,1787520440,2.000000,,,,,,,,,,,,,,,,
http_reqs,1787520440,1.000000,,,,true,,POST,PGR_Search,HTTP/2.0,main,,200,,tls1.3,PGR_Search,,
http_req_duration,1787520440,309.041130,,,,true,,POST,PGR_Search,HTTP/2.0,main,,200,,tls1.3,PGR_Search,,
http_req_blocked,1787520440,0.000281,,,,true,,POST,PGR_Search,HTTP/2.0,main,,200,,tls1.3,PGR_Search,,
http_req_connecting,1787520440,0.000000,,,,true,,POST,PGR_Search,HTTP/2.0,main,,200,,tls1.3,PGR_Search,,
http_req_tls_handshaking,1787520440,0.000000,,,,true,,POST,PGR_Search,HTTP/2.0,main,,200,,tls1.3,PGR_Search,,
http_req_sending,1787520440,0.071376,,,,true,,POST,PGR_Search,HTTP/2.0,main,,200,,tls1.3,PGR_Search,,
http_req_waiting,1787520440,308.931200,,,,true,,POST,PGR_Search,HTTP/2.0,main,,200,,tls1.3,PGR_Search,,
http_req_receiving,1787520440,0.038554,,,,true,,POST,PGR_Search,HTTP/2.0,main,,200,,tls1.3,PGR_Search,,
http_req_failed,1787520440,0.000000,,,,true,,POST,PGR_Search,HTTP/2.0,main,,200,,tls1.3,PGR_Search,,
transaction_duration,1787520440,10317.000000,,,,,,,,,main,,,,,,,
transaction_success,1787520440,1.000000,,,,,,,,,main,,,,,,,
data_sent,1787520440,14372.000000,,,,,,,,,main,,,,,,,
data_received,1787520440,18741.000000,,,,,,,,,main,,,,,,,
iteration_duration,1787520440,10317.260681,,,,,,,,,main,,,,,,,
iterations,1787520440,1.000000,,,,,,,,,main,,,,,,,
vus,1787520441,1.000000,,,,,,,,,,,,,,,,
vus_max,1787520441,2.000000,,,,,,,,,,,,,,,,
vus,1787520442,1.000000,,,,,,,,,,,,,,,,
vus_max,1787520442,2.000000,,,,,,,,,,,,,,,,
http_reqs,1787520442,1.000000,,,,true,,POST,PGR_Search,HTTP/2.0,main,,200,,tls1.3,PGR_Search,,
http_req_duration,1787520442,321.217565,,,,true,,POST,PGR_Search,HTTP/2.0,main,,200,,tls1.3,PGR_Search,,
http_req_blocked,1787520442,0.000451,,,,true,,POST,PGR_Search,HTTP/2.0,main,,200,,tls1.3,PGR_Search,,
http_req_connecting,1787520442,0.000000,,,,true,,POST,PGR_Search,HTTP/2.0,main,,200,,tls1.3,PGR_Search,,
http_req_tls_handshaking,1787520442,0.000000,,,,true,,POST,PGR_Search,HTTP/2.0,main,,200,,tls1.3,PGR_Search,,
http_req_sending,1787520442,0.098036,,,,true,,POST,PGR_Search,HTTP/2.0,main,,200,,tls1.3,PGR_Search,,
http_req_waiting,1787520442,321.076076,,,,true,,POST,PGR_Search,HTTP/2.0,main,,200,,tls1.3,PGR_Search,,
http_req_receiving,1787520442,0.043453,,,,true,,POST,PGR_Search,HTTP/2.0,main,,200,,tls1.3,PGR_Search,,
http_req_failed,1787520442,0.000000,,,,true,,POST,PGR_Search,HTTP/2.0,main,,200,,tls1.3,PGR_Search,,
transaction_duration,1787520442,7216.000000,,,,,,,,,main,,,,,,,
transaction_success,1787520442,1.000000,,,,,,,,,main,,,,,,,
data_sent,1787520442,14370.000000,,,,,,,,,main,,,,,,,
data_received,1787520442,18803.000000,,,,,,,,,main,,,,,,,
iteration_duration,1787520442,7215.782592,,,,,,,,,main,,,,,,,
iterations,1787520442,1.000000,,,,,,,,,main,,,,,,,
vus,1787520443,1.000000,,,,,,,,,,,,,,,,
vus_max,1787520443,2.000000,,,,,,,,,,,,,,,,
vus,1787520444,1.000000,,,,,,,,,,,,,,,,
vus_max,1787520444,2.000000,,,,,,,,,,,,,,,,
http_reqs,1787520445,1.000000,,,,true,,POST,PGR_Create,HTTP/2.0,main,,200,,tls1.3,PGR_Create,,
http_req_duration,1787520445,387.929464,,,,true,,POST,PGR_Create,HTTP/2.0,main,,200,,tls1.3,PGR_Create,,
http_req_blocked,1787520445,0.000471,,,,true,,POST,PGR_Create,HTTP/2.0,main,,200,,tls1.3,PGR_Create,,
http_req_connecting,1787520445,0.000000,,,,true,,POST,PGR_Create,HTTP/2.0,main,,200,,tls1.3,PGR_Create,,
http_req_tls_handshaking,1787520445,0.000000,,,,true,,POST,PGR_Create,HTTP/2.0,main,,200,,tls1.3,PGR_Create,,
http_req_sending,1787520445,0.077949,,,,true,,POST,PGR_Create,HTTP/2.0,main,,200,,tls1.3,PGR_Create,,
http_req_waiting,1787520445,387.728791,,,,true,,POST,PGR_Create,HTTP/2.0,main,,200,,tls1.3,PGR_Create,,
http_req_receiving,1787520445,0.122724,,,,true,,POST,PGR_Create,HTTP/2.0,main,,200,,tls1.3,PGR_Create,,
http_req_failed,1787520445,0.000000,,,,true,,POST,PGR_Create,HTTP/2.0,main,,200,,tls1.3,PGR_Create,,
vus,1787520445,1.000000,,,,,,,,,,,,,,,,
vus_max,1787520445,2.000000,,,,,,,,,,,,,,,,
vus,1787520446,1.000000,,,,,,,,,,,,,,,,
vus_max,1787520446,2.000000,,,,,,,,,,,,,,,,
vus,1787520447,1.000000,,,,,,,,,,,,,,,,
vus_max,1787520447,2.000000,,,,,,,,,,,,,,,,
http_reqs,1787520447,1.000000,,,,true,,POST,PGR_Assign,HTTP/2.0,main,,200,,tls1.3,PGR_Assign,,
http_req_duration,1787520447,371.104936,,,,true,,POST,PGR_Assign,HTTP/2.0,main,,200,,tls1.3,PGR_Assign,,
http_req_blocked,1787520447,0.000571,,,,true,,POST,PGR_Assign,HTTP/2.0,main,,200,,tls1.3,PGR_Assign,,
http_req_connecting,1787520447,0.000000,,,,true,,POST,PGR_Assign,HTTP/2.0,main,,200,,tls1.3,PGR_Assign,,
http_req_tls_handshaking,1787520447,0.000000,,,,true,,POST,PGR_Assign,HTTP/2.0,main,,200,,tls1.3,PGR_Assign,,
http_req_sending,1787520447,0.082046,,,,true,,POST,PGR_Assign,HTTP/2.0,main,,200,,tls1.3,PGR_Assign,,
http_req_waiting,1787520447,370.932207,,,,true,,POST,PGR_Assign,HTTP/2.0,main,,200,,tls1.3,PGR_Assign,,
http_req_receiving,1787520447,0.090683,,,,true,,POST,PGR_Assign,HTTP/2.0,main,,200,,tls1.3,PGR_Assign,,
http_req_failed,1787520447,0.000000,,,,true,,POST,PGR_Assign,HTTP/2.0,main,,200,,tls1.3,PGR_Assign,,
vus,1787520448,1.000000,,,,,,,,,,,,,,,,
vus_max,1787520448,2.000000,,,,,,,,,,,,,,,,
vus,1787520449,1.000000,,,,,,,,,,,,,,,,
vus_max,1787520449,2.000000,,,,,,,,,,,,,,,,
http_reqs,1787520449,1.000000,,,,true,,POST,PGR_Resolve,HTTP/2.0,main,,200,,tls1.3,PGR_Resolve,,
http_req_duration,1787520449,399.053342,,,,true,,POST,PGR_Resolve,HTTP/2.0,main,,200,,tls1.3,PGR_Resolve,,
http_req_blocked,1787520449,0.000411,,,,true,,POST,PGR_Resolve,HTTP/2.0,main,,200,,tls1.3,PGR_Resolve,,
http_req_connecting,1787520449,0.000000,,,,true,,POST,PGR_Resolve,HTTP/2.0,main,,200,,tls1.3,PGR_Resolve,,
http_req_tls_handshaking,1787520449,0.000000,,,,true,,POST,PGR_Resolve,HTTP/2.0,main,,200,,tls1.3,PGR_Resolve,,
http_req_sending,1787520449,0.085623,,,,true,,POST,PGR_Resolve,HTTP/2.0,main,,200,,tls1.3,PGR_Resolve,,
http_req_waiting,1787520449,397.887140,,,,true,,POST,PGR_Resolve,HTTP/2.0,main,,200,,tls1.3,PGR_Resolve,,
http_req_receiving,1787520449,1.080579,,,,true,,POST,PGR_Resolve,HTTP/2.0,main,,200,,tls1.3,PGR_Resolve,,
http_req_failed,1787520449,0.000000,,,,true,,POST,PGR_Resolve,HTTP/2.0,main,,200,,tls1.3,PGR_Resolve,,
vus,1787520450,1.000000,,,,,,,,,,,,,,,,
vus_max,1787520450,2.000000,,,,,,,,,,,,,,,,
vus,1787520451,1.000000,,,,,,,,,,,,,,,,
vus_max,1787520451,2.000000,,,,,,,,,,,,,,,,
http_reqs,1787520451,1.000000,,,,true,,POST,PGR_Search,HTTP/2.0,main,,200,,tls1.3,PGR_Search,,
http_req_duration,1787520451,319.443718,,,,true,,POST,PGR_Search,HTTP/2.0,main,,200,,tls1.3,PGR_Search,,
http_req_blocked,1787520451,0.000411,,,,true,,POST,PGR_Search,HTTP/2.0,main,,200,,tls1.3,PGR_Search,,
http_req_connecting,1787520451,0.000000,,,,true,,POST,PGR_Search,HTTP/2.0,main,,200,,tls1.3,PGR_Search,,
http_req_tls_handshaking,1787520451,0.000000,,,,true,,POST,PGR_Search,HTTP/2.0,main,,200,,tls1.3,PGR_Search,,
http_req_sending,1787520451,0.082046,,,,true,,POST,PGR_Search,HTTP/2.0,main,,200,,tls1.3,PGR_Search,,
http_req_waiting,1787520451,319.306186,,,,true,,POST,PGR_Search,HTTP/2.0,main,,200,,tls1.3,PGR_Search,,
http_req_receiving,1787520451,0.055486,,,,true,,POST,PGR_Search,HTTP/2.0,main,,200,,tls1.3,PGR_Search,,
http_req_failed,1787520451,0.000000,,,,true,,POST,PGR_Search,HTTP/2.0,main,,200,,tls1.3,PGR_Search,,
transaction_duration,1787520451,9346.000000,,,,,,,,,main,,,,,,,
transaction_success,1787520451,1.000000,,,,,,,,,main,,,,,,,
data_sent,1787520451,14474.000000,,,,,,,,,main,,,,,,,
data_received,1787520451,18943.000000,,,,,,,,,main,,,,,,,
iteration_duration,1787520451,9346.664206,,,,,,,,,main,,,,,,,
iterations,1787520451,1.000000,,,,,,,,,main,,,,,,,
vus,1787520452,1.000000,,,,,,,,,,,,,,,,
vus_max,1787520452,2.000000,,,,,,,,,,,,,,,,
vus,1787520453,1.000000,,,,,,,,,,,,,,,,
vus_max,1787520453,2.000000,,,,,,,,,,,,,,,,
vus,1787520454,1.000000,,,,,,,,,,,,,,,,
vus_max,1787520454,2.000000,,,,,,,,,,,,,,,,
http_reqs,1787520455,1.000000,,,,true,,POST,PGR_Create,HTTP/2.0,main,,200,,tls1.3,PGR_Create,,
http_req_duration,1787520455,381.140464,,,,true,,POST,PGR_Create,HTTP/2.0,main,,200,,tls1.3,PGR_Create,,
http_req_blocked,1787520455,0.000391,,,,true,,POST,PGR_Create,HTTP/2.0,main,,200,,tls1.3,PGR_Create,,
http_req_connecting,1787520455,0.000000,,,,true,,POST,PGR_Create,HTTP/2.0,main,,200,,tls1.3,PGR_Create,,
http_req_tls_handshaking,1787520455,0.000000,,,,true,,POST,PGR_Create,HTTP/2.0,main,,200,,tls1.3,PGR_Create,,
http_req_sending,1787520455,0.097255,,,,true,,POST,PGR_Create,HTTP/2.0,main,,200,,tls1.3,PGR_Create,,
http_req_waiting,1787520455,380.907400,,,,true,,POST,PGR_Create,HTTP/2.0,main,,200,,tls1.3,PGR_Create,,
http_req_receiving,1787520455,0.135809,,,,true,,POST,PGR_Create,HTTP/2.0,main,,200,,tls1.3,PGR_Create,,
http_req_failed,1787520455,0.000000,,,,true,,POST,PGR_Create,HTTP/2.0,main,,200,,tls1.3,PGR_Create,,
vus,1787520455,1.000000,,,,,,,,,,,,,,,,
vus_max,1787520455,2.000000,,,,,,,,,,,,,,,,
vus,1787520456,1.000000,,,,,,,,,,,,,,,,
vus_max,1787520456,2.000000,,,,,,,,,,,,,,,,
vus,1787520457,1.000000,,,,,,,,,,,,,,,,
vus_max,1787520457,2.000000,,,,,,,,,,,,,,,,
vus,1787520458,1.000000,,,,,,,,,,,,,,,,
vus_max,1787520458,2.000000,,,,,,,,,,,,,,,,
http_reqs,1787520458,1.000000,,,,true,,POST,PGR_Assign,HTTP/2.0,main,,200,,tls1.3,PGR_Assign,,
http_req_duration,1787520458,421.033298,,,,true,,POST,PGR_Assign,HTTP/2.0,main,,200,,tls1.3,PGR_Assign,,
http_req_blocked,1787520458,0.000410,,,,true,,POST,PGR_Assign,HTTP/2.0,main,,200,,tls1.3,PGR_Assign,,
http_req_connecting,1787520458,0.000000,,,,true,,POST,PGR_Assign,HTTP/2.0,main,,200,,tls1.3,PGR_Assign,,
http_req_tls_handshaking,1787520458,0.000000,,,,true,,POST,PGR_Assign,HTTP/2.0,main,,200,,tls1.3,PGR_Assign,,
http_req_sending,1787520458,0.070445,,,,true,,POST,PGR_Assign,HTTP/2.0,main,,200,,tls1.3,PGR_Assign,,
http_req_waiting,1787520458,420.879084,,,,true,,POST,PGR_Assign,HTTP/2.0,main,,200,,tls1.3,PGR_Assign,,
http_req_receiving,1787520458,0.083769,,,,true,,POST,PGR_Assign,HTTP/2.0,main,,200,,tls1.3,PGR_Assign,,
http_req_failed,1787520458,0.000000,,,,true,,POST,PGR_Assign,HTTP/2.0,main,,200,,tls1.3,PGR_Assign,,
vus,1787520459,1.000000,,,,,,,,,,,,,,,,
vus_max,1787520459,2.000000,,,,,,,,,,,,,,,,
vus,1787520460,1.000000,,,,,,,,,,,,,,,,
vus_max,1787520460,2.000000,,,,,,,,,,,,,,,,
http_reqs,1787520460,1.000000,,,,true,,POST,PGR_Resolve,HTTP/2.0,main,,200,,tls1.3,PGR_Resolve,,
http_req_duration,1787520460,374.875698,,,,true,,POST,PGR_Resolve,HTTP/2.0,main,,200,,tls1.3,PGR_Resolve,,
http_req_blocked,1787520460,0.000421,,,,true,,POST,PGR_Resolve,HTTP/2.0,main,,200,,tls1.3,PGR_Resolve,,
http_req_connecting,1787520460,0.000000,,,,true,,POST,PGR_Resolve,HTTP/2.0,main,,200,,tls1.3,PGR_Resolve,,
http_req_tls_handshaking,1787520460,0.000000,,,,true,,POST,PGR_Resolve,HTTP/2.0,main,,200,,tls1.3,PGR_Resolve,,
http_req_sending,1787520460,0.073901,,,,true,,POST,PGR_Resolve,HTTP/2.0,main,,200,,tls1.3,PGR_Resolve,,
http_req_waiting,1787520460,374.745510,,,,true,,POST,PGR_Resolve,HTTP/2.0,main,,200,,tls1.3,PGR_Resolve,,
http_req_receiving,1787520460,0.056287,,,,true,,POST,PGR_Resolve,HTTP/2.0,main,,200,,tls1.3,PGR_Resolve,,
http_req_failed,1787520460,0.000000,,,,true,,POST,PGR_Resolve,HTTP/2.0,main,,200,,tls1.3,PGR_Resolve,,
vus,1787520461,1.000000,,,,,,,,,,,,,,,,
vus_max,1787520461,2.000000,,,,,,,,,,,,,,,,
vus,1787520462,1.000000,,,,,,,,,,,,,,,,
vus_max,1787520462,2.000000,,,,,,,,,,,,,,,,
vus,1787520463,1.000000,,,,,,,,,,,,,,,,
vus_max,1787520463,2.000000,,,,,,,,,,,,,,,,
http_reqs,1787520463,1.000000,,,,true,,POST,PGR_Search,HTTP/2.0,main,,200,,tls1.3,PGR_Search,,
http_req_duration,1787520463,356.917272,,,,true,,POST,PGR_Search,HTTP/2.0,main,,200,,tls1.3,PGR_Search,,
http_req_blocked,1787520463,0.000241,,,,true,,POST,PGR_Search,HTTP/2.0,main,,200,,tls1.3,PGR_Search,,
http_req_connecting,1787520463,0.000000,,,,true,,POST,PGR_Search,HTTP/2.0,main,,200,,tls1.3,PGR_Search,,
http_req_tls_handshaking,1787520463,0.000000,,,,true,,POST,PGR_Search,HTTP/2.0,main,,200,,tls1.3,PGR_Search,,
http_req_sending,1787520463,0.090191,,,,true,,POST,PGR_Search,HTTP/2.0,main,,200,,tls1.3,PGR_Search,,
http_req_waiting,1787520463,355.792350,,,,true,,POST,PGR_Search,HTTP/2.0,main,,200,,tls1.3,PGR_Search,,
http_req_receiving,1787520463,1.034731,,,,true,,POST,PGR_Search,HTTP/2.0,main,,200,,tls1.3,PGR_Search,,
http_req_failed,1787520463,0.000000,,,,true,,POST,PGR_Search,HTTP/2.0,main,,200,,tls1.3,PGR_Search,,
transaction_duration,1787520463,11799.000000,,,,,,,,,main,,,,,,,
transaction_success,1787520463,1.000000,,,,,,,,,main,,,,,,,
data_sent,1787520463,14357.000000,,,,,,,,,main,,,,,,,
data_received,1787520463,18677.000000,,,,,,,,,main,,,,,,,
iteration_duration,1787520463,11799.652744,,,,,,,,,main,,,,,,,
iterations,1787520463,1.000000,,,,,,,,,main,,,,,,,
vus,1787520464,1.000000,,,,,,,,,,,,,,,,
vus_max,1787520464,2.000000,,,,,,,,,,,,,,,,
vus,1787520465,1.000000,,,,,,,,,,,,,,,,
vus_max,1787520465,2.000000,,,,,,,,,,,,,,,,
http_reqs,1787520465,1.000000,,,,true,,POST,PGR_Create,HTTP/2.0,main,,200,,tls1.3,PGR_Create,,
http_req_duration,1787520465,408.233509,,,,true,,POST,PGR_Create,HTTP/2.0,main,,200,,tls1.3,PGR_Create,,
http_req_blocked,1787520465,0.000370,,,,true,,POST,PGR_Create,HTTP/2.0,main,,200,,tls1.3,PGR_Create,,
http_req_connecting,1787520465,0.000000,,,,true,,POST,PGR_Create,HTTP/2.0,main,,200,,tls1.3,PGR_Create,,
http_req_tls_handshaking,1787520465,0.000000,,,,true,,POST,PGR_Create,HTTP/2.0,main,,200,,tls1.3,PGR_Create,,
http_req_sending,1787520465,0.071166,,,,true,,POST,PGR_Create,HTTP/2.0,main,,200,,tls1.3,PGR_Create,,
http_req_waiting,1787520465,408.062322,,,,true,,POST,PGR_Create,HTTP/2.0,main,,200,,tls1.3,PGR_Create,,
http_req_receiving,1787520465,0.100021,,,,true,,POST,PGR_Create,HTTP/2.0,main,,200,,tls1.3,PGR_Create,,
http_req_failed,1787520465,0.000000,,,,true,,POST,PGR_Create,HTTP/2.0,main,,200,,tls1.3,PGR_Create,,
vus,1787520466,1.000000,,,,,,,,,,,,,,,,
vus_max,1787520466,2.000000,,,,,,,,,,,,,,,,
vus,1787520467,1.000000,,,,,,,,,,,,,,,,
vus_max,1787520467,2.000000,,,,,,,,,,,,,,,,
http_reqs,1787520467,1.000000,,,,true,,POST,PGR_Assign,HTTP/2.0,main,,200,,tls1.3,PGR_Assign,,
http_req_duration,1787520467,385.743932,,,,true,,POST,PGR_Assign,HTTP/2.0,main,,200,,tls1.3,PGR_Assign,,
http_req_blocked,1787520467,0.000461,,,,true,,POST,PGR_Assign,HTTP/2.0,main,,200,,tls1.3,PGR_Assign,,
http_req_connecting,1787520467,0.000000,,,,true,,POST,PGR_Assign,HTTP/2.0,main,,200,,tls1.3,PGR_Assign,,
http_req_tls_handshaking,1787520467,0.000000,,,,true,,POST,PGR_Assign,HTTP/2.0,main,,200,,tls1.3,PGR_Assign,,
http_req_sending,1787520467,0.083329,,,,true,,POST,PGR_Assign,HTTP/2.0,main,,200,,tls1.3,PGR_Assign,,
http_req_waiting,1787520467,385.587544,,,,true,,POST,PGR_Assign,HTTP/2.0,main,,200,,tls1.3,PGR_Assign,,
http_req_receiving,1787520467,0.073059,,,,true,,POST,PGR_Assign,HTTP/2.0,main,,200,,tls1.3,PGR_Assign,,
http_req_failed,1787520467,0.000000,,,,true,,POST,PGR_Assign,HTTP/2.0,main,,200,,tls1.3,PGR_Assign,,
vus,1787520468,1.000000,,,,,,,,,,,,,,,,
vus_max,1787520468,2.000000,,,,,,,,,,,,,,,,
vus,1787520469,1.000000,,,,,,,,,,,,,,,,
vus_max,1787520469,2.000000,,,,,,,,,,,,,,,,
http_reqs,1787520470,1.000000,,,,true,,POST,PGR_Resolve,HTTP/2.0,main,,200,,tls1.3,PGR_Resolve,,
http_req_duration,1787520470,408.040304,,,,true,,POST,PGR_Resolve,HTTP/2.0,main,,200,,tls1.3,PGR_Resolve,,
http_req_blocked,1787520470,0.000431,,,,true,,POST,PGR_Resolve,HTTP/2.0,main,,200,,tls1.3,PGR_Resolve,,
http_req_connecting,1787520470,0.000000,,,,true,,POST,PGR_Resolve,HTTP/2.0,main,,200,,tls1.3,PGR_Resolve,,
http_req_tls_handshaking,1787520470,0.000000,,,,true,,POST,PGR_Resolve,HTTP/2.0,main,,200,,tls1.3,PGR_Resolve,,
http_req_sending,1787520470,0.095793,,,,true,,POST,PGR_Resolve,HTTP/2.0,main,,200,,tls1.3,PGR_Resolve,,
http_req_waiting,1787520470,407.858477,,,,true,,POST,PGR_Resolve,HTTP/2.0,main,,200,,tls1.3,PGR_Resolve,,
http_req_receiving,1787520470,0.086034,,,,true,,POST,PGR_Resolve,HTTP/2.0,main,,200,,tls1.3,PGR_Resolve,,
http_req_failed,1787520470,0.000000,,,,true,,POST,PGR_Resolve,HTTP/2.0,main,,200,,tls1.3,PGR_Resolve,,
vus,1787520470,1.000000,,,,,,,,,,,,,,,,
vus_max,1787520470,2.000000,,,,,,,,,,,,,,,,
vus,1787520471,1.000000,,,,,,,,,,,,,,,,
vus_max,1787520471,2.000000,,,,,,,,,,,,,,,,
vus,1787520472,1.000000,,,,,,,,,,,,,,,,
vus_max,1787520472,2.000000,,,,,,,,,,,,,,,,
http_reqs,1787520472,1.000000,,,,true,,POST,PGR_Search,HTTP/2.0,main,,200,,tls1.3,PGR_Search,,
http_req_duration,1787520472,348.898679,,,,true,,POST,PGR_Search,HTTP/2.0,main,,200,,tls1.3,PGR_Search,,
http_req_blocked,1787520472,0.000611,,,,true,,POST,PGR_Search,HTTP/2.0,main,,200,,tls1.3,PGR_Search,,
http_req_connecting,1787520472,0.000000,,,,true,,POST,PGR_Search,HTTP/2.0,main,,200,,tls1.3,PGR_Search,,
http_req_tls_handshaking,1787520472,0.000000,,,,true,,POST,PGR_Search,HTTP/2.0,main,,200,,tls1.3,PGR_Search,,
http_req_sending,1787520472,0.099370,,,,true,,POST,PGR_Search,HTTP/2.0,main,,200,,tls1.3,PGR_Search,,
http_req_waiting,1787520472,348.748051,,,,true,,POST,PGR_Search,HTTP/2.0,main,,200,,tls1.3,PGR_Search,,
http_req_receiving,1787520472,0.051258,,,,true,,POST,PGR_Search,HTTP/2.0,main,,200,,tls1.3,PGR_Search,,
http_req_failed,1787520472,0.000000,,,,true,,POST,PGR_Search,HTTP/2.0,main,,200,,tls1.3,PGR_Search,,
transaction_duration,1787520472,9155.000000,,,,,,,,,main,,,,,,,
transaction_success,1787520472,1.000000,,,,,,,,,main,,,,,,,
data_sent,1787520472,14378.000000,,,,,,,,,main,,,,,,,
data_received,1787520472,18758.000000,,,,,,,,,main,,,,,,,
iteration_duration,1787520472,9154.796807,,,,,,,,,main,,,,,,,
iterations,1787520472,1.000000,,,,,,,,,main,,,,,,,
